CustomerID,FirstName,LastName,Gender,Email,Phone,Country,City,LoyaltyLevel,CustomerSince
1,Benjamin,Orozco,Female,iharris@example.org,91-8117306770,India,Kochi,Bronze,2019-06-11
2,Rodney,Wilson,Female,crocha@example.net,91-8806436844,India,Hyderabad,Bronze,2020-11-24
3,Michelle,Nelson,Other,rfuentes@example.com,+91-1210998226,India,Chennai,Platinum,2024-02-02
4,David,Collins,Other,shannonpowers@example.net,+91-1010333957,India,Bangalore,Gold,2015-06-12
5,Antonio,Merritt,Female,candicekim@example.net,+91-5225437323,India,Mysore,Silver,2022-05-13
6,James,Benson,Other,jennifer44@example.org,+91-3022612091,India,Bangalore,Gold,2021-10-01
7,Timothy,King,Other,ncaldwell@example.org,208.592.7562,Mexico,Tokyo,Silver,2022-06-21
8,Jessica,Smith,Male,markfox@example.org,+91-6270212447,India,Madurai,Bronze,2018-06-11
9,Jeffrey,Romero,Other,courtneyperry@example.com,+91-6446864559,India,Hyderabad,Bronze,2020-01-28
10,Michele,Mejia,Male,obrooks@example.com,001-875-527-5255x33020,Myanmar,Los Angeles,Silver,2016-12-18
11,Stephen,Gonzalez,Other,sullivannathan@example.net,(487)470-5920x308,Central African Republic,Singapore,Silver,2015-10-27
12,Eugene,Jones,Female,shelby89@example.com,+91-2924566510,India,Chennai,Gold,2024-06-01
13,Audrey,Hernandez,Female,danielsamanda@example.com,+91-1018239565,India,Coimbatore,Silver,2019-05-08
14,Jennifer,Griffith,Male,carrie03@example.com,+91-2637187264,India,Hyderabad,Gold,2017-12-20
15,Sean,Mitchell,Male,kmcclain@example.net,001-515-352-5286x47684,Peru,London,Bronze,2015-11-23
16,Janet,Kim,Male,shammond@example.net,(610)376-8090,Bahrain,Los Angeles,Silver,2020-08-22
17,Brady,Smith,Other,jamesdaniel@example.com,+91-495943148,India,Visakhapatnam,Bronze,2022-11-09
18,Marissa,Walker,Female,lzhang@example.net,+91-8589061994,India,Hyderabad,Gold,2021-12-02
19,Robert,Clayton,Male,johnsonanthony@example.net,+91-2300105379,India,Mysore,Bronze,2020-11-17
20,Catherine,Martin,Female,linda20@example.com,+91-1946998210,India,Bangalore,Gold,2021-05-08
21,Matthew,Pugh,Male,robertsmichael@example.net,+91-9473141099,India,Vijayawada,Bronze,2019-03-23
22,Sandra,Flores,Female,etaylor@example.org,+91-3953145004,India,Visakhapatnam,Silver,2024-01-28
23,Gabriel,Flores,Other,stephaniewhite@example.com,351-508-0724x468,Croatia,Toronto,Gold,2023-11-14
24,Sara,Brooks,Other,agray@example.net,+91-7379926520,India,Visakhapatnam,Platinum,2020-06-21
25,Michael,Perkins,Other,robert55@example.org,+91-8968222620,India,Coimbatore,Bronze,2023-07-27
26,Destiny,Marquez,Female,millermichael@example.com,+91-5295421570,India,Kochi,Bronze,2024-04-21
27,Timothy,Reynolds,Other,david22@example.net,+91-7825690277,India,Kochi,Bronze,2018-07-13
28,Robin,Bruce,Other,sydneymurphy@example.com,+91-6769317741,India,Thiruvananthapuram,Platinum,2024-09-12
29,Emily,Powell,Male,greyes@example.org,+91-2528465547,India,Kochi,Bronze,2020-04-28
30,Vincent,Rice,Other,mavila@example.org,+91-5485306139,India,Kochi,Bronze,2017-01-11
31,Jennifer,Marquez,Other,russojose@example.org,+91-9405282771,India,Chennai,Bronze,2018-09-28
32,Stephanie,Hunter,Female,williamsannette@example.net,+91-3711940058,India,Chennai,Bronze,2016-10-13
33,Ebony,Townsend,Female,mlove@example.com,+91-8217420399,India,Thiruvananthapuram,Platinum,2020-12-25
34,Charles,Hall,Male,sandersjamie@example.com,+91-5530158740,India,Mysore,Bronze,2024-04-20
35,Marcus,Harris,Male,mary63@example.org,+91-9232123044,India,Thiruvananthapuram,Gold,2021-09-18
36,Victoria,Dickson,Other,nicholas15@example.com,+91-7021595843,India,Kochi,Gold,2016-06-26
37,Angel,Yates,Other,matthew83@example.org,+91-73831863,India,Madurai,Silver,2020-07-31
38,Jack,Powell,Other,emitchell@example.com,+91-1442764059,India,Hyderabad,Bronze,2015-09-29
39,Nicole,Gibson,Other,vincent85@example.com,+91-2087598078,India,Bangalore,Bronze,2022-02-16
40,Kathy,Rich,Other,mariajones@example.net,+91-7929295725,India,Coimbatore,Bronze,2024-03-06
41,Kurt,Kaiser,Female,rojasmary@example.com,+91-5414221886,India,Chennai,Gold,2024-08-07
42,Lori,Chaney,Male,david68@example.org,+91-5260662320,India,Thiruvananthapuram,Bronze,2020-11-23
43,Luis,Duncan,Female,tcollins@example.net,+91-6280720873,India,Bangalore,Bronze,2020-05-05
44,Sandra,Rogers,Male,cmills@example.net,+91-5805118448,India,Hyderabad,Bronze,2019-08-31
45,Richard,Miles,Male,nathanramos@example.net,+91-2287326731,India,Visakhapatnam,Gold,2020-12-26
46,Jeff,Schroeder,Other,henryhickman@example.org,+91-197166328,India,Vijayawada,Bronze,2016-06-30
47,Andrea,Adams,Female,kaitlin95@example.net,+91-2006960797,India,Mysore,Gold,2021-02-20
48,Andrea,Yates,Female,lisa48@example.com,+91-2042310753,India,Bangalore,Bronze,2018-07-27
49,Randy,Gonzalez,Other,carlos19@example.com,+91-9345766320,India,Vijayawada,Gold,2017-04-08
50,Christopher,Hudson,Female,scottharper@example.net,6956372482,Liechtenstein,London,Bronze,2017-03-20
51,Sherri,Scott,Female,mcguireandrew@example.org,+91-4768436876,India,Visakhapatnam,Bronze,2015-09-02
52,Cory,Carter,Other,johnsonrobert@example.net,+91-6355824264,India,Hyderabad,Bronze,2025-02-28
53,Kayla,Ramirez,Female,marvinsalinas@example.com,+91-4461092493,India,Bangalore,Platinum,2017-11-20
54,Stephen,Thomas,Male,stephaniebarron@example.net,001-720-847-4248,Norway,Berlin,Bronze,2021-11-19
55,Steven,Williams,Other,kmcguire@example.com,+91-6626188323,India,Kochi,Bronze,2018-08-21
56,Connor,Perez,Female,davisjeffrey@example.com,+91-9297038191,India,Coimbatore,Platinum,2019-01-26
57,Julie,Stevens,Other,nbush@example.org,+91-9464564676,India,Visakhapatnam,Bronze,2021-11-21
58,Carolyn,Smith,Male,yanderson@example.com,001-912-925-9438,Kuwait,Singapore,Gold,2017-06-09
59,Nicholas,Campbell,Other,lisa69@example.org,+91-8986260769,India,Visakhapatnam,Silver,2015-11-22
60,Sandra,Miller,Other,meyerkevin@example.com,+91-1111996577,India,Bangalore,Bronze,2016-09-29
61,Gregg,Hicks,Male,mcconnelljared@example.net,+91-4410612085,India,Vijayawada,Platinum,2023-03-14
62,Michael,Whitaker,Female,sarah47@example.com,+91-6954660335,India,Kochi,Silver,2018-05-25
63,Erica,Roy,Female,jacksonpeter@example.com,6713267026,China,London,Bronze,2023-05-12
64,Brian,Young,Female,codyanderson@example.org,+91-6673699916,India,Bangalore,Bronze,2019-09-13
65,Adam,Gross,Female,tommybaker@example.com,352-611-3948x221,Slovenia,London,Bronze,2017-09-23
66,Jonathan,Jones,Male,aaronpratt@example.net,+1-657-326-6217x81284,Bouvet Island (Bouvetoya),Los Angeles,Bronze,2020-05-27
67,Derrick,Lowery,Female,fgibbs@example.org,+91-2230832327,India,Coimbatore,Silver,2016-09-03
68,Ryan,Chang,Male,william71@example.org,581.804.3402,Liechtenstein,New York,Silver,2016-10-25
69,Donna,Olson,Male,rsimpson@example.com,+91-9611767828,India,Vijayawada,Silver,2016-11-09
70,Jason,Ellison,Other,vbailey@example.org,+91-4503911927,India,Chennai,Platinum,2024-09-02
71,Joshua,Beck,Female,brenda41@example.net,+91-4993345225,India,Bangalore,Bronze,2017-11-07
72,Nancy,Davis,Male,angelica52@example.com,+91-2640595996,India,Madurai,Silver,2020-08-01
73,Thomas,Johnson,Other,brittanysharp@example.org,+91-947371286,India,Thiruvananthapuram,Gold,2023-12-16
74,Sean,Wolf,Other,adriana34@example.net,001-896-392-9013x114,Nepal,Paris,Silver,2023-03-03
75,Michelle,Stevens,Female,rscott@example.com,(884)368-8054,Guyana,Berlin,Silver,2019-12-20
76,Carl,Solomon,Female,mcconnelljustin@example.com,+91-6562571520,India,Vijayawada,Platinum,2023-04-02
77,Daniel,Allen,Male,kevin88@example.net,+1-818-662-4258x68772,Svalbard & Jan Mayen Islands,Dubai,Gold,2023-12-04
78,Sherry,Ramirez,Male,alvareznathaniel@example.net,+91-6991813117,India,Madurai,Bronze,2018-12-31
79,Jessica,Gomez,Other,qsanchez@example.com,+91-4211161331,India,Kochi,Silver,2019-07-31
80,Pamela,Johnson,Other,jesse95@example.org,+91-9325537830,India,Chennai,Bronze,2024-11-18
81,James,Sanchez,Female,collinsgina@example.org,+91-421494377,India,Thiruvananthapuram,Gold,2018-10-07
82,Henry,Hebert,Male,wwilliams@example.net,(743)421-3574,Greenland,Sydney,Bronze,2019-01-30
83,Elizabeth,Ballard,Female,glawson@example.net,2365072001,French Southern Territories,Los Angeles,Silver,2024-03-21
84,Matthew,Davila,Male,xrodriguez@example.com,+91-8559984759,India,Madurai,Bronze,2024-12-30
85,Michelle,Wilson,Other,kevinwarren@example.net,+1-989-705-1184x758,Senegal,Dubai,Gold,2018-04-26
86,Caleb,Thompson,Female,pamelahernandez@example.net,+91-2282762160,India,Vijayawada,Platinum,2021-08-17
87,Melanie,Chen,Other,bryan23@example.org,+91-4613269138,India,Chennai,Gold,2024-07-07
88,Erik,Gonzalez,Female,hstephens@example.com,+91-9175051621,India,Madurai,Gold,2019-08-26
89,Heather,Hunt,Other,campbellmichael@example.net,4806678061,Puerto Rico,Singapore,Bronze,2024-07-01
90,Andrea,Willis,Other,sfields@example.net,+91-9256030502,India,Madurai,Gold,2016-02-05
91,Tonya,Clayton,Male,taylorantonio@example.com,+91-8977293575,India,Vijayawada,Gold,2016-01-16
92,Edwin,Wilson,Other,tylerkaufman@example.com,+91-2157782558,India,Coimbatore,Bronze,2018-03-21
93,Darrell,Sheppard,Other,laurenrose@example.net,348-601-5528x82821,United Kingdom,Berlin,Silver,2024-07-03
94,Deborah,Matthews,Other,garciaanthony@example.org,001-212-995-8726,Serbia,Berlin,Gold,2021-02-01
95,John,Brown,Female,cynthiaking@example.com,+91-6590484559,India,Hyderabad,Silver,2021-10-15
96,Brian,Woodard,Female,youngmichael@example.com,+91-6040392811,India,Hyderabad,Silver,2023-10-05
97,Curtis,Larsen,Other,stacywhitney@example.net,6028907129,British Virgin Islands,Dubai,Silver,2020-09-04
98,Joshua,Daniel,Female,bakerjoseph@example.net,+91-6402397158,India,Coimbatore,Bronze,2019-11-23
99,Andrew,Taylor,Other,kimberlyweber@example.net,+1-264-434-5962,Bahamas,Berlin,Bronze,2022-05-31
100,Nicolas,Day,Female,howardfrederick@example.net,+91-1391679006,India,Madurai,Bronze,2023-05-05
101,Keith,Flores,Other,meganhenry@example.com,+91-7479552715,India,Bangalore,Silver,2023-01-13
102,Jonathan,Lopez,Other,daniel06@example.com,+91-6982759432,India,Coimbatore,Silver,2020-03-11
103,Jillian,Goodman,Other,jacksonshawn@example.net,+91-7167686156,India,Hyderabad,Platinum,2015-05-07
104,Jo,Lynch,Male,jacksonjennifer@example.com,+91-8110514228,India,Chennai,Bronze,2017-12-05
105,Heather,Williams,Female,gallegosbill@example.com,+91-4012589906,India,Bangalore,Bronze,2017-02-09
106,Scott,Webb,Other,bennettannette@example.com,+91-6301351117,India,Mysore,Bronze,2018-04-10
107,Laura,Ellis,Other,andreahamilton@example.org,+91-1799993123,India,Coimbatore,Silver,2024-07-17
108,Rhonda,Herring,Other,ashleybrewer@example.net,684.376.0964x723,Kenya,Paris,Silver,2023-10-08
109,Jessica,Hinton,Other,tonya35@example.com,+91-9931243089,India,Bangalore,Gold,2022-11-25
110,Christine,Huang,Female,alyssa17@example.net,(822)414-1726x90493,Niger,Los Angeles,Bronze,2022-02-26
111,Timothy,Bray,Other,darlene76@example.net,(294)983-2625x461,Syrian Arab Republic,Toronto,Silver,2024-07-27
112,Katie,Christensen,Female,danielcabrera@example.com,+91-452080565,India,Vijayawada,Gold,2018-10-28
113,Cindy,Lowe,Other,allentamara@example.org,+91-4003752596,India,Coimbatore,Gold,2019-04-29
114,Cynthia,Dunn,Other,changkaren@example.com,2094965652,Brazil,Paris,Silver,2022-07-05
115,Holly,Huerta,Female,travis07@example.com,+91-3412469933,India,Thiruvananthapuram,Bronze,2015-07-21
116,Kathleen,Walker,Male,murraythomas@example.net,+91-3289318333,India,Hyderabad,Silver,2016-09-10
117,Michelle,Miller,Other,christinearnold@example.net,+91-1696226383,India,Kochi,Silver,2017-05-10
118,Gregory,Leon,Female,sharpdave@example.net,259-681-4905x98251,Germany,Los Angeles,Silver,2024-08-22
119,Glenn,Bradshaw,Other,lesliehowell@example.net,+91-3344171314,India,Visakhapatnam,Bronze,2021-12-06
120,Rebekah,Rodriguez,Male,sjohnson@example.net,+91-4666789370,India,Bangalore,Bronze,2023-03-04
121,William,Hernandez,Male,michellerobinson@example.net,+91-7135382984,India,Bangalore,Bronze,2019-09-08
122,Richard,Cooper,Male,kblanchard@example.org,+91-243352207,India,Thiruvananthapuram,Platinum,2018-03-01
123,Karl,Munoz,Male,bridgesmaria@example.com,222.687.1179,Equatorial Guinea,Sydney,Silver,2020-08-05
124,Cody,Bryant,Female,andrea11@example.net,+91-6544182625,India,Chennai,Gold,2018-08-19
125,Lisa,Castillo,Male,brian00@example.net,+91-7857004815,India,Chennai,Silver,2016-03-20
126,Jeremy,Benson,Female,stephaniefowler@example.com,733-817-7834x501,Russian Federation,Paris,Gold,2017-08-05
127,Patrick,Cummings,Other,monica65@example.org,+91-7679376629,India,Thiruvananthapuram,Gold,2022-08-06
128,Bryan,Jenkins,Female,jeffmorgan@example.com,+91-8961098824,India,Vijayawada,Bronze,2017-03-12
129,Richard,Nguyen,Male,edwardhorton@example.net,+91-6442621518,India,Vijayawada,Bronze,2022-01-03
130,Ryan,Price,Female,harrisjason@example.org,+91-8626612668,India,Vijayawada,Silver,2019-12-25
131,Lisa,Brown,Other,mleon@example.org,+91-4210783651,India,Kochi,Silver,2016-05-22
132,Brian,Anderson,Female,hcalderon@example.com,+91-1996310446,India,Chennai,Bronze,2020-02-03
133,Laura,Salas,Male,ityler@example.org,+91-275176794,India,Bangalore,Silver,2015-12-27
134,Timothy,Smith,Female,yparsons@example.net,+91-3591789769,India,Coimbatore,Bronze,2022-07-08
135,Joshua,Soto,Male,pateltonya@example.net,+91-1943456729,India,Hyderabad,Silver,2022-09-27
136,Benjamin,Oliver,Male,pgoodman@example.com,+91-4287063167,India,Bangalore,Silver,2020-08-09
137,Jessica,Robinson,Other,jeffbarnes@example.net,+91-4966356818,India,Bangalore,Platinum,2018-09-21
138,Martha,Johnson,Female,christyboone@example.com,+91-7019343348,India,Thiruvananthapuram,Bronze,2015-05-16
139,Shannon,Flowers,Female,lharrell@example.org,+91-4388079426,India,Hyderabad,Platinum,2017-08-29
140,Donald,Harrison,Other,ycarter@example.net,+91-8936351873,India,Thiruvananthapuram,Bronze,2024-01-31
141,Jacob,Price,Male,austinrobert@example.org,+91-8418645187,India,Bangalore,Silver,2022-10-19
142,Michael,Martin,Other,hughesbrent@example.net,+91-5337915718,India,Hyderabad,Gold,2019-01-16
143,Edwin,Taylor,Other,websternicole@example.net,+91-4783228094,India,Visakhapatnam,Gold,2018-02-17
144,Sheri,Cortez,Male,lindalawson@example.com,+91-8384144296,India,Kochi,Bronze,2016-04-27
145,Michelle,Estrada,Male,peter27@example.org,+91-8682889705,India,Thiruvananthapuram,Silver,2021-08-19
146,Donald,Kramer,Male,annalowe@example.com,+91-1452353574,India,Kochi,Silver,2025-04-10
147,Samantha,Stone,Male,bdavidson@example.org,+91-4190536973,India,Madurai,Silver,2016-01-06
148,Shannon,Young,Other,karen10@example.net,+91-348252238,India,Hyderabad,Bronze,2021-08-01
149,Dale,Nguyen,Other,bjimenez@example.net,+91-772308047,India,Mysore,Gold,2020-06-02
150,Joel,Morris,Male,garysmith@example.com,784-560-8725x494,British Indian Ocean Territory (Chagos Archipelago),Berlin,Bronze,2015-06-12
151,Seth,Cox,Male,lhernandez@example.com,+91-9930277411,India,Madurai,Bronze,2023-11-10
152,Alan,Murray,Other,johnsonbrent@example.net,+91-7669439614,India,Thiruvananthapuram,Gold,2022-02-17
153,Samuel,Burch,Other,fanderson@example.org,+91-8120507728,India,Kochi,Bronze,2017-02-27
154,Derek,Smith,Male,clarkjennifer@example.com,+91-5922234665,India,Chennai,Silver,2024-08-16
155,Todd,Moody,Other,richardbrennan@example.org,+91-7999224324,India,Hyderabad,Silver,2023-11-29
156,Courtney,Johnson,Male,mistymahoney@example.com,357.340.2289x8752,Albania,Paris,Gold,2024-11-08
157,Jennifer,Lawson,Male,tracilam@example.net,+91-327208689,India,Bangalore,Bronze,2025-01-22
158,Danielle,Thomas,Other,josephrogers@example.net,+91-7657964777,India,Visakhapatnam,Silver,2024-05-26
159,Cameron,Jimenez,Female,johnsonanthony@example.com,+91-1712181920,India,Kochi,Gold,2020-03-14
160,Michelle,Robles,Female,ismith@example.net,688-805-3239x99826,Lesotho,Tokyo,Gold,2021-09-25
161,Carlos,Baker,Other,renee24@example.net,+91-6479054859,India,Vijayawada,Silver,2021-12-16
162,Jonathan,Miller,Female,daniel08@example.com,+91-1276030446,India,Mysore,Bronze,2024-03-19
163,Denise,Rose,Female,callahankyle@example.net,+91-2939373615,India,Chennai,Bronze,2024-12-01
164,Bethany,Rangel,Other,nsnyder@example.net,+91-1994296529,India,Chennai,Silver,2017-09-03
165,Monica,Boyer,Other,scott55@example.com,(531)803-5148,Swaziland,London,Gold,2024-06-15
166,Alexander,Nicholson,Other,murphylisa@example.org,551-799-8570x149,Saint Kitts and Nevis,Toronto,Silver,2016-03-20
167,Jonathan,Williams,Other,markholt@example.net,+91-4016586646,India,Madurai,Silver,2024-08-10
168,Erin,Mendoza,Other,greensamantha@example.org,+91-7810569045,India,Hyderabad,Silver,2016-12-27
169,Jasmine,Sullivan,Female,davilascott@example.com,+91-159489039,India,Coimbatore,Gold,2023-04-27
170,Jeremy,Smith,Female,toni27@example.net,+91-7431026457,India,Thiruvananthapuram,Bronze,2017-01-19
171,Desiree,Medina,Other,cooperheather@example.com,+91-2857701753,India,Thiruvananthapuram,Gold,2016-11-05
172,David,Sanders,Male,cristinajordan@example.net,+91-6608465010,India,Thiruvananthapuram,Bronze,2017-03-20
173,Kristopher,Wong,Female,parkerbrian@example.com,+91-5802749415,India,Chennai,Bronze,2015-05-13
174,Craig,Fox,Male,amber98@example.net,+91-9300930489,India,Thiruvananthapuram,Gold,2020-03-15
175,John,Young,Male,whiteanne@example.com,+91-1430077441,India,Kochi,Gold,2022-03-09
176,Diana,Anderson,Male,james37@example.org,+91-2842108354,India,Mysore,Bronze,2015-05-10
177,Nicholas,Roberts,Other,floresmary@example.net,+91-2830581180,India,Madurai,Platinum,2016-11-10
178,Paul,Johnson,Other,lyates@example.net,+91-1793957016,India,Thiruvananthapuram,Bronze,2016-06-18
179,Mike,Wang,Other,longmarie@example.com,+91-5478427159,India,Hyderabad,Bronze,2017-11-22
180,Angela,Clark,Female,osmith@example.org,+91-4155471565,India,Thiruvananthapuram,Gold,2024-01-01
181,Christopher,Cunningham,Male,erodriguez@example.net,+91-274273463,India,Thiruvananthapuram,Silver,2017-11-12
182,Bryan,Williams,Female,richardfernandez@example.org,+91-4980520721,India,Vijayawada,Bronze,2015-07-24
183,Jared,Roberts,Female,bthomas@example.net,+91-9830237451,India,Kochi,Gold,2017-12-26
184,Brian,Dixon,Female,tonybaker@example.org,+91-9084095104,India,Hyderabad,Gold,2025-01-17
185,Erin,Smith,Male,hellis@example.net,+91-1871234957,India,Visakhapatnam,Silver,2020-05-18
186,Adam,Barker,Other,dominic94@example.org,+91-1674321282,India,Vijayawada,Silver,2024-08-08
187,Joshua,Richards,Female,ustanley@example.org,+91-1732824436,India,Bangalore,Platinum,2018-12-20
188,April,Wood,Male,sbean@example.com,+91-2572777747,India,Coimbatore,Gold,2024-07-29
189,Sandra,Floyd,Other,sotodebra@example.com,+91-3933191718,India,Mysore,Bronze,2018-05-28
190,Ashley,Lee,Female,nicholskelli@example.net,+1-932-410-8256x4933,Faroe Islands,Dubai,Bronze,2025-01-30
191,Rodney,Gaines,Female,sarahjones@example.com,+91-9703125799,India,Mysore,Silver,2023-07-21
192,Bruce,Chandler,Female,shane22@example.org,+91-2977182779,India,Visakhapatnam,Platinum,2018-01-30
193,Javier,Miller,Other,jeffery21@example.net,362-443-7461x8351,Iceland,Singapore,Bronze,2023-08-12
194,Carol,Jenkins,Other,turnermartin@example.net,+91-2815293673,India,Kochi,Silver,2023-11-04
195,Brittany,Gibson,Female,jimenezmark@example.net,+91-9864126499,India,Mysore,Silver,2020-05-13
196,Steven,Hinton,Female,tranheather@example.org,+91-6427311058,India,Chennai,Gold,2016-11-18
197,Amber,Kim,Female,westerin@example.net,+91-5734897610,India,Visakhapatnam,Bronze,2022-08-13
198,James,Rich,Male,gfarmer@example.net,(701)840-4146x71619,Cyprus,London,Gold,2017-09-14
199,Cindy,Farmer,Female,wchambers@example.org,+91-1939960876,India,Thiruvananthapuram,Bronze,2021-10-14
200,Melissa,Holden,Female,ccolon@example.com,001-581-923-1613x219,Kuwait,Dubai,Silver,2023-02-03
201,Jamie,Nelson,Other,jasmine23@example.org,+91-4116407153,India,Chennai,Bronze,2021-08-17
202,Paul,Davies,Male,beardjames@example.com,(628)618-0239x75398,San Marino,Los Angeles,Bronze,2023-06-12
203,Joseph,Reid,Male,manndavid@example.org,+91-732698151,India,Thiruvananthapuram,Bronze,2023-10-18
204,Jeffrey,Young,Female,tracy81@example.net,+91-5451354031,India,Bangalore,Silver,2019-08-04
205,Debra,Ramos,Other,anthony33@example.org,(261)936-6870x9273,Australia,Toronto,Silver,2023-07-03
206,Philip,Anthony,Other,afloyd@example.com,+91-3641693068,India,Madurai,Gold,2017-02-19
207,Steven,Schwartz,Female,amyhouse@example.com,209-206-5466,Peru,London,Silver,2023-10-21
208,Ricky,Boyer,Male,kevindaniels@example.com,(883)943-5885x349,Uzbekistan,Paris,Bronze,2017-01-14
209,William,Wilson,Other,sydneylandry@example.net,+91-5833471533,India,Thiruvananthapuram,Silver,2019-05-22
210,Brandon,Paul,Other,larrycole@example.org,819.608.6679x195,Philippines,Dubai,Bronze,2020-01-10
211,Marcus,Harding,Female,fdavila@example.org,+91-6893621132,India,Thiruvananthapuram,Silver,2024-04-24
212,Michelle,Fox,Male,bdelgado@example.com,+91-620571751,India,Kochi,Bronze,2018-01-10
213,Felicia,Duffy,Female,taylorjessica@example.com,+91-7745521912,India,Visakhapatnam,Silver,2016-02-20
214,George,Mcintyre,Female,sgross@example.com,+91-4140346407,India,Mysore,Silver,2024-11-23
215,Nicholas,Jones,Male,gregory14@example.org,+91-6487721186,India,Kochi,Platinum,2023-06-02
216,Teresa,Mejia,Male,jonesjohn@example.net,+91-5561639455,India,Bangalore,Silver,2019-11-29
217,Harold,Mcknight,Male,robertrodriguez@example.org,+91-9526300592,India,Mysore,Silver,2018-01-05
218,John,Walker,Other,carolyn11@example.net,844.436.8624x6540,New Zealand,Los Angeles,Silver,2018-01-17
219,Lisa,Wong,Other,lhicks@example.com,894.663.6152x5873,Fiji,Tokyo,Gold,2017-01-04
220,Joanna,Wiley,Female,jmiller@example.net,+91-8150653387,India,Coimbatore,Bronze,2022-02-10
221,Charles,Ray,Female,emily57@example.net,+91-8082645438,India,Hyderabad,Bronze,2021-06-05
222,Sandra,Douglas,Male,collinssamantha@example.net,+91-9942158101,India,Coimbatore,Gold,2018-02-22
223,Jennifer,Murray,Female,joshuabeard@example.net,+91-1165315994,India,Bangalore,Gold,2015-10-13
224,Mark,Nichols,Male,vhall@example.org,+91-2275756904,India,Madurai,Silver,2019-08-03
225,Susan,Rivas,Other,powelldavid@example.com,+91-2352374041,India,Vijayawada,Gold,2017-07-27
226,Jeanette,James,Male,tomduncan@example.com,+91-1537907896,India,Visakhapatnam,Bronze,2020-01-10
227,Stephen,Foster,Female,mccannbreanna@example.org,+91-6354594830,India,Madurai,Silver,2016-05-15
228,Lindsey,Ford,Male,millsdebbie@example.com,+91-5591287826,India,Madurai,Platinum,2017-02-16
229,Melinda,Bell,Male,blairrobert@example.net,+91-9175191910,India,Mysore,Gold,2023-01-23
230,Ryan,Henderson,Female,hpeterson@example.org,+91-5072745359,India,Vijayawada,Silver,2016-09-07
231,Carol,Lutz,Female,mallory72@example.com,+91-262385701,India,Coimbatore,Platinum,2023-03-10
232,Bradley,Mccullough,Male,jeremyjones@example.net,(646)212-6058x1104,Morocco,Sydney,Gold,2020-03-20
233,Heather,Stephens,Other,nanderson@example.net,+91-1318448351,India,Kochi,Bronze,2018-08-28
234,Samantha,Romero,Female,jordan39@example.org,+91-3833897451,India,Coimbatore,Gold,2022-11-26
235,Steven,Mcintosh,Male,amy26@example.net,+91-7905864768,India,Vijayawada,Bronze,2015-05-06
236,Alejandro,Kelley,Female,charles94@example.net,4074947383,North Macedonia,Toronto,Gold,2019-01-16
237,Megan,Mosley,Other,sharongreen@example.net,+91-3335003285,India,Visakhapatnam,Silver,2016-07-02
238,Krystal,Richards,Male,rogerbrown@example.com,2793509619,Macao,Tokyo,Gold,2019-08-20
239,Curtis,White,Male,jerryrichards@example.net,+91-6299926375,India,Bangalore,Silver,2025-01-30
240,Diamond,Werner,Other,kathy17@example.org,+91-2944890402,India,Coimbatore,Gold,2024-07-14
241,Jennifer,Simmons,Other,lzhang@example.org,+1-369-643-5355,Singapore,Paris,Silver,2023-05-29
242,Allen,Lee,Male,alyssa20@example.com,+91-9033958115,India,Mysore,Gold,2018-07-30
243,Holly,Lee,Male,kennethdeleon@example.org,+91-7700011543,India,Coimbatore,Silver,2023-05-08
244,Kristina,Roberts,Other,abrown@example.com,+91-7169664810,India,Chennai,Bronze,2022-06-25
245,Benjamin,Riley,Female,xibarra@example.com,+1-452-689-8580,Equatorial Guinea,Dubai,Bronze,2019-05-21
246,Pamela,Palmer,Other,christopher10@example.net,294.866.7614x2560,Saint Lucia,Dubai,Silver,2017-04-12
247,Candace,Hess,Male,apeterson@example.net,+91-263048331,India,Madurai,Gold,2020-11-24
248,Nicholas,Holt,Male,ashley54@example.org,+91-2663542065,India,Madurai,Silver,2021-08-28
249,Melissa,Martinez,Female,cynthia27@example.net,860-284-1377x702,Armenia,Toronto,Bronze,2023-02-21
250,Susan,Turner,Male,lisa16@example.net,+91-5643753842,India,Vijayawada,Silver,2021-09-01
251,John,Reed,Female,swilliams@example.com,834-370-7679,Guatemala,Paris,Bronze,2023-09-11
252,Matthew,Reynolds,Male,cruzdavid@example.org,+91-4343271078,India,Mysore,Bronze,2022-11-24
253,Jeremy,Stephens,Male,gholland@example.net,+91-403962283,India,Thiruvananthapuram,Platinum,2017-06-25
254,Ronnie,Lee,Female,uleonard@example.net,+91-7001964021,India,Madurai,Bronze,2022-08-09
255,Valerie,Pham,Female,kari81@example.com,+91-8466902596,India,Chennai,Silver,2025-03-11
256,Julie,Jackson,Female,bmartinez@example.net,+91-9424627694,India,Chennai,Bronze,2016-08-05
257,Kelly,Murphy,Male,butlerjamie@example.com,+91-2389925276,India,Visakhapatnam,Silver,2024-11-04
258,Stephanie,Tucker,Other,griffinlisa@example.net,+91-7753752543,India,Coimbatore,Silver,2022-07-15
259,Caleb,Moore,Other,joseph83@example.org,+91-7302509739,India,Coimbatore,Bronze,2018-01-05
260,Jacob,Nelson,Male,justinmurray@example.com,+91-9550175157,India,Kochi,Platinum,2022-04-21
261,Kelly,Vega,Other,fbarr@example.net,333.450.6905x45760,Antigua and Barbuda,Sydney,Silver,2015-10-09
262,Samantha,Phelps,Other,thompsonbradley@example.com,+1-212-922-0694x454,Liechtenstein,New York,Silver,2019-09-20
263,Kyle,Wallace,Male,burnsmichelle@example.org,(367)754-6065,Malta,London,Gold,2017-03-30
264,Leslie,Braun,Female,burgesscrystal@example.com,+91-7332636930,India,Hyderabad,Bronze,2022-04-20
265,Amy,Woods,Female,reededward@example.org,+91-7104752958,India,Mysore,Silver,2022-11-06
266,Nathan,Smith,Other,melissa87@example.org,+91-9075428062,India,Visakhapatnam,Bronze,2015-12-19
267,Joshua,Baldwin,Male,egross@example.com,+91-7875704617,India,Hyderabad,Gold,2024-10-01
268,Christopher,Long,Female,jmoyer@example.org,+91-9463771458,India,Visakhapatnam,Silver,2021-08-18
269,Alexander,Wilson,Female,evelynstephens@example.net,+91-863630960,India,Coimbatore,Bronze,2017-02-01
270,Renee,Hill,Male,ypineda@example.com,+91-627880000,India,Thiruvananthapuram,Silver,2022-10-11
271,Bobby,Valenzuela,Other,fcamacho@example.net,+91-5102891356,India,Hyderabad,Bronze,2020-11-28
272,Natasha,Reynolds,Male,johnhughes@example.net,7984595659,Turkmenistan,Berlin,Bronze,2020-07-05
273,Michael,Martin,Other,susanhanna@example.org,+91-6691596458,India,Mysore,Gold,2024-09-15
274,Olivia,Clark,Other,charleshiggins@example.net,+91-1196473002,India,Chennai,Gold,2022-09-13
275,Larry,Curry,Female,lisajohnson@example.com,+91-7016522101,India,Vijayawada,Platinum,2018-12-14
276,Bethany,Gonzalez,Female,johnsonchristopher@example.net,(791)327-8867,Heard Island and McDonald Islands,Paris,Gold,2019-11-07
277,Lisa,Brooks,Female,saradavis@example.net,+91-2400327899,India,Vijayawada,Silver,2024-03-11
278,Jesus,Dunn,Male,frederickkerr@example.net,+91-778079642,India,Hyderabad,Bronze,2020-12-26
279,Joseph,Fitzgerald,Female,ryoung@example.net,+91-648711525,India,Hyderabad,Bronze,2021-10-31
280,James,Johns,Female,hollyjackson@example.org,+91-7571359523,India,Madurai,Platinum,2018-07-03
281,Shelby,Mahoney,Male,riveraraymond@example.com,+91-69231318,India,Coimbatore,Gold,2018-09-14
282,Jodi,Gibson,Female,abenton@example.net,+91-1583261234,India,Madurai,Platinum,2017-07-02
283,Mikayla,Gibson,Female,bradley05@example.com,+91-3935960851,India,Kochi,Bronze,2020-02-04
284,Kimberly,Miller,Female,wilsonaaron@example.com,2829455183,Benin,Tokyo,Bronze,2022-03-10
285,Tina,Dixon,Female,mcook@example.com,2073959980,Germany,Los Angeles,Gold,2019-02-28
286,Jared,Ward,Female,fpittman@example.net,+91-2005787950,India,Bangalore,Silver,2024-09-01
287,Joshua,Walker,Male,vhenry@example.com,+91-5484067110,India,Madurai,Silver,2015-05-31
288,Michael,Rodriguez,Male,banksrichard@example.net,+91-6773446947,India,Kochi,Bronze,2021-08-04
289,Barbara,Taylor,Male,darrensalas@example.com,+91-583397325,India,Thiruvananthapuram,Bronze,2016-07-16
290,Marcus,Hurst,Male,brent93@example.org,+91-8962056732,India,Hyderabad,Silver,2022-05-28
291,Lori,Gates,Male,weaverwarren@example.net,001-719-498-7764,Andorra,Los Angeles,Bronze,2024-08-20
292,Bradley,Short,Other,christine95@example.com,+91-1016316723,India,Visakhapatnam,Bronze,2022-10-06
293,Gerald,Johnson,Male,oscott@example.net,+91-3305651443,India,Thiruvananthapuram,Silver,2018-12-12
294,Frank,Schmitt,Other,ryan76@example.com,001-623-675-1325x673,France,Los Angeles,Gold,2024-06-20
295,Jesus,Robinson,Female,robin25@example.org,589-223-7569x4298,Zambia,Sydney,Bronze,2024-07-21
296,Kayla,Ray,Male,jpitts@example.net,+91-762953977,India,Madurai,Silver,2022-06-05
297,Candace,Blanchard,Other,hsmith@example.net,+91-4836301808,India,Vijayawada,Bronze,2024-01-05
298,Katherine,Kim,Other,davidbooth@example.net,+91-8241601225,India,Thiruvananthapuram,Gold,2024-10-20
299,Adrian,Fitzpatrick,Female,forbessusan@example.com,+91-9476026790,India,Vijayawada,Silver,2024-12-15
300,Jonathan,Schneider,Female,goodwinlori@example.net,234-390-2184x2765,Canada,London,Silver,2019-07-15
301,Tyler,Brown,Male,asandoval@example.net,+91-1797743689,India,Bangalore,Bronze,2023-02-09
302,Devin,Schwartz,Other,lisablake@example.com,+91-9461188009,India,Coimbatore,Bronze,2022-03-02
303,Gina,Hill,Female,carlospeters@example.org,+91-6550730435,India,Hyderabad,Silver,2016-07-09
304,Brent,Johnson,Male,kedwards@example.com,+91-3284765642,India,Hyderabad,Platinum,2018-08-25
305,Theresa,Barrett,Other,agarcia@example.net,+91-9761640068,India,Vijayawada,Gold,2024-11-08
306,Jessica,Morse,Other,danielle49@example.com,+91-3441735100,India,Visakhapatnam,Bronze,2018-08-25
307,Curtis,Smith,Male,pjames@example.com,+91-1146382070,India,Chennai,Silver,2017-05-25
308,Jamie,Combs,Male,kchandler@example.com,+91-7911962110,India,Coimbatore,Silver,2023-08-03
309,Thomas,Sullivan,Male,nicholas07@example.net,+91-261227046,India,Mysore,Bronze,2017-12-04
310,Larry,Anderson,Other,deborah10@example.com,+91-2783916379,India,Madurai,Silver,2015-05-31
311,Carolyn,Williams,Female,jamiecervantes@example.org,+91-6167355446,India,Chennai,Silver,2024-04-21
312,Jessica,Gonzalez,Other,anthonymason@example.net,417.373.1975x9550,Sri Lanka,Paris,Gold,2021-09-27
313,Erin,Williams,Male,fmccann@example.org,+91-5848964825,India,Madurai,Bronze,2020-12-29
314,Sheila,Wang,Male,pbecker@example.org,+91-8426514281,India,Visakhapatnam,Bronze,2020-11-11
315,Tyrone,Johnson,Male,rachel98@example.net,+1-996-573-8550x622,Switzerland,London,Silver,2019-12-02
316,Patricia,Hernandez,Other,brownruth@example.com,+91-4334104122,India,Coimbatore,Gold,2023-05-09
317,Diana,Vang,Male,jacksondavid@example.org,+91-6792599651,India,Coimbatore,Gold,2015-08-31
318,Heather,Roberts,Other,emily76@example.net,+91-1046374544,India,Hyderabad,Silver,2019-11-11
319,George,Wilkerson,Other,rpayne@example.net,+91-8564987483,India,Chennai,Silver,2023-01-20
320,Kristen,Smith,Other,xgriffin@example.com,+91-7161734482,India,Vijayawada,Bronze,2024-07-02
321,Kathleen,Garcia,Female,royjones@example.org,+91-6640855445,India,Vijayawada,Bronze,2021-03-30
322,Megan,Yang,Female,donaldsonjoyce@example.net,+91-2058766186,India,Bangalore,Bronze,2015-06-25
323,Samantha,Walters,Male,banderson@example.net,+91-9229518368,India,Chennai,Bronze,2022-08-20
324,Timothy,Werner,Other,mary31@example.com,+91-1713038819,India,Mysore,Silver,2019-02-09
325,Nicole,Reed,Male,fmarquez@example.net,+1-724-934-7685,Pakistan,Sydney,Silver,2023-07-04
326,Ian,Roy,Male,gonzalezshawn@example.net,+91-7558418128,India,Vijayawada,Gold,2015-06-01
327,Sergio,Woods,Female,oortiz@example.net,+91-4627924167,India,Thiruvananthapuram,Bronze,2016-08-13
328,Angela,Jordan,Female,sarah81@example.org,+91-5931951425,India,Thiruvananthapuram,Gold,2018-02-28
329,Christine,Ryan,Other,tiffany65@example.net,+91-5724711833,India,Mysore,Silver,2019-08-30
330,Shane,Stevens,Male,lee18@example.net,+91-5650729622,India,Mysore,Gold,2024-03-24
331,Savannah,Morgan,Other,qjohnson@example.com,+91-7997466083,India,Chennai,Silver,2022-11-22
332,Christine,Acevedo,Male,christopherhood@example.com,+91-6863191055,India,Madurai,Silver,2017-07-12
333,Eric,Velasquez,Other,joshuacarlson@example.com,+91-4420569088,India,Hyderabad,Bronze,2024-06-08
334,Bruce,Jackson,Female,uhernandez@example.com,+91-6488974001,India,Bangalore,Silver,2024-07-25
335,Timothy,Castro,Female,sandratran@example.com,+91-674874815,India,Thiruvananthapuram,Silver,2021-06-16
336,Nicole,Moore,Male,christian51@example.com,+91-1124615944,India,Hyderabad,Bronze,2019-04-22
337,Melissa,Allen,Other,stephen30@example.org,+91-9287286638,India,Vijayawada,Silver,2018-05-06
338,Mary,James,Female,uvasquez@example.com,+91-8326018530,India,Kochi,Gold,2016-11-17
339,Jay,James,Other,kathryn10@example.org,+91-6660440401,India,Visakhapatnam,Bronze,2024-09-22
340,Lisa,Perez,Other,richardrobinson@example.net,+91-4093363852,India,Kochi,Silver,2021-12-30
341,Kristin,Olson,Other,lmitchell@example.org,+91-2723517140,India,Coimbatore,Silver,2018-07-29
342,Brian,Clark,Other,walkerwilliam@example.net,+91-7115783339,India,Bangalore,Bronze,2022-02-26
343,Michael,Jackson,Other,sarajohnson@example.org,+91-4735177953,India,Chennai,Gold,2022-03-08
344,Patricia,French,Other,karen89@example.com,(819)236-5220x81331,Paraguay,New York,Platinum,2022-11-17
345,Tyrone,Allen,Other,jeremy84@example.org,+91-8135030392,India,Bangalore,Bronze,2021-02-26
346,Helen,Huynh,Other,tyler73@example.org,+91-3020646955,India,Madurai,Bronze,2021-02-27
347,Peter,Pennington,Male,jamie71@example.com,(828)500-4517,Kenya,Dubai,Platinum,2015-11-09
348,Kathleen,Taylor,Male,hhopkins@example.com,+91-1507859634,India,Chennai,Bronze,2015-07-02
349,Jeffrey,Lang,Other,lisamurray@example.net,001-544-855-4978x2436,Mongolia,Toronto,Bronze,2021-05-24
350,Misty,Skinner,Male,hubbardamanda@example.org,+91-2253946971,India,Mysore,Bronze,2019-08-05
351,Thomas,Leon,Other,robert55@example.org,(612)319-4264x3634,Hungary,Paris,Silver,2022-08-21
352,Chelsey,Campbell,Male,xwilliams@example.net,+91-9536751394,India,Thiruvananthapuram,Platinum,2022-01-18
353,Timothy,Nunez,Male,shanegonzalez@example.org,+91-4172163782,India,Kochi,Silver,2021-12-23
354,Timothy,Williams,Male,asalazar@example.net,+91-3305432071,India,Chennai,Gold,2016-11-11
355,Kathleen,Walsh,Male,randy30@example.com,+91-4800287535,India,Hyderabad,Platinum,2021-07-22
356,Jennifer,Perez,Female,whitemartin@example.net,+91-6606523137,India,Coimbatore,Bronze,2016-07-25
357,Anthony,Brown,Female,scott34@example.org,+1-371-767-0494x86392,Argentina,New York,Gold,2015-08-02
358,Jason,Frye,Female,andrewcole@example.org,890.410.8321x8920,Iceland,Berlin,Gold,2015-07-05
359,Tiffany,Prince,Female,angela53@example.net,+91-592122721,India,Hyderabad,Silver,2022-05-26
360,Jason,Lynch,Other,aprillozano@example.org,+91-563920948,India,Visakhapatnam,Bronze,2016-03-31
361,Nicholas,Holder,Female,erin32@example.org,+91-5159948239,India,Vijayawada,Gold,2021-08-16
362,Katherine,Robbins,Male,crystalshelton@example.com,9253215246,Niger,Toronto,Bronze,2019-12-22
363,Jessica,Wagner,Other,victor51@example.org,+91-2355067091,India,Bangalore,Gold,2020-04-02
364,Cindy,Carroll,Other,bmullins@example.org,395-758-8876x415,Djibouti,Dubai,Silver,2024-01-23
365,Tiffany,Padilla,Other,arthur00@example.net,+91-6510321173,India,Coimbatore,Bronze,2019-11-28
366,Ashley,Lopez,Female,lamblauren@example.net,+91-696106468,India,Vijayawada,Bronze,2021-10-10
367,Mathew,Castro,Other,millerdavid@example.org,+91-5433990485,India,Coimbatore,Gold,2019-06-16
368,Glenn,Williams,Male,hensondaniel@example.net,+91-1923620848,India,Bangalore,Gold,2022-08-13
369,David,Lara,Male,mark76@example.org,+91-124082624,India,Visakhapatnam,Gold,2020-07-06
370,Leslie,Anderson,Male,ashley22@example.com,275-784-7962,Haiti,Berlin,Silver,2022-09-27
371,William,Pierce,Female,omarnguyen@example.net,+1-653-237-9871x72980,Australia,Los Angeles,Bronze,2022-05-09
372,Jessica,Hines,Female,glong@example.org,+91-4460830733,India,Chennai,Bronze,2023-01-17
373,Stefanie,May,Female,jgross@example.org,+91-5829941105,India,Coimbatore,Platinum,2022-12-20
374,Scott,Vasquez,Other,johnstondale@example.net,+91-5322466006,India,Visakhapatnam,Silver,2016-11-20
375,Lori,Montgomery,Female,bushalex@example.com,+91-5452428843,India,Bangalore,Bronze,2019-01-06
376,Elizabeth,Logan,Other,ohall@example.com,+91-6981459708,India,Visakhapatnam,Silver,2025-02-24
377,Marissa,Bauer,Male,dennis12@example.net,527-600-2555,Gibraltar,London,Gold,2018-12-23
378,Victoria,Hughes,Male,millsbrian@example.org,001-413-311-9008x3268,Saint Pierre and Miquelon,London,Gold,2018-04-16
379,Brianna,Nielsen,Other,davidandrews@example.org,+91-9476616687,India,Hyderabad,Bronze,2024-06-11
380,Denise,Anderson,Female,montgomeryrussell@example.org,+91-3105787811,India,Chennai,Gold,2020-06-19
381,Amanda,Nelson,Female,rowetimothy@example.com,+91-9908529399,India,Chennai,Silver,2022-08-28
382,Kathryn,Schultz,Female,heather09@example.net,+91-4213935744,India,Mysore,Gold,2018-03-06
383,Rebecca,Hernandez,Other,joshua31@example.org,+91-5173748459,India,Madurai,Bronze,2020-04-08
384,Larry,Joseph,Male,maysricky@example.com,+91-8676990912,India,Mysore,Silver,2021-12-03
385,Nathan,Williams,Female,marcelliott@example.org,+91-1945499771,India,Mysore,Silver,2023-06-23
386,Tara,Gallegos,Other,mitchell21@example.net,(344)384-4856x8109,Jersey,Los Angeles,Silver,2017-12-27
387,Brian,Bowman,Other,mark32@example.org,+91-5386575978,India,Mysore,Bronze,2022-09-25
388,Stephanie,Stephens,Female,joannesimon@example.com,+91-8217754532,India,Chennai,Gold,2020-11-14
389,Monique,Ramos,Other,xjohnson@example.org,379.683.8558,Netherlands,Toronto,Bronze,2024-09-10
390,Nicholas,Nielsen,Female,mayjennifer@example.net,7719193029,Benin,Berlin,Gold,2022-09-09
391,Jeffrey,Chang,Male,nmills@example.org,+91-1792915834,India,Chennai,Bronze,2015-08-05
392,Robert,Conner,Other,schultzcarolyn@example.com,+91-3456944141,India,Vijayawada,Silver,2020-05-08
393,Patricia,Acosta,Other,qjohnson@example.com,+91-499594520,India,Chennai,Silver,2018-09-01
394,James,Welch,Other,johnsonsteve@example.net,+91-8105521550,India,Vijayawada,Bronze,2022-06-17
395,Randall,Freeman,Male,zbaker@example.net,+1-795-406-1658x48881,Norfolk Island,Paris,Silver,2024-03-27
396,Melody,Gray,Female,rebeccaalvarez@example.org,+91-2176244363,India,Chennai,Bronze,2023-12-27
397,Mathew,Arias,Female,dixonjessica@example.com,+91-4436958647,India,Vijayawada,Bronze,2018-04-22
398,Michael,Allen,Other,laura38@example.com,+91-6002277017,India,Bangalore,Bronze,2018-02-23
399,Justin,King,Male,blakepruitt@example.org,+91-7456165217,India,Kochi,Silver,2025-03-18
400,Trevor,Greer,Male,ewagner@example.net,+91-119189198,India,Kochi,Silver,2017-08-05
401,Sarah,Stevens,Male,rlowe@example.org,+91-1098591909,India,Vijayawada,Platinum,2024-01-10
402,Tammy,Holmes,Male,martinezjoshua@example.net,+1-277-717-9510x864,Paraguay,London,Platinum,2018-05-26
403,Tina,Glover,Female,bethany09@example.com,774-444-0806,Netherlands,London,Bronze,2017-11-22
404,Heather,Silva,Male,lbuchanan@example.net,+91-5569599178,India,Mysore,Bronze,2022-06-03
405,Allison,Snyder,Male,zharris@example.org,+91-1327337860,India,Madurai,Platinum,2021-09-05
406,Diana,Nash,Female,joewalker@example.org,418-919-7907x0255,Puerto Rico,Toronto,Bronze,2019-07-06
407,Kristina,Harris,Female,kelseywalker@example.com,+91-961199666,India,Kochi,Bronze,2016-12-07
408,Jared,Snyder,Female,guzmanwesley@example.net,+91-6100184594,India,Hyderabad,Platinum,2018-06-06
409,April,Farrell,Female,grace81@example.org,+91-4192477685,India,Hyderabad,Bronze,2021-02-03
410,Melissa,Wood,Other,qtucker@example.org,+91-4507166885,India,Kochi,Gold,2022-06-17
411,Katherine,Oliver,Male,michelle12@example.org,+91-3422830513,India,Kochi,Bronze,2017-02-17
412,Daniel,Mejia,Other,kevinhoffman@example.net,+1-806-893-2588x229,Belgium,Sydney,Bronze,2023-06-10
413,Melissa,Schneider,Male,stephenreid@example.net,+91-4074341673,India,Kochi,Silver,2019-03-09
414,Alexandra,Price,Male,wesleyross@example.net,+91-1364241133,India,Bangalore,Silver,2020-06-30
415,Heather,Hernandez,Female,jamie53@example.com,+91-1956882860,India,Chennai,Platinum,2021-06-17
416,Wendy,Garner,Other,alyssa82@example.org,+91-5787278244,India,Mysore,Platinum,2018-10-14
417,Jessica,Hernandez,Female,monica86@example.net,+91-1597414626,India,Chennai,Silver,2021-03-28
418,Adam,Ferguson,Male,collinsanthony@example.com,(429)860-9272,Saint Vincent and the Grenadines,Sydney,Silver,2024-02-11
419,Christine,Barrett,Male,nelsonjustin@example.com,833.823.9743x9410,Armenia,Toronto,Silver,2016-02-19
420,Daniel,Alvarez,Other,nparker@example.com,001-769-553-1389x68363,Oman,Paris,Bronze,2021-05-06
421,Tiffany,Cox,Other,jeremyrobinson@example.org,+91-4521941169,India,Bangalore,Gold,2017-05-16
422,Kaylee,Scott,Male,christopherboone@example.org,+91-1326199743,India,Bangalore,Gold,2015-08-10
423,Amanda,Williams,Female,michael78@example.com,+91-4158198031,India,Thiruvananthapuram,Bronze,2025-04-01
424,Karen,Barajas,Other,wilkersonelijah@example.org,+91-5594367837,India,Mysore,Bronze,2017-04-10
425,Michael,Martinez,Male,znewman@example.net,+91-6414165253,India,Vijayawada,Silver,2022-10-01
426,Cynthia,Dean,Female,jeffreymathis@example.net,+91-3244503592,India,Kochi,Platinum,2023-07-24
427,Jacob,Campbell,Male,lozanodonald@example.net,+91-5976601764,India,Coimbatore,Silver,2022-08-26
428,Ashley,Willis,Male,wharper@example.org,+91-4766611262,India,Coimbatore,Bronze,2016-10-04
429,Caleb,Brooks,Female,nicolejones@example.net,+91-9300789121,India,Coimbatore,Bronze,2025-02-23
430,Amy,Walker,Female,taylordavis@example.com,911-544-7091,Christmas Island,Sydney,Platinum,2016-10-24
431,Kyle,Madden,Other,josejohnson@example.net,+91-6910278144,India,Mysore,Bronze,2021-12-10
432,Christopher,Davis,Other,egraham@example.net,+91-9819322638,India,Mysore,Bronze,2016-07-17
433,Richard,Chang,Male,slittle@example.com,+91-1422992890,India,Chennai,Bronze,2018-01-06
434,Martha,Mccarty,Female,tjackson@example.org,+91-1436741080,India,Coimbatore,Silver,2019-06-01
435,Seth,Jones,Male,michaelahall@example.org,+91-5744521910,India,Chennai,Bronze,2019-11-04
436,Kara,Duran,Female,russellconner@example.org,+91-3181932680,India,Madurai,Silver,2025-03-16
437,Henry,Higgins,Male,guzmanbrenda@example.com,+91-8611904630,India,Hyderabad,Bronze,2018-10-31
438,Paul,Moss,Other,kleindoris@example.com,+91-198891786,India,Mysore,Bronze,2019-12-02
439,Kelsey,Hampton,Other,mirandafarley@example.com,+91-6128255828,India,Visakhapatnam,Gold,2023-12-31
440,Robert,Moore,Male,qyoung@example.org,+91-7463964763,India,Coimbatore,Bronze,2016-02-07
441,Ruben,Combs,Female,meghan87@example.com,+91-1177986716,India,Madurai,Silver,2021-05-03
442,Chelsea,Owen,Other,daltonhicks@example.com,+91-8632903984,India,Vijayawada,Bronze,2021-07-15
443,Debra,Chavez,Other,anitadecker@example.net,+91-1991591652,India,Coimbatore,Silver,2015-12-06
444,Corey,Snyder,Other,xhamilton@example.org,+91-3428132797,India,Visakhapatnam,Platinum,2022-03-19
445,Meagan,West,Male,gonzalezlaurie@example.net,+91-6945976422,India,Madurai,Silver,2019-06-24
446,Nicholas,Berry,Male,wbailey@example.net,+91-951937982,India,Chennai,Silver,2019-02-27
447,Kimberly,Hubbard,Male,ibradford@example.org,+91-3894528049,India,Madurai,Bronze,2024-05-31
448,Robyn,Christensen,Female,laurie30@example.net,+91-4494888320,India,Hyderabad,Gold,2021-03-01
449,Paul,Gutierrez,Female,agilbert@example.com,+91-4388580334,India,Hyderabad,Silver,2024-05-31
450,Jeffery,Reilly,Male,twhite@example.org,+91-5492238031,India,Hyderabad,Silver,2017-01-10
451,Lori,Rivera,Female,kellykidd@example.org,(782)439-1044x1371,Kazakhstan,Berlin,Silver,2017-05-06
452,Peter,Harris,Other,hendersondustin@example.com,+91-803895590,India,Chennai,Gold,2016-05-04
453,Brian,Williams,Male,robertmadden@example.com,+91-5890627878,India,Chennai,Silver,2020-10-24
454,John,Valdez,Other,danny31@example.com,5282875828,Niger,Sydney,Platinum,2016-02-06
455,Randy,Simmons,Male,uparker@example.org,+91-9686017702,India,Coimbatore,Platinum,2019-11-27
456,Michelle,Harper,Female,morrisjeffery@example.org,+91-3551025358,India,Mysore,Platinum,2024-11-15
457,Randy,Ochoa,Male,cynthia48@example.com,+91-9143429386,India,Mysore,Gold,2024-04-03
458,Matthew,Woodard,Female,santosjennifer@example.com,+91-8331611845,India,Vijayawada,Bronze,2022-11-21
459,Joel,Avery,Other,chad23@example.org,+1-425-683-1994x7707,Niger,London,Gold,2016-06-28
460,Jessica,Montgomery,Other,colonjames@example.com,+91-2398300642,India,Vijayawada,Silver,2023-10-26
461,Jordan,Aguilar,Other,shellyreed@example.org,906.796.4450x31388,Somalia,Los Angeles,Silver,2018-08-15
462,Kelly,Miller,Female,wattsjames@example.net,+91-9428339683,India,Chennai,Gold,2024-01-22
463,Brian,Anderson,Male,edwardtaylor@example.com,+91-9808438023,India,Vijayawada,Bronze,2021-12-30
464,Ashley,Skinner,Male,caitlinallen@example.org,+91-7246440213,India,Bangalore,Gold,2022-02-14
465,Nicholas,Brown,Other,mauricewood@example.com,+91-1137019236,India,Visakhapatnam,Silver,2021-07-11
466,Gregory,Ellison,Other,laura96@example.org,+91-4922835639,India,Bangalore,Bronze,2018-10-26
467,Jennifer,Sutton,Male,randywells@example.com,+91-1758381378,India,Kochi,Silver,2024-11-15
468,Taylor,Simmons,Male,kevin70@example.com,+1-671-574-5695,Liberia,Tokyo,Gold,2020-11-23
469,John,Stanley,Male,vargasmatthew@example.org,+91-1883842741,India,Thiruvananthapuram,Bronze,2021-11-27
470,Kim,Smith,Other,sullivanlaura@example.org,+91-5175635973,India,Coimbatore,Gold,2018-05-08
471,John,Lloyd,Male,blankenshipdesiree@example.com,+91-5823666138,India,Coimbatore,Silver,2018-12-22
472,Brian,Durham,Female,gcoleman@example.com,+91-928579846,India,Madurai,Silver,2023-10-17
473,John,Haas,Male,pameladean@example.org,+91-5573730366,India,Madurai,Platinum,2017-08-28
474,Nathaniel,Scott,Other,calderonmarie@example.net,629.469.6813,Reunion,Dubai,Silver,2019-10-22
475,Jacqueline,Davis,Male,roseerica@example.com,+91-9944301141,India,Mysore,Silver,2023-07-03
476,Jonathan,Hodge,Male,james66@example.org,+91-2848178389,India,Hyderabad,Platinum,2017-08-07
477,Diana,James,Male,richardsmith@example.org,+91-5125643940,India,Hyderabad,Silver,2022-04-22
478,Mary,Cortez,Male,victor60@example.net,+91-62491844,India,Bangalore,Silver,2020-02-22
479,Christopher,Bond,Other,danielgibbs@example.com,+91-3668802524,India,Bangalore,Silver,2022-12-28
480,Kathryn,Johnson,Other,paul77@example.net,+91-4746043047,India,Madurai,Bronze,2022-12-25
481,Maria,Gilbert,Male,lindsey37@example.net,+91-4092876823,India,Madurai,Platinum,2019-04-30
482,Michael,Johnson,Male,jarednielsen@example.net,+91-1575804144,India,Hyderabad,Bronze,2023-02-15
483,William,Rivers,Female,dmcdonald@example.com,+91-7871257868,India,Coimbatore,Silver,2022-12-25
484,Daniel,Crawford,Male,cjones@example.com,+91-619171187,India,Chennai,Bronze,2024-07-15
485,David,Davidson,Male,dawn20@example.net,+91-6654118382,India,Kochi,Silver,2021-09-03
486,Anna,Jones,Other,gjones@example.com,+91-6961952141,India,Thiruvananthapuram,Silver,2019-11-26
487,Mark,Boyer,Male,estevens@example.com,+91-7360035782,India,Hyderabad,Platinum,2019-04-25
488,Louis,Brown,Other,oneilldaniel@example.com,+91-6182048297,India,Chennai,Silver,2024-04-21
489,Nathaniel,Anderson,Male,emckay@example.org,+91-925666555,India,Kochi,Silver,2018-12-18
490,David,Edwards,Female,masonjanice@example.org,+91-4788346890,India,Coimbatore,Silver,2018-04-28
491,Jennifer,Romero,Female,millererica@example.com,774.294.6228,Bahamas,Sydney,Bronze,2017-10-17
492,Janet,White,Female,wherring@example.net,+91-6112010462,India,Chennai,Bronze,2023-08-28
493,Michelle,Wilson,Male,kathyhorton@example.org,490.677.9474,Guadeloupe,Los Angeles,Bronze,2016-06-02
494,Sylvia,Williams,Female,rodriguezelizabeth@example.com,+91-975020615,India,Madurai,Gold,2018-07-31
495,Spencer,Mcgrath,Other,lewiskatelyn@example.com,+91-7322513637,India,Chennai,Bronze,2022-10-31
496,Christopher,Lynch,Other,allison46@example.org,+91-5722512640,India,Mysore,Gold,2017-03-31
497,Lisa,Peters,Other,sarahrichmond@example.com,001-397-583-2678,Saint Pierre and Miquelon,Los Angeles,Gold,2021-04-23
498,Karen,Anthony,Female,chudson@example.com,+91-6191582294,India,Thiruvananthapuram,Bronze,2017-07-23
499,Christina,Garza,Female,wattsleah@example.net,+91-2639312382,India,Thiruvananthapuram,Silver,2020-09-19
500,Samantha,Meyer,Female,dennismatthew@example.org,+91-4452972790,India,Madurai,Bronze,2016-06-08
501,Christopher,Washington,Male,james73@example.com,001-497-350-0673x51127,Falkland Islands (Malvinas),New York,Platinum,2020-09-13
502,Melissa,Sutton,Female,dixonchristopher@example.org,+91-7320529235,India,Vijayawada,Gold,2016-02-13
503,Henry,Cobb,Other,michelle75@example.org,+91-6623176489,India,Vijayawada,Gold,2023-07-30
504,Melody,Carlson,Male,rbrewer@example.com,+91-7753770394,India,Kochi,Silver,2019-10-28
505,Daniel,Vazquez,Female,virginia12@example.org,+91-1626043127,India,Mysore,Bronze,2019-03-18
506,Kristen,Hayes,Other,anthony87@example.org,+91-834287941,India,Vijayawada,Silver,2016-12-18
507,Jessica,Owens,Other,joshua88@example.net,+91-4091147439,India,Thiruvananthapuram,Bronze,2018-01-19
508,Brian,Smith,Other,fbernard@example.com,+91-870068597,India,Coimbatore,Platinum,2021-01-10
509,Julie,Morrow,Female,bking@example.net,+91-402138746,India,Thiruvananthapuram,Platinum,2024-05-31
510,Daniel,Baldwin,Female,melissa49@example.net,001-228-661-7299,Palau,Los Angeles,Bronze,2019-07-19
511,Michael,Macdonald,Other,ruizalbert@example.org,+1-949-391-0454x9846,Trinidad and Tobago,Toronto,Silver,2018-06-27
512,Jessica,Wallace,Male,colemansabrina@example.org,+91-2338976090,India,Mysore,Silver,2023-10-25
513,Lucas,Mcgee,Male,wdickerson@example.org,+91-9121120405,India,Thiruvananthapuram,Silver,2017-11-08
514,Michele,Cole,Other,wallaceashley@example.org,683-584-4875,Trinidad and Tobago,Berlin,Gold,2021-01-10
515,Kimberly,Gomez,Other,marshalladrian@example.org,+91-843984063,India,Kochi,Silver,2023-11-27
516,Anne,Nielsen,Male,diana49@example.net,001-788-947-7563x532,Switzerland,New York,Bronze,2019-01-19
517,Jordan,Williams,Female,cindy39@example.com,+91-5171569579,India,Madurai,Bronze,2021-08-19
518,Cameron,Reeves,Male,hernandezoscar@example.net,+91-7654842108,India,Hyderabad,Platinum,2016-01-17
519,Victoria,Lopez,Male,mark28@example.org,+91-4515862405,India,Visakhapatnam,Bronze,2018-06-24
520,Donald,Cannon,Other,cbrennan@example.org,+91-1451743444,India,Madurai,Silver,2019-07-13
521,Joshua,Peters,Female,ambergrant@example.net,+91-1047014255,India,Vijayawada,Gold,2022-10-30
522,Tonya,Doyle,Male,christophercarr@example.net,(738)496-7196x3146,Brazil,Berlin,Silver,2020-07-28
523,Angela,Collins,Other,jennifer17@example.com,+91-9198411404,India,Vijayawada,Bronze,2017-03-29
524,Margaret,Thompson,Other,ashleybutler@example.com,+91-300274667,India,Visakhapatnam,Bronze,2023-03-12
525,Jacob,Wilson,Female,williamsmichelle@example.org,+91-1453954994,India,Thiruvananthapuram,Gold,2017-06-24
526,Christopher,Love,Other,andersonvirginia@example.org,+91-8748890809,India,Hyderabad,Bronze,2020-08-03
527,Laura,Curtis,Male,greensteve@example.org,(327)522-1441,China,Singapore,Silver,2023-11-01
528,Amanda,Reyes,Female,vsummers@example.org,+91-9453989056,India,Chennai,Silver,2020-01-25
529,Lisa,Morse,Female,phillip77@example.org,+91-1760605941,India,Madurai,Bronze,2015-09-21
530,Ronald,Cortez,Male,zachary76@example.org,+91-1814565623,India,Bangalore,Bronze,2024-01-20
531,Mark,Rivera,Male,markfernandez@example.net,+91-6186250413,India,Bangalore,Bronze,2016-05-21
532,Diana,Robles,Female,barroncorey@example.org,+91-4655997111,India,Chennai,Bronze,2019-09-18
533,Jacqueline,Johnson,Female,armstrongandrew@example.org,+91-5981794966,India,Coimbatore,Bronze,2023-07-16
534,Jenna,Davis,Male,megan37@example.net,+91-8744597061,India,Bangalore,Silver,2024-02-16
535,Brandon,Hodge,Male,andrew53@example.com,+91-962655055,India,Mysore,Silver,2016-03-02
536,Lorraine,Douglas,Female,wallacejoshua@example.net,+91-9366655359,India,Chennai,Bronze,2018-05-31
537,Margaret,Hayes,Female,maryschneider@example.net,+91-9281104964,India,Kochi,Gold,2022-02-15
538,Amanda,Obrien,Female,allisonhicks@example.org,+91-4181392381,India,Madurai,Gold,2020-02-22
539,David,Taylor,Other,mark18@example.org,+91-6726422398,India,Mysore,Platinum,2019-11-11
540,Scott,Gutierrez,Male,sandralyons@example.org,+91-6412903296,India,Kochi,Gold,2022-01-13
541,Amanda,Gates,Other,rossjoseph@example.com,+91-1238438110,India,Kochi,Silver,2021-09-01
542,Michelle,Mitchell,Female,heathersmith@example.com,(393)255-2792,Venezuela,Berlin,Silver,2018-09-09
543,Ana,Tate,Male,nunezlaura@example.org,+91-5023949140,India,Mysore,Silver,2019-02-26
544,Kimberly,Thompson,Male,ann84@example.com,+91-5220783489,India,Thiruvananthapuram,Bronze,2021-10-25
545,Julie,Castillo,Male,edward46@example.net,230-784-5342x99031,Korea,Dubai,Silver,2017-06-07
546,Wayne,Page,Other,ujones@example.org,+91-6653578449,India,Hyderabad,Bronze,2023-09-11
547,Dennis,Wolfe,Other,reneegallagher@example.com,+91-732657485,India,Kochi,Bronze,2022-09-02
548,Mason,Duffy,Other,geraldburton@example.net,+1-871-929-7056x3641,San Marino,New York,Bronze,2023-06-17
549,Adam,Hernandez,Other,grayderrick@example.com,+91-9003757174,India,Mysore,Gold,2016-07-23
550,Sonya,Melendez,Male,mbarrett@example.org,+91-1132556205,India,Bangalore,Silver,2023-11-04
551,Joseph,Bass,Female,watersrobert@example.org,+91-1052367296,India,Chennai,Gold,2023-10-17
552,Earl,Anderson,Other,alicia25@example.org,+91-1708061821,India,Coimbatore,Bronze,2021-09-06
553,Jonathan,Powers,Female,jonathanpena@example.net,776.409.2736x7235,Ethiopia,Berlin,Bronze,2020-07-22
554,Ana,Warren,Other,woodardmegan@example.com,+91-8236183084,India,Kochi,Gold,2025-01-15
555,Michelle,Forbes,Male,webbjacqueline@example.org,+91-1077170450,India,Coimbatore,Bronze,2017-03-22
556,Matthew,Ray,Male,michaelmartinez@example.org,721-454-6445x6394,Singapore,London,Silver,2017-08-31
557,David,Moss,Male,jprice@example.org,+91-9911261194,India,Coimbatore,Platinum,2020-02-29
558,Drew,Gonzalez,Female,elizabethvargas@example.net,+91-8185530434,India,Thiruvananthapuram,Silver,2018-05-16
559,Paul,Park,Other,aaronparker@example.org,+91-6880966800,India,Hyderabad,Silver,2019-12-30
560,Troy,Richardson,Female,reynoldssabrina@example.org,+91-3054474426,India,Vijayawada,Bronze,2021-02-21
561,Jermaine,Levine,Female,pagejessica@example.org,+91-3290214837,India,Vijayawada,Bronze,2022-04-07
562,Douglas,Munoz,Other,ksullivan@example.net,+1-249-639-0166x864,Iraq,Los Angeles,Gold,2015-08-13
563,Chris,Griffin,Other,raymichael@example.net,+91-2290225178,India,Kochi,Silver,2022-02-10
564,Kyle,Richards,Male,michaelcarter@example.org,866.437.6216x3422,Estonia,Los Angeles,Silver,2016-02-19
565,Rebecca,Johnson,Female,ssalazar@example.net,+91-1855464439,India,Visakhapatnam,Silver,2022-08-20
566,Jessica,Kim,Male,sandersbrandy@example.org,+91-6905451071,India,Bangalore,Platinum,2022-09-07
567,Megan,Brown,Male,ericcohen@example.net,493-783-6238,Yemen,Sydney,Bronze,2017-06-24
568,Jamie,Smith,Other,andersonjennifer@example.org,+91-5210090662,India,Mysore,Bronze,2022-04-19
569,Alejandro,Grant,Male,landerson@example.org,+91-262528397,India,Bangalore,Bronze,2022-06-16
570,Virginia,Scott,Male,rprice@example.org,+91-6879294398,India,Kochi,Silver,2021-03-29
571,Robert,Melendez,Male,bho@example.com,+91-4323563904,India,Vijayawada,Silver,2015-12-26
572,Kevin,Murray,Other,linda55@example.org,718-226-7973,Bolivia,Los Angeles,Bronze,2019-07-03
573,Steven,Suarez,Female,mthompson@example.com,+91-4260450218,India,Bangalore,Bronze,2020-11-24
574,Daniel,Hernandez,Male,ncollins@example.net,+91-1342982138,India,Kochi,Bronze,2023-01-13
575,William,Sosa,Other,martinezsusan@example.org,6539798852,Macao,Sydney,Silver,2021-02-22
576,Frank,Johnston,Female,jscott@example.org,+91-3396594499,India,Bangalore,Bronze,2023-06-24
577,Amber,Smith,Female,mullinsheather@example.org,+91-9385371526,India,Madurai,Silver,2018-07-01
578,Lindsay,Kelly,Female,maureenburch@example.net,+91-1777938555,India,Visakhapatnam,Gold,2019-12-11
579,Steven,Glass,Female,annewarren@example.org,5717023967,Togo,Berlin,Gold,2015-12-05
580,Timothy,Walker,Female,peter02@example.net,+91-836604186,India,Chennai,Gold,2018-10-28
581,Chelsea,Garcia,Female,knightabigail@example.org,+91-4389584278,India,Bangalore,Bronze,2025-01-04
582,Brenda,Bass,Male,vanessasawyer@example.net,+91-7841538091,India,Coimbatore,Gold,2022-08-18
583,Charles,Brown,Female,wilkinsonevan@example.com,+91-8574638069,India,Kochi,Silver,2019-04-09
584,Claudia,Brown,Female,emurillo@example.org,+91-5960091809,India,Chennai,Silver,2018-10-02
585,Christina,Davis,Female,sdrake@example.org,+91-5127546248,India,Hyderabad,Silver,2016-08-22
586,Marissa,Short,Male,davidjones@example.org,+91-2281093463,India,Visakhapatnam,Bronze,2023-06-25
587,David,Castro,Female,douglassmith@example.net,+91-7571983659,India,Bangalore,Silver,2021-08-22
588,Carmen,Dominguez,Male,haleysmith@example.net,+91-696859844,India,Madurai,Bronze,2018-10-15
589,Shawna,Parks,Male,cathy27@example.net,+91-2806856774,India,Mysore,Bronze,2019-11-08
590,Kaitlyn,Jones,Other,john21@example.org,+91-4598388068,India,Thiruvananthapuram,Gold,2020-07-06
591,Kathryn,Boyd,Female,cristinadaniels@example.com,+91-6314058308,India,Hyderabad,Gold,2017-07-09
592,Dale,Potts,Male,yconway@example.com,+91-9660222756,India,Vijayawada,Gold,2021-01-29
593,Veronica,Lowe,Male,andrewsanchez@example.com,+91-1092338602,India,Kochi,Bronze,2023-05-22
594,Laura,Fernandez,Other,kiddgabriel@example.org,562.614.0946x159,Nigeria,Singapore,Silver,2024-04-04
595,Dana,Evans,Male,brownbriana@example.com,+91-6009061515,India,Thiruvananthapuram,Platinum,2024-04-14
596,William,Swanson,Male,blackshirley@example.com,449-553-8936x236,Canada,Sydney,Gold,2021-04-06
597,Dennis,Gilbert,Other,qmoore@example.net,+91-330012839,India,Visakhapatnam,Bronze,2020-11-12
598,Joy,Hernandez,Female,molinabenjamin@example.net,694-977-3293x86971,Svalbard & Jan Mayen Islands,Los Angeles,Bronze,2024-11-06
599,Donald,Burke,Other,michaelhernandez@example.net,001-633-687-6506x816,Gambia,Los Angeles,Silver,2015-08-18
600,Carmen,Bentley,Other,fhill@example.com,+91-8377393315,India,Mysore,Silver,2018-12-31
601,Tristan,Bell,Female,felicia80@example.com,999-790-3864x384,Monaco,New York,Gold,2023-02-05
602,Heather,Clayton,Female,daniel39@example.com,+91-507437518,India,Vijayawada,Bronze,2021-06-06
603,James,Stevens,Other,rjackson@example.com,+91-3944359785,India,Vijayawada,Silver,2023-03-19
604,Matthew,Smith,Female,joann10@example.net,+91-6788506607,India,Coimbatore,Gold,2022-10-27
605,Lisa,Ball,Male,thomastheresa@example.net,976-621-0322x46795,Israel,New York,Silver,2023-06-15
606,Albert,Gray,Female,kiddpamela@example.com,+91-572368616,India,Bangalore,Bronze,2016-10-19
607,Angela,Nelson,Male,franklindean@example.net,+91-3000638446,India,Vijayawada,Platinum,2019-11-27
608,Peter,Turner,Female,tracey16@example.com,+91-582876133,India,Bangalore,Bronze,2023-09-21
609,Sharon,Vincent,Female,christina31@example.com,+91-815138779,India,Coimbatore,Bronze,2019-11-30
610,Joseph,Klein,Other,floydjohn@example.org,+91-9440979185,India,Thiruvananthapuram,Bronze,2024-05-31
611,Derrick,Thornton,Female,anthony36@example.net,(638)841-5596,Oman,Berlin,Bronze,2015-10-22
612,Brooke,Velez,Other,mackroberta@example.com,+91-785547986,India,Visakhapatnam,Bronze,2015-08-29
613,Brian,Alexander,Female,martinezdavid@example.org,(676)904-3658,Korea,Tokyo,Bronze,2021-05-26
614,Erin,Rogers,Male,eharmon@example.net,+91-2263503119,India,Kochi,Bronze,2020-11-10
615,Maria,Henderson,Other,qdominguez@example.org,+91-3132814588,India,Madurai,Silver,2024-03-30
616,Manuel,Greene,Female,edward88@example.org,+91-5591107681,India,Madurai,Bronze,2019-09-05
617,Thomas,Williams,Other,wwilliams@example.net,+91-8243852883,India,Bangalore,Silver,2020-08-22
618,Daniel,Hall,Female,mark09@example.org,+91-5994840126,India,Thiruvananthapuram,Silver,2022-05-30
619,Nicholas,Welch,Male,theresa84@example.org,+91-1854823494,India,Hyderabad,Bronze,2023-03-30
620,Michael,Kennedy,Male,kruegerangela@example.com,+91-8451287800,India,Chennai,Silver,2020-09-12
621,Anthony,Perry,Female,gtaylor@example.com,+1-593-946-4256x3165,Portugal,Berlin,Bronze,2017-09-05
622,Andrew,Campos,Female,jennifer16@example.com,+91-3608609851,India,Chennai,Bronze,2019-01-18
623,Tyler,Jacobs,Male,ambergaines@example.net,204.412.0884,Turkmenistan,Berlin,Silver,2024-05-23
624,Shawn,Tanner,Male,kwatts@example.com,+91-9832228604,India,Thiruvananthapuram,Bronze,2023-05-13
625,Kendra,Rice,Other,moorenicholas@example.net,+91-4802299944,India,Chennai,Gold,2015-08-08
626,Richard,Friedman,Other,wdennis@example.org,+91-3108119513,India,Visakhapatnam,Bronze,2023-02-14
627,Crystal,Nelson,Other,carpenterjoshua@example.net,+91-9633423821,India,Vijayawada,Gold,2022-07-26
628,Phillip,Ryan,Other,wrowe@example.com,+91-9191575329,India,Kochi,Bronze,2016-02-27
629,Jennifer,Griffin,Male,jordanjames@example.net,+91-1425386863,India,Chennai,Platinum,2023-10-25
630,Jeremy,Carney,Female,kpollard@example.org,+91-8601564505,India,Madurai,Silver,2016-06-09
631,Nicholas,Mclaughlin,Male,mendezmichael@example.com,+91-4615398573,India,Kochi,Silver,2023-06-17
632,Paige,Mendoza,Other,huntkaren@example.com,+91-4943401936,India,Mysore,Silver,2023-02-26
633,Deborah,Odom,Male,katielewis@example.com,+1-636-588-8775x299,New Zealand,Los Angeles,Bronze,2023-01-18
634,John,Scott,Male,mikaylawaller@example.org,+91-5777325558,India,Vijayawada,Platinum,2021-07-17
635,Russell,Howard,Other,lambertalexander@example.net,+91-1835709839,India,Bangalore,Silver,2025-02-06
636,Danielle,Gomez,Female,wdean@example.net,+91-699053088,India,Bangalore,Bronze,2022-08-04
637,Janet,Collins,Other,richard41@example.net,+91-9085963124,India,Kochi,Gold,2018-11-14
638,Stacey,Woodward,Other,nicholas47@example.net,+91-236728384,India,Chennai,Gold,2018-06-20
639,Martin,Russell,Male,igomez@example.com,+91-3519246046,India,Vijayawada,Gold,2021-12-10
640,Patrick,Gibson,Male,penabrandy@example.org,+91-1110827328,India,Visakhapatnam,Bronze,2017-08-19
641,Jessica,Diaz,Male,gjohnson@example.org,+91-5781854556,India,Mysore,Gold,2017-08-04
642,Kelli,Chapman,Other,shermanjoshua@example.net,+91-7457625620,India,Mysore,Bronze,2024-02-16
643,Amy,Fox,Male,lauriepierce@example.com,+91-9597026068,India,Coimbatore,Gold,2017-08-22
644,Jose,Miller,Male,william41@example.org,+91-4775201709,India,Thiruvananthapuram,Silver,2022-11-12
645,Monica,York,Female,collinsrichard@example.org,+91-6619643031,India,Vijayawada,Silver,2023-09-08
646,Ryan,Smith,Female,abbottjennifer@example.org,+91-8602896496,India,Kochi,Bronze,2019-09-29
647,Anna,Smith,Other,durhamjohn@example.net,+91-2717755346,India,Hyderabad,Bronze,2024-10-27
648,Matthew,Munoz,Other,imcfarland@example.com,+91-5901158071,India,Bangalore,Bronze,2016-04-05
649,Miguel,Henderson,Male,burnettjason@example.org,+91-5342041227,India,Visakhapatnam,Bronze,2022-03-25
650,Brian,Gonzalez,Male,kaylafuller@example.net,621.519.5712,Heard Island and McDonald Islands,New York,Silver,2024-03-06
651,Nicole,Sampson,Male,grahamolivia@example.org,+91-5948297361,India,Vijayawada,Bronze,2022-09-11
652,Todd,Lopez,Female,millerjoy@example.net,387-241-0923,Guinea,Sydney,Gold,2022-05-24
653,Amanda,Fry,Female,dodsonjohn@example.org,001-670-501-9169x50654,Slovakia (Slovak Republic),Toronto,Platinum,2016-06-19
654,Nicole,Riley,Other,vgreen@example.org,+91-9841658896,India,Thiruvananthapuram,Gold,2025-03-11
655,James,Levine,Female,snydermegan@example.com,+91-6047864540,India,Kochi,Silver,2015-10-18
656,Ryan,Miller,Male,brandonperez@example.org,(749)943-6352x861,United States of America,Sydney,Silver,2023-09-29
657,Walter,Medina,Male,romeroshawn@example.org,+91-745540733,India,Thiruvananthapuram,Platinum,2019-12-26
658,Amanda,Cannon,Female,wsalinas@example.com,+91-6300493436,India,Chennai,Bronze,2023-11-14
659,Jeremy,Mosley,Male,christyfletcher@example.org,+91-392976712,India,Madurai,Silver,2021-03-11
660,Steve,Hamilton,Other,andrew59@example.com,+91-4107306785,India,Thiruvananthapuram,Bronze,2020-07-27
661,Juan,Mora,Other,kimberlythomas@example.org,999-949-5901,Costa Rica,New York,Bronze,2021-04-01
662,Peter,Shepherd,Female,ericaboyd@example.com,+91-9040005630,India,Chennai,Silver,2022-11-21
663,Connor,Henderson,Female,hillkyle@example.com,+91-3707322976,India,Vijayawada,Silver,2024-01-08
664,Hannah,Meyer,Male,shawnnichols@example.org,543-504-8856x4937,Timor-Leste,New York,Silver,2024-11-17
665,Melissa,Reeves,Other,dicksonbrian@example.net,+91-486473871,India,Vijayawada,Gold,2022-03-13
666,Jeremy,Baker,Female,carolyn34@example.net,+91-7309929383,India,Coimbatore,Gold,2018-03-15
667,Albert,Reyes,Male,branchcynthia@example.com,+91-1326333017,India,Madurai,Silver,2017-04-04
668,Brenda,Warren,Female,smithjames@example.net,+91-2373865849,India,Coimbatore,Gold,2019-10-03
669,Abigail,Hess,Other,patrick45@example.org,+91-4619832271,India,Bangalore,Bronze,2019-10-28
670,Maria,Odom,Male,leeamber@example.org,+91-9381487935,India,Thiruvananthapuram,Gold,2017-03-23
671,Evelyn,Cardenas,Female,dreyes@example.org,+91-6015151722,India,Coimbatore,Platinum,2022-06-23
672,Tiffany,Austin,Female,petersonjuan@example.org,+91-1604260491,India,Coimbatore,Platinum,2023-02-15
673,Courtney,Smith,Female,kscott@example.net,+91-9410509543,India,Hyderabad,Bronze,2020-12-09
674,Timothy,Riddle,Female,mlloyd@example.com,+91-5851301663,India,Chennai,Silver,2016-02-18
675,Kimberly,Medina,Male,brettrobinson@example.com,+1-842-262-3094x605,Hong Kong,Tokyo,Bronze,2022-07-24
676,Erin,Freeman,Female,rbates@example.com,+91-8693279212,India,Madurai,Silver,2020-04-14
677,Megan,Cruz,Male,racheloliver@example.com,+91-5571292952,India,Hyderabad,Gold,2016-08-22
678,Zachary,Hawkins,Female,barberjames@example.org,504.785.0586x7945,Fiji,Singapore,Silver,2020-05-14
679,Jermaine,Clark,Female,michael21@example.com,+91-3769675744,India,Coimbatore,Bronze,2023-05-10
680,Christopher,Collins,Other,perrypaul@example.org,+91-6116166238,India,Mysore,Gold,2017-04-30
681,Howard,Martin,Male,molinalawrence@example.com,203-858-3577x7731,Spain,Sydney,Platinum,2020-02-03
682,Kathleen,Larsen,Other,courtney40@example.com,+91-2240815462,India,Madurai,Bronze,2017-09-17
683,Sara,Flores,Other,jbrandt@example.net,+91-455484677,India,Visakhapatnam,Silver,2020-11-07
684,Sandra,Calderon,Male,stephaniekidd@example.net,(243)368-7832x59722,Canada,Berlin,Bronze,2015-09-12
685,Marilyn,Arnold,Male,gentrymichael@example.org,432-360-5351x326,Bermuda,Sydney,Silver,2021-12-28
686,Tim,Bartlett,Male,harrisheather@example.org,+91-3550358188,India,Kochi,Gold,2021-12-18
687,John,Cameron,Male,dsims@example.net,+91-5955754795,India,Visakhapatnam,Gold,2018-05-05
688,Monique,Garrett,Male,claudia88@example.org,+91-3502711970,India,Coimbatore,Bronze,2021-09-16
689,Shannon,Stewart,Male,frankjacqueline@example.net,+91-6945246284,India,Madurai,Bronze,2015-12-24
690,Richard,Young,Female,sheila42@example.net,+91-4128658063,India,Mysore,Silver,2018-07-11
691,Matthew,Hughes,Female,hfrazier@example.org,001-937-340-7957x80872,Uganda,Los Angeles,Gold,2019-02-06
692,Steven,Brooks,Female,stacey87@example.org,+91-5673403584,India,Bangalore,Silver,2020-07-31
693,Amber,Walsh,Other,rita55@example.net,+91-9630184377,India,Mysore,Gold,2021-07-17
694,Brianna,Hernandez,Female,ataylor@example.net,+91-1086356595,India,Madurai,Gold,2019-11-18
695,Adrienne,Francis,Male,karistrong@example.org,6053290083,Benin,Singapore,Silver,2024-02-06
696,James,Carey,Other,williamsderrick@example.com,+91-8708118028,India,Hyderabad,Silver,2022-08-30
697,Sharon,Vincent,Other,gbrown@example.com,+91-2702373797,India,Madurai,Bronze,2020-06-10
698,Gwendolyn,Harper,Female,jennifer42@example.com,(776)746-1037x57076,China,Berlin,Silver,2016-08-23
699,Jonathan,Weaver,Other,pporter@example.org,+91-9011454149,India,Mysore,Bronze,2019-10-28
700,Jack,Banks,Female,alejandra46@example.org,+91-5982714911,India,Hyderabad,Bronze,2022-02-07
701,Adrian,Martin,Female,kpeck@example.net,242.570.3027,Guinea-Bissau,Sydney,Bronze,2016-11-07
702,Russell,Moore,Male,stephanie37@example.com,+91-1515892442,India,Thiruvananthapuram,Bronze,2016-05-11
703,Tina,Gardner,Other,ashley97@example.org,+91-7060152203,India,Kochi,Gold,2022-12-30
704,Keith,Hughes,Female,arnoldanna@example.net,001-922-550-6364x9557,Colombia,Paris,Platinum,2023-04-14
705,Kyle,Peterson,Other,amber74@example.com,+1-446-565-7877x22241,Serbia,London,Bronze,2015-06-14
706,Michael,Allen,Other,hansonjohn@example.com,+1-692-259-1039,Sweden,Toronto,Silver,2015-05-15
707,Diana,Reynolds,Female,joe41@example.net,+91-8760063373,India,Madurai,Bronze,2023-10-28
708,Steven,Sullivan,Other,julie28@example.net,+91-8441299539,India,Vijayawada,Gold,2015-05-01
709,Stephen,Goodman,Other,mariegriffin@example.org,+91-4321017636,India,Thiruvananthapuram,Bronze,2020-01-28
710,Jo,Schmidt,Other,jhenry@example.net,+91-5359524590,India,Coimbatore,Bronze,2015-10-31
711,Cindy,Roach,Male,cjones@example.com,+91-1618191343,India,Mysore,Bronze,2015-06-07
712,Kenneth,Perry,Other,codybarnes@example.com,+91-215195927,India,Kochi,Gold,2015-09-16
713,Jennifer,Lambert,Other,ubradley@example.com,+91-9189820751,India,Mysore,Gold,2016-08-21
714,Matthew,Martinez,Other,bethany06@example.org,+91-46308057,India,Thiruvananthapuram,Silver,2016-05-03
715,Christian,Dillon,Other,jesse62@example.org,+91-4212252250,India,Mysore,Gold,2015-11-28
716,Curtis,Strickland,Male,nsmith@example.com,+91-4635013169,India,Kochi,Platinum,2023-09-07
717,Brandon,Snyder,Other,robert07@example.org,+91-532658475,India,Vijayawada,Gold,2017-03-12
718,Heather,Hodges,Other,christensenkathy@example.com,+91-9793590321,India,Thiruvananthapuram,Bronze,2020-11-06
719,Jeffrey,Baker,Female,kaylakelly@example.com,+91-9303160047,India,Mysore,Silver,2016-12-31
720,Angela,Fitzpatrick,Other,harrismichael@example.net,+91-8476794797,India,Hyderabad,Gold,2016-10-17
721,Stephanie,Cardenas,Female,dylanwalker@example.org,+91-1829665720,India,Bangalore,Silver,2020-07-12
722,Katelyn,Coleman,Other,tryan@example.net,+91-7042780160,India,Mysore,Bronze,2020-12-09
723,Crystal,Frye,Other,david40@example.com,+91-5060118982,India,Madurai,Bronze,2021-07-13
724,Victor,Fisher,Female,hawkinsrobert@example.com,+91-8539475394,India,Thiruvananthapuram,Bronze,2024-11-10
725,Kristen,Banks,Other,jonesrobert@example.org,+91-6087003945,India,Bangalore,Gold,2017-08-23
726,Gwendolyn,Boyd,Other,rhowell@example.org,+91-3699249775,India,Visakhapatnam,Bronze,2018-08-20
727,Nicholas,Walker,Other,michelerodriguez@example.com,+91-7302757567,India,Hyderabad,Silver,2019-06-12
728,Brandy,Craig,Male,lukerios@example.com,+1-826-509-6337x81386,Afghanistan,Sydney,Silver,2024-02-25
729,Kylie,Maxwell,Male,xgardner@example.net,+91-2294138866,India,Thiruvananthapuram,Platinum,2015-05-01
730,Margaret,Alexander,Female,sarahsharp@example.net,+91-1764937593,India,Thiruvananthapuram,Platinum,2017-02-04
731,Andrea,Hoffman,Female,gwilliams@example.net,+91-530975861,India,Mysore,Silver,2017-03-04
732,Carrie,Chen,Male,kimberlynguyen@example.net,+1-774-416-2262x113,Ukraine,London,Bronze,2017-12-31
733,Kevin,Johns,Other,erica31@example.org,+91-85351080,India,Visakhapatnam,Bronze,2024-01-16
734,Timothy,Gordon,Other,thale@example.com,+91-9866061583,India,Chennai,Gold,2016-08-15
735,Andrew,Bell,Male,hammonddonna@example.net,+91-3297724721,India,Bangalore,Platinum,2022-07-12
736,Heather,Obrien,Other,garciaashley@example.org,+91-3949672759,India,Chennai,Bronze,2021-06-13
737,Emily,Montgomery,Other,mbrady@example.net,+91-9786948802,India,Vijayawada,Bronze,2023-05-06
738,Mark,Harris,Female,ygallagher@example.org,+91-6488302770,India,Thiruvananthapuram,Silver,2019-01-05
739,Jennifer,Jacobs,Other,martinwhitehead@example.com,+91-9481969325,India,Thiruvananthapuram,Platinum,2018-02-10
740,Diana,Romero,Male,alexanderwhite@example.com,+91-6043378044,India,Kochi,Gold,2024-08-04
741,James,Nielsen,Male,christinehernandez@example.org,+91-1063184272,India,Kochi,Silver,2021-01-06
742,Lauren,Golden,Other,mary96@example.org,+91-9449419152,India,Kochi,Silver,2020-09-07
743,Jessica,Hudson,Other,anthony58@example.com,+91-1877761587,India,Vijayawada,Gold,2018-01-18
744,Cynthia,Gonzalez,Female,daniel64@example.org,+91-6441291525,India,Hyderabad,Bronze,2021-10-31
745,Adam,Pearson,Male,amberwillis@example.org,+91-5255904397,India,Hyderabad,Gold,2022-09-16
746,Travis,Marshall,Female,grose@example.net,446.590.1857x9635,Greece,Berlin,Gold,2023-09-29
747,Katie,Alexander,Other,tadams@example.org,+91-8413136165,India,Thiruvananthapuram,Bronze,2017-11-01
748,Ashley,Smith,Other,sbaker@example.com,+91-472488398,India,Mysore,Gold,2020-05-17
749,Tonya,Park,Female,christophershields@example.org,+91-424379307,India,Hyderabad,Silver,2015-07-13
750,Alexis,Shaffer,Female,jaclynholt@example.net,+1-547-482-3810x043,Montserrat,Dubai,Bronze,2016-05-22
751,Mary,Baker,Male,jthompson@example.org,+91-7442123539,India,Mysore,Bronze,2023-08-27
752,Crystal,Lara,Other,karenyoung@example.com,+91-6519558700,India,Madurai,Bronze,2020-06-25
753,John,Combs,Female,kimberly22@example.com,+91-6986272395,India,Coimbatore,Bronze,2025-02-24
754,Karen,Bates,Female,butlerwyatt@example.net,+91-9792267093,India,Vijayawada,Silver,2021-03-13
755,Patricia,Byrd,Male,melissa43@example.net,+91-7317652209,India,Bangalore,Gold,2024-11-16
756,Bobby,Paul,Other,davischristopher@example.org,+91-7891619460,India,Visakhapatnam,Gold,2021-11-30
757,Sherry,Stark,Other,andreastevens@example.net,+91-8860416620,India,Kochi,Bronze,2021-01-18
758,Matthew,Yoder,Female,vanessaevans@example.net,+1-910-447-1027,Russian Federation,Tokyo,Bronze,2021-07-22
759,Logan,White,Other,sarah28@example.com,+91-1614183746,India,Chennai,Platinum,2020-03-24
760,Charles,Smith,Male,shelbyjones@example.com,+91-8192209238,India,Coimbatore,Bronze,2016-05-23
761,Tamara,Avila,Male,lauragriffith@example.com,884.390.1892x25825,Norway,Tokyo,Bronze,2015-12-30
762,Courtney,Randall,Male,amy11@example.com,+91-2354963959,India,Vijayawada,Bronze,2018-08-10
763,David,Ferguson,Male,evansphilip@example.com,+1-723-345-1689x9813,Bolivia,London,Silver,2019-01-21
764,Melissa,Wilson,Other,williamchavez@example.net,+91-8332246426,India,Chennai,Bronze,2018-10-01
765,Monica,Fisher,Other,bakersally@example.net,+91-4514612234,India,Vijayawada,Silver,2024-06-21
766,Angela,Garner,Female,scott22@example.com,+91-7341445277,India,Chennai,Platinum,2016-06-27
767,Alyssa,Trujillo,Male,xharris@example.net,+91-1534173768,India,Hyderabad,Silver,2020-11-01
768,Darrell,Smith,Other,wcampbell@example.net,+91-4586430771,India,Kochi,Platinum,2018-03-30
769,Eric,Johnson,Other,victoriaalvarez@example.com,+1-880-965-7296,Seychelles,New York,Bronze,2018-02-21
770,Dustin,Wagner,Female,wpatel@example.com,+91-7141267250,India,Bangalore,Gold,2024-08-11
771,Megan,King,Other,gabrielwells@example.org,+91-3763265105,India,Madurai,Silver,2017-06-18
772,Tiffany,Cook,Male,shane37@example.org,001-469-607-3061x65401,Burkina Faso,London,Bronze,2021-01-21
773,Mary,Wood,Male,orhodes@example.net,+91-3672799198,India,Vijayawada,Silver,2016-03-02
774,Kent,Jackson,Female,james03@example.com,+91-5890145628,India,Chennai,Bronze,2021-02-06
775,Kathy,Young,Other,toddnielsen@example.net,+91-2829592338,India,Vijayawada,Platinum,2024-05-07
776,Michael,Fowler,Male,banksandrew@example.net,+91-8945316818,India,Mysore,Silver,2023-06-13
777,Cathy,Smith,Other,melissa38@example.org,+91-7686187580,India,Kochi,Gold,2020-01-07
778,Jill,Jones,Other,david77@example.net,+91-4152717449,India,Visakhapatnam,Bronze,2020-01-15
779,Stephanie,Sharp,Other,jessica28@example.net,+91-70547926,India,Coimbatore,Gold,2024-01-25
780,Juan,Moore,Female,ricky58@example.org,+91-417344769,India,Hyderabad,Bronze,2016-09-13
781,Danny,Brennan,Male,christopherarroyo@example.com,+91-9321319964,India,Chennai,Platinum,2024-02-28
782,Christopher,Arias,Other,wilsonangel@example.com,+91-2453116620,India,Thiruvananthapuram,Silver,2017-12-18
783,Laurie,Pennington,Other,jpowers@example.org,+91-8126746343,India,Hyderabad,Silver,2021-09-25
784,Miranda,Torres,Female,ngonzalez@example.org,+91-579588495,India,Mysore,Bronze,2025-03-12
785,Michelle,Beasley,Female,inguyen@example.com,+91-9223897626,India,Visakhapatnam,Silver,2020-12-10
786,Julie,Jackson,Male,julian52@example.org,+91-5790471319,India,Mysore,Bronze,2021-05-18
787,Jonathan,Allen,Other,twalls@example.com,+91-5975061204,India,Madurai,Silver,2018-07-26
788,Emily,Chandler,Female,catherinewalsh@example.com,+91-3705899708,India,Mysore,Silver,2023-02-24
789,Philip,Pacheco,Male,haleyharris@example.org,+91-4920650170,India,Hyderabad,Gold,2021-12-08
790,Lauren,Simpson,Female,scottphillips@example.org,+91-9732749969,India,Vijayawada,Bronze,2016-12-03
791,Diana,Garner,Female,abbottkenneth@example.net,+91-215880535,India,Visakhapatnam,Bronze,2019-08-12
792,Donna,Baker,Male,harrisrichard@example.com,+91-4899602882,India,Madurai,Silver,2015-10-13
793,Victoria,Lang,Female,brockmadeline@example.com,+91-5431317532,India,Chennai,Gold,2025-04-12
794,Charles,Stevenson,Other,owenanthony@example.org,+91-8612307994,India,Hyderabad,Bronze,2023-06-19
795,Michael,Moses,Other,jonessheri@example.net,001-769-519-0756x381,Thailand,Sydney,Bronze,2022-09-18
796,Diane,Robinson,Other,deborahchavez@example.net,+91-33223691,India,Madurai,Gold,2020-01-07
797,Levi,Martinez,Other,scottcortez@example.net,+91-2383548480,India,Chennai,Silver,2015-09-07
798,Victoria,Grimes,Other,brownsarah@example.org,+91-7597989207,India,Mysore,Bronze,2023-07-15
799,Jeffrey,Colon,Male,donald19@example.org,+91-4887317606,India,Chennai,Bronze,2022-10-31
800,Tammy,Lara,Other,ujohnson@example.org,+91-7239631466,India,Visakhapatnam,Gold,2024-09-24
801,Stephanie,Chapman,Female,robert23@example.com,(247)840-0675x533,Isle of Man,London,Silver,2020-01-29
802,Steven,Barnes,Other,sarah04@example.com,+91-398340014,India,Bangalore,Gold,2021-10-20
803,Leslie,Newman,Other,ymorgan@example.com,+91-8262210922,India,Vijayawada,Bronze,2023-03-10
804,Samuel,Anderson,Male,amy21@example.org,+91-5067830328,India,Chennai,Bronze,2023-04-17
805,Kevin,Martinez,Other,martinezdouglas@example.net,+91-4295619543,India,Chennai,Bronze,2018-08-25
806,Nina,Adams,Male,carrillochristine@example.net,+91-8768606003,India,Bangalore,Bronze,2023-06-12
807,Brooke,Rodriguez,Other,shannonscott@example.net,+91-3795978351,India,Hyderabad,Bronze,2016-04-16
808,Christina,Salazar,Male,ohudson@example.net,001-436-324-8618x115,Belize,New York,Silver,2019-01-27
809,Stephanie,Jones,Female,xmeyer@example.org,+1-960-762-1580,Tuvalu,New York,Silver,2024-11-14
810,Joshua,Robinson,Female,david72@example.com,+91-7171405223,India,Bangalore,Bronze,2017-07-22
811,Beth,Burton,Female,smithluis@example.org,+91-4495960665,India,Kochi,Silver,2024-05-20
812,Heather,Moore,Other,harmonkayla@example.net,+91-8374914404,India,Kochi,Bronze,2019-09-07
813,Megan,Moore,Female,umorales@example.org,+91-3444539574,India,Chennai,Bronze,2017-12-12
814,Doris,Brady,Other,keithhunt@example.com,+91-1123347613,India,Kochi,Silver,2019-03-11
815,Matthew,Davis,Other,gjones@example.org,7439011198,North Macedonia,Tokyo,Gold,2021-05-19
816,Hannah,Ponce,Female,zsullivan@example.com,+91-2523991742,India,Kochi,Bronze,2021-01-25
817,Amy,Gill,Male,sean55@example.com,+91-938036240,India,Vijayawada,Silver,2017-05-04
818,Zachary,Quinn,Male,fryelauren@example.net,+91-4846225028,India,Thiruvananthapuram,Bronze,2017-02-08
819,Joshua,Castaneda,Male,allison09@example.org,+91-1465925523,India,Hyderabad,Silver,2021-11-16
820,Breanna,Cannon,Male,hmoore@example.org,+91-8888560425,India,Thiruvananthapuram,Bronze,2016-05-29
821,Tony,Cardenas,Male,bakerkenneth@example.net,+91-107463253,India,Thiruvananthapuram,Bronze,2022-09-11
822,Aaron,Henderson,Male,dcook@example.com,(448)334-8509,Christmas Island,New York,Bronze,2018-07-05
823,Joseph,Decker,Female,nealtony@example.net,+91-3834505462,India,Thiruvananthapuram,Bronze,2018-08-23
824,Emily,Nelson,Other,amanda28@example.com,+91-932105530,India,Mysore,Bronze,2015-10-15
825,John,Dickson,Other,moyerrichard@example.org,(570)944-7988x213,Palau,Paris,Silver,2017-06-22
826,Shelly,King,Male,taralong@example.com,+91-2998372802,India,Kochi,Silver,2024-01-08
827,Christine,Ortega,Female,sherisoto@example.net,+91-2930099432,India,Thiruvananthapuram,Bronze,2016-08-04
828,Anthony,White,Female,gary45@example.com,+91-9675711979,India,Chennai,Silver,2019-02-22
829,Stanley,Robinson,Male,zcarter@example.net,+91-1505545879,India,Visakhapatnam,Silver,2018-08-22
830,Kathleen,Wheeler,Female,qdavis@example.com,+91-1572071151,India,Kochi,Platinum,2019-07-06
831,Keith,Perry,Female,markbanks@example.com,+1-641-882-2357x349,Guernsey,Tokyo,Gold,2025-03-27
832,Rhonda,Bennett,Female,phoward@example.org,+91-5745120474,India,Visakhapatnam,Gold,2019-12-26
833,Katherine,Jenkins,Male,wustephen@example.org,001-691-685-2698x3060,Norfolk Island,Paris,Bronze,2018-10-19
834,Daniel,Lawson,Male,ericksondominique@example.net,+91-1824970084,India,Visakhapatnam,Platinum,2015-11-27
835,Lisa,Blankenship,Female,pguerra@example.org,780-245-4975x10032,Germany,Paris,Gold,2017-11-15
836,Jennifer,Gallagher,Other,pamelamcdonald@example.net,+91-4419453283,India,Vijayawada,Platinum,2022-01-04
837,Donna,Hood,Other,hnavarro@example.net,678.270.1316,Jamaica,New York,Silver,2019-10-03
838,Randy,Sherman,Other,shawkins@example.org,+91-740546396,India,Bangalore,Bronze,2022-03-26
839,Marcus,Washington,Male,katelyn15@example.net,+91-1863598882,India,Bangalore,Gold,2023-03-06
840,Patricia,Carter,Male,harveydarrell@example.com,6088939654,Mali,Tokyo,Bronze,2025-04-21
841,Megan,Lambert,Male,randalldylan@example.org,+91-5779050054,India,Visakhapatnam,Gold,2021-12-25
842,Amy,Martin,Other,tammy37@example.org,+91-7625018257,India,Kochi,Silver,2023-07-29
843,John,Cohen,Other,xmurray@example.org,686.833.7989,Holy See (Vatican City State),Berlin,Gold,2020-08-13
844,Alex,Martinez,Other,robincummings@example.org,+91-5678006470,India,Madurai,Silver,2023-12-05
845,Lori,Lopez,Male,mcneiljeremy@example.net,+91-1362468735,India,Vijayawada,Platinum,2021-02-24
846,Chris,Ramirez,Male,nelsonrodney@example.org,+91-474512920,India,Hyderabad,Bronze,2017-05-13
847,Spencer,Stephens,Male,adam05@example.org,+91-8400699743,India,Chennai,Silver,2017-10-23
848,Phillip,Bell,Other,thompsonteresa@example.net,+91-4262360850,India,Thiruvananthapuram,Bronze,2015-10-21
849,Eric,Johnson,Male,fcrawford@example.net,579-721-5813,Botswana,Singapore,Bronze,2015-05-06
850,Veronica,Wagner,Male,umullins@example.com,+91-3927824499,India,Bangalore,Bronze,2018-11-27
851,Shawn,Pittman,Other,allisongreene@example.com,+91-6707364737,India,Mysore,Gold,2019-12-29
852,Jesse,Harris,Other,bbaker@example.org,232-911-5227x67541,Tanzania,London,Gold,2020-09-16
853,Samuel,Underwood,Male,martinezwilliam@example.org,+91-2226146342,India,Chennai,Silver,2020-08-22
854,Cody,Evans,Other,zavalathomas@example.com,+91-7147662070,India,Chennai,Bronze,2020-06-11
855,Courtney,Bell,Female,michelle93@example.net,+91-5463508146,India,Coimbatore,Silver,2017-07-01
856,Sheri,Ruiz,Female,walleric@example.net,+91-267708522,India,Thiruvananthapuram,Silver,2016-11-26
857,George,Munoz,Female,shaun53@example.org,+91-1502935616,India,Chennai,Silver,2022-12-29
858,Shelby,Burton,Male,cassandra46@example.org,+91-3168304243,India,Madurai,Silver,2015-06-21
859,Jessica,Porter,Other,michellelarson@example.org,+91-2801766948,India,Chennai,Silver,2024-12-16
860,Jason,Ford,Male,raymond28@example.org,+91-79600202,India,Thiruvananthapuram,Platinum,2016-08-09
861,Mercedes,Williams,Other,rollinscolton@example.com,+91-5577741679,India,Hyderabad,Silver,2016-07-22
862,Benjamin,Matthews,Other,lauriethompson@example.com,+91-4384410666,India,Chennai,Bronze,2022-11-13
863,Kevin,Allen,Female,bkennedy@example.com,+91-2691427420,India,Coimbatore,Gold,2017-10-25
864,Justin,Odonnell,Male,burgessanne@example.com,+91-2340377656,India,Coimbatore,Bronze,2021-01-21
865,John,Charles,Male,loricastro@example.com,+91-9172273909,India,Coimbatore,Silver,2020-09-02
866,Kevin,Wheeler,Male,ethompson@example.net,+91-9959267481,India,Chennai,Bronze,2018-12-14
867,Tiffany,George,Female,joshua01@example.com,544.765.7092x5490,El Salvador,Singapore,Silver,2024-11-23
868,Cory,Reed,Female,bjohnson@example.net,+91-6244737808,India,Visakhapatnam,Bronze,2024-07-18
869,Michael,Carpenter,Other,buckbrian@example.com,+91-9908848841,India,Madurai,Silver,2019-07-20
870,Tyler,Murray,Male,aliciahughes@example.org,+91-4956960167,India,Thiruvananthapuram,Silver,2018-06-04
871,Steven,Brewer,Female,laura07@example.com,+91-7707969694,India,Kochi,Bronze,2021-03-30
872,Kelly,Mendoza,Other,qcortez@example.com,+91-908704793,India,Madurai,Silver,2016-06-25
873,Nicholas,Velasquez,Male,munozbonnie@example.net,+91-7192279345,India,Coimbatore,Silver,2015-06-02
874,Nancy,Rogers,Female,wesley95@example.org,+91-7866666701,India,Coimbatore,Bronze,2020-02-04
875,Christine,Arnold,Female,lindachandler@example.com,+91-1720177988,India,Coimbatore,Platinum,2024-07-22
876,Brad,Sandoval,Other,larrygreen@example.com,393.411.5750x2617,Faroe Islands,Toronto,Silver,2025-01-21
877,Javier,Wade,Female,ethan22@example.com,+91-1223491193,India,Visakhapatnam,Gold,2015-07-22
878,Randy,Vincent,Other,sheryl88@example.com,+91-3635689794,India,Vijayawada,Bronze,2021-02-24
879,Susan,Duncan,Male,qshaw@example.org,+91-3968597563,India,Kochi,Silver,2024-03-29
880,Jennifer,Lopez,Male,watsonjessica@example.com,+91-8528784784,India,Visakhapatnam,Silver,2018-09-25
881,Barry,Miles,Male,elizabethschmidt@example.org,+91-3828956270,India,Kochi,Silver,2022-12-13
882,Christopher,Woodard,Female,aolson@example.net,+91-8016770,India,Mysore,Bronze,2024-03-28
883,Elizabeth,Obrien,Female,marcus79@example.com,+91-3652877284,India,Chennai,Gold,2022-05-17
884,Michael,Stewart,Other,vchase@example.net,+91-2588234607,India,Chennai,Gold,2021-11-30
885,Anthony,Black,Male,griffinelijah@example.com,+91-7098097095,India,Visakhapatnam,Silver,2020-04-04
886,Angela,Hinton,Other,sarah38@example.com,+91-8155406181,India,Mysore,Gold,2016-06-01
887,Kim,Mcbride,Female,ewhite@example.org,541-357-9160,Myanmar,Tokyo,Bronze,2020-02-15
888,Ashley,Lopez,Male,nelsonmary@example.net,+91-4788253902,India,Thiruvananthapuram,Bronze,2015-07-14
889,Samuel,Sullivan,Other,victoriabenson@example.net,+91-1728671314,India,Vijayawada,Bronze,2018-07-02
890,Keith,Saunders,Male,thorton@example.com,+1-817-997-9248x0493,Jordan,Berlin,Gold,2019-08-30
891,Nicole,Finley,Female,evanserin@example.net,+91-5370690007,India,Bangalore,Platinum,2023-12-02
892,Margaret,Hernandez,Female,patriciamay@example.org,3678994950,Holy See (Vatican City State),Los Angeles,Bronze,2022-01-20
893,Benjamin,Morales,Other,tracey87@example.com,+91-7046167231,India,Chennai,Bronze,2021-02-15
894,Steven,Lewis,Male,wpatterson@example.com,288.440.2123,Jordan,Toronto,Gold,2019-11-18
895,Matthew,Parker,Male,kwilliams@example.net,+1-520-677-241,Palestinian Territory,Toronto,Gold,2024-04-11
896,Misty,Alvarez,Other,qadams@example.com,+91-4896472238,India,Coimbatore,Bronze,2019-04-11
897,Kelly,Flores,Female,neil90@example.com,+91-9034952726,India,Thiruvananthapuram,Platinum,2021-05-25
898,Joseph,Kirk,Female,kgreen@example.net,+91-3241101834,India,Mysore,Silver,2022-10-04
899,Joy,Schmitt,Male,leslieowens@example.com,+91-9835457601,India,Hyderabad,Bronze,2022-07-18
900,Nathan,Howard,Male,michael07@example.net,+91-9157073771,India,Mysore,Bronze,2021-03-09
901,Amanda,Fernandez,Male,suttonjordan@example.net,+91-8379969193,India,Coimbatore,Gold,2016-01-03
902,Bryan,Wu,Male,mcdonalderica@example.org,+91-8772362788,India,Mysore,Bronze,2020-09-29
903,Melissa,Zamora,Other,dwallace@example.org,+91-4990830678,India,Visakhapatnam,Bronze,2016-03-29
904,Michelle,Tate,Other,combsadam@example.com,+91-1497133121,India,Chennai,Bronze,2017-03-05
905,Mark,Oneill,Male,jacoboliver@example.net,+91-625243249,India,Hyderabad,Platinum,2023-08-29
906,Nancy,Wiley,Female,gbrooks@example.com,+91-8833619826,India,Kochi,Bronze,2019-06-01
907,Antonio,Marshall,Female,bradleytorres@example.org,637.690.4168,Guadeloupe,New York,Gold,2018-11-29
908,Mariah,Johnson,Female,danielharris@example.net,001-336-647-4256x91376,Netherlands Antilles,Toronto,Silver,2024-08-07
909,Angela,Anderson,Male,floresashley@example.org,754.682.4419x7859,Czech Republic,Sydney,Silver,2022-11-11
910,Jeanne,Scott,Male,stevencaldwell@example.org,+91-2328834825,India,Thiruvananthapuram,Bronze,2022-11-23
911,Michael,Preston,Other,morgancassidy@example.com,+91-6898496564,India,Bangalore,Bronze,2017-09-28
912,Bridget,Davidson,Male,shawn98@example.com,(691)436-9783x7058,Guadeloupe,Toronto,Silver,2022-07-18
913,Gary,Moore,Female,josephblackburn@example.com,2376886431,Ethiopia,Sydney,Silver,2024-09-08
914,Daniel,Andersen,Female,daniellecole@example.net,+91-7786135860,India,Mysore,Platinum,2021-07-24
915,Elizabeth,Wilson,Female,nherrera@example.com,+91-4043443781,India,Coimbatore,Bronze,2022-09-01
916,Tina,Miller,Female,mquinn@example.net,+91-563658107,India,Mysore,Silver,2017-01-21
917,Andrew,Ortiz,Female,andrew81@example.net,+91-1909919015,India,Thiruvananthapuram,Platinum,2024-01-11
918,John,Dudley,Female,qryan@example.net,(389)448-8172,Syrian Arab Republic,London,Bronze,2022-03-08
919,Edward,Rocha,Male,hannahrojas@example.net,+91-2381879249,India,Thiruvananthapuram,Bronze,2018-08-20
920,Victor,Ross,Female,wking@example.net,+91-8559703748,India,Thiruvananthapuram,Platinum,2023-04-18
921,Sharon,Duke,Male,mitchellryan@example.org,+91-5893860721,India,Mysore,Silver,2024-10-03
922,Jonathan,Duffy,Female,everettmisty@example.com,+91-9692929105,India,Mysore,Gold,2020-08-15
923,Adam,Garrett,Female,alexandersanchez@example.net,+91-4346245077,India,Thiruvananthapuram,Platinum,2022-08-22
924,Manuel,Peck,Other,matthewweaver@example.com,(652)612-6479x43593,Kiribati,Sydney,Bronze,2021-03-22
925,Larry,Martin,Male,omarstanton@example.org,+91-4214999222,India,Bangalore,Silver,2020-01-16
926,Stephanie,Davis,Other,howardruiz@example.com,+91-5797665911,India,Hyderabad,Bronze,2020-05-30
927,Aaron,Campbell,Male,matthew52@example.net,+91-3503868726,India,Mysore,Gold,2018-08-20
928,Kristina,Gutierrez,Female,michaelcraig@example.net,+91-6367017335,India,Vijayawada,Bronze,2021-03-25
929,Sharon,Stanton,Female,janet69@example.org,+91-8168640335,India,Thiruvananthapuram,Bronze,2021-10-15
930,Matthew,Simpson,Other,lindadickson@example.net,+91-3230789523,India,Chennai,Silver,2024-10-15
931,Kimberly,Herman,Female,imartin@example.com,+91-3744160563,India,Visakhapatnam,Gold,2023-09-25
932,Michelle,Richmond,Other,stonevictoria@example.com,+91-2997282187,India,Madurai,Silver,2023-04-02
933,Julie,Townsend,Other,deangregory@example.org,+91-1526425126,India,Hyderabad,Bronze,2016-11-19
934,Amanda,Martinez,Female,kelly15@example.com,+91-744525447,India,Kochi,Silver,2017-08-26
935,Rachel,Perez,Male,cfisher@example.org,+91-8866669038,India,Thiruvananthapuram,Silver,2016-01-16
936,Kelly,Yoder,Other,zrodriguez@example.com,(902)394-7500x35165,Palestinian Territory,Berlin,Bronze,2018-08-17
937,Bailey,Nixon,Male,chad86@example.net,+1-669-917-0756x422,Moldova,Singapore,Silver,2015-12-16
938,Brendan,Edwards,Other,joecobb@example.com,+91-9085233931,India,Visakhapatnam,Platinum,2017-12-16
939,Amanda,Mack,Other,travisthompson@example.net,+91-7084008897,India,Madurai,Gold,2019-06-23
940,Mary,Simmons,Other,charlesreynolds@example.net,+91-8309255637,India,Vijayawada,Bronze,2019-02-17
941,Geoffrey,Mccormick,Female,williamsoto@example.com,+1-271-899-5825x7394,Cape Verde,Los Angeles,Bronze,2015-06-28
942,Juan,Duffy,Other,penny73@example.com,+91-1135640307,India,Chennai,Gold,2023-07-12
943,Suzanne,Obrien,Female,johnsonvictoria@example.org,001-265-648-9499x697,Russian Federation,New York,Gold,2016-06-23
944,David,Evans,Male,jimenezdiana@example.net,+91-7808619969,India,Hyderabad,Gold,2024-07-03
945,Meagan,Lutz,Other,murphylinda@example.com,+91-9901483239,India,Visakhapatnam,Silver,2016-08-30
946,Chad,Hughes,Other,teresa56@example.com,+91-2647032688,India,Madurai,Gold,2023-11-05
947,Daniel,Smith,Female,rhondabarron@example.org,+91-4366524154,India,Hyderabad,Gold,2021-12-07
948,Alexander,Hancock,Female,lutzashley@example.org,+91-8933701705,India,Bangalore,Gold,2017-12-21
949,Tanya,Mann,Female,nflynn@example.net,+91-4206409545,India,Coimbatore,Gold,2019-08-04
950,Roberto,Anderson,Female,saradean@example.org,+91-5405990207,India,Coimbatore,Bronze,2019-01-18
951,William,West,Male,hannahscott@example.org,+91-3217116734,India,Chennai,Silver,2020-11-30
952,Timothy,Smith,Male,skelley@example.net,+91-2428637320,India,Mysore,Platinum,2023-03-23
953,Tyler,Vincent,Male,wesley52@example.net,407-497-4501x80182,Gambia,Dubai,Platinum,2024-05-24
954,Joshua,Williams,Male,curtisbridget@example.org,+91-423127952,India,Mysore,Silver,2015-09-21
955,Samuel,Pittman,Female,melissalindsey@example.net,+1-701-357-0858x5681,United States Virgin Islands,Singapore,Silver,2025-02-25
956,Michael,Brooks,Male,jenna68@example.com,225.567.7082x005,Madagascar,Paris,Silver,2017-06-08
957,Dana,Scott,Male,ewyatt@example.com,+91-1310410632,India,Hyderabad,Gold,2024-03-22
958,Samuel,Walter,Male,katiegriffith@example.net,+91-5559783105,India,Hyderabad,Silver,2022-07-20
959,Lori,Green,Male,loretta09@example.org,+91-4169895455,India,Hyderabad,Bronze,2018-02-22
960,James,Craig,Female,snowrebecca@example.net,+91-6942298042,India,Kochi,Bronze,2023-08-08
961,Devon,Gonzalez,Female,ewingheather@example.com,+91-3742571238,India,Kochi,Platinum,2017-08-29
962,Lauren,Contreras,Female,fgarcia@example.net,+91-5762288933,India,Madurai,Bronze,2020-03-06
963,Valerie,Dillon,Male,megan51@example.com,(898)484-1373x9361,United Kingdom,Dubai,Silver,2016-03-15
964,Andrea,Rodriguez,Other,ehurley@example.org,001-349-566-7379x13984,Ireland,Los Angeles,Bronze,2020-08-30
965,Amanda,Smith,Male,jasmincarrillo@example.org,+91-6318180902,India,Kochi,Platinum,2019-11-15
966,Melissa,Martinez,Other,lewischad@example.net,+91-1229355711,India,Bangalore,Silver,2015-11-05
967,Jonathan,Miles,Other,caseysamantha@example.org,+91-3345791423,India,Kochi,Gold,2023-02-11
968,Thomas,Mendez,Female,justinwalters@example.org,+91-2392345771,India,Coimbatore,Silver,2019-06-29
969,Nathaniel,Green,Other,annquinn@example.net,+91-4249352003,India,Visakhapatnam,Gold,2023-12-08
970,Jennifer,Frey,Female,rgordon@example.com,+91-2781235746,India,Hyderabad,Gold,2022-11-03
971,Kendra,Huber,Female,wayneanderson@example.com,856-486-8100x161,Cameroon,New York,Platinum,2023-11-29
972,Kristin,Nicholson,Other,cmathews@example.net,+1-644-528-4460x49211,Bulgaria,Los Angeles,Bronze,2016-12-22
973,Christopher,Walker,Other,fwarren@example.com,(554)522-8649x25656,Taiwan,Berlin,Silver,2024-10-29
974,Steven,Davenport,Male,rebecca13@example.com,+91-8230702689,India,Coimbatore,Platinum,2022-03-31
975,Linda,Hernandez,Female,joewilson@example.com,+91-6530834984,India,Madurai,Bronze,2016-07-05
976,Elizabeth,Hansen,Other,harrisjames@example.org,+91-8146409919,India,Bangalore,Silver,2018-06-07
977,Brian,Silva,Female,allenheidi@example.org,+91-5290053858,India,Vijayawada,Platinum,2022-11-25
978,Michael,Campbell,Female,jamesashley@example.com,+91-948888440,India,Madurai,Silver,2021-09-30
979,Brian,Jones,Male,martinezmark@example.org,+91-9899882936,India,Bangalore,Silver,2023-10-18
980,Sara,Adams,Other,christina94@example.com,+91-1947807767,India,Chennai,Bronze,2016-09-22
981,Jennifer,Silva,Male,aliciaschroeder@example.net,+91-9815723395,India,Visakhapatnam,Silver,2018-09-01
982,Brian,Yoder,Female,tiffanycurtis@example.com,+91-5940017469,India,Coimbatore,Gold,2020-06-01
983,Shannon,Dennis,Other,kennethbenson@example.net,(723)825-4626x15693,Syrian Arab Republic,Toronto,Gold,2020-05-06
984,Cheryl,Kennedy,Other,benjamin92@example.net,+91-3913529913,India,Madurai,Silver,2023-07-12
985,Noah,Obrien,Female,jodihernandez@example.org,+91-8232926725,India,Chennai,Platinum,2018-01-21
986,Michelle,Carpenter,Female,greenejulia@example.org,+91-9761505771,India,Madurai,Silver,2024-05-24
987,Joshua,Walters,Other,gregory61@example.com,+91-5397482670,India,Kochi,Silver,2018-05-29
988,Jessica,Stokes,Other,ldiaz@example.org,+91-3468764290,India,Thiruvananthapuram,Gold,2021-11-24
989,Heather,Jenkins,Other,morrismelissa@example.com,+91-4631021470,India,Hyderabad,Bronze,2024-09-29
990,Lance,Johnson,Female,belljessica@example.net,+91-6677463633,India,Thiruvananthapuram,Silver,2021-12-20
991,Megan,Martin,Other,robertmartinez@example.net,+91-14578831,India,Mysore,Bronze,2018-11-05
992,Kevin,Booth,Male,fhurley@example.org,279-463-6656x803,Ireland,Singapore,Bronze,2022-03-12
993,John,Soto,Male,barbara56@example.net,+91-353597785,India,Vijayawada,Silver,2023-07-15
994,David,Chavez,Other,emily59@example.com,001-656-470-5953x970,Isle of Man,Sydney,Gold,2020-09-20
995,Peter,Rodgers,Female,ifreeman@example.net,+91-288276008,India,Hyderabad,Gold,2019-05-29
996,Frank,Carey,Female,qhansen@example.com,+91-1601487176,India,Hyderabad,Bronze,2022-08-16
997,Ronnie,Wallace,Male,moorejoshua@example.org,+91-7998482720,India,Mysore,Silver,2016-02-11
998,Courtney,Lopez,Other,max66@example.net,+91-6618732845,India,Kochi,Bronze,2019-09-29
999,Stephen,Perkins,Male,paulgriffin@example.com,+91-5376933168,India,Kochi,Silver,2019-07-09
1000,Richard,Freeman,Other,tabitharitter@example.org,+91-8402817322,India,Mysore,Bronze,2016-12-15
1001,Laura,Jackson,Female,kathleen29@example.com,+91-443069693,India,Bangalore,Bronze,2022-11-19
1002,Andre,White,Other,gonzalezmatthew@example.net,+91-2519628074,India,Vijayawada,Gold,2016-04-03
1003,Sherry,Ho,Male,masonandrea@example.net,+91-2806825744,India,Vijayawada,Bronze,2017-09-18
1004,Ronnie,Miller,Other,jesus75@example.com,+91-8034697506,India,Kochi,Gold,2021-06-28
1005,Gene,Powers,Other,darryl91@example.org,001-215-987-7417x716,Sao Tome and Principe,Berlin,Bronze,2022-11-19
1006,Calvin,Clark,Female,umontoya@example.net,+91-8413609853,India,Thiruvananthapuram,Gold,2023-05-08
1007,Gregory,Davidson,Male,leah50@example.net,+91-9945943463,India,Visakhapatnam,Platinum,2024-08-29
1008,Donald,Carson,Other,charles71@example.net,(277)349-7851,Guatemala,Toronto,Gold,2015-12-31
1009,Bobby,Mcbride,Other,bmiller@example.org,+91-1959197150,India,Chennai,Gold,2018-07-15
1010,Michael,Ali,Male,robertbennett@example.com,+91-7551338433,India,Mysore,Silver,2021-07-24
1011,Kaitlyn,Brown,Male,whitetravis@example.com,+91-2181066867,India,Madurai,Silver,2017-06-21
1012,Brooke,Sawyer,Female,keithweeks@example.org,+91-7066969608,India,Thiruvananthapuram,Bronze,2018-04-30
1013,Karen,Wright,Female,hallbradley@example.org,+91-8157016207,India,Thiruvananthapuram,Silver,2022-08-31
1014,Russell,Chan,Other,annayu@example.com,+91-3115782430,India,Thiruvananthapuram,Bronze,2023-03-20
1015,Fernando,Cole,Other,bradleycohen@example.com,+91-2917856366,India,Mysore,Silver,2021-01-19
1016,Tony,Barr,Male,angelaball@example.org,+91-2547609350,India,Kochi,Bronze,2021-10-16
1017,Candice,Hill,Male,tiffany23@example.net,001-655-808-4905x3001,Sao Tome and Principe,London,Silver,2025-02-20
1018,Kerry,Pearson,Other,comptonhannah@example.net,+91-8922570183,India,Bangalore,Bronze,2016-06-26
1019,Elizabeth,Horn,Other,xedwards@example.com,+91-9784266295,India,Chennai,Silver,2024-11-30
1020,Patricia,Stein,Male,zmorton@example.org,+91-7819137999,India,Kochi,Silver,2021-11-07
1021,Andrea,Rowe,Male,ashley66@example.com,+91-6533368712,India,Mysore,Bronze,2015-06-27
1022,John,Burgess,Female,williamedwards@example.com,+91-3964758480,India,Thiruvananthapuram,Bronze,2018-02-24
1023,Eileen,Contreras,Female,jill76@example.com,+91-4240619477,India,Kochi,Bronze,2018-10-09
1024,Patty,Kaufman,Female,ethomas@example.net,+91-2802093459,India,Madurai,Bronze,2024-01-28
1025,Aaron,Garcia,Female,nlong@example.com,8718642724,Mali,Toronto,Bronze,2022-10-24
1026,Kimberly,Graham,Other,sextonmeagan@example.com,+91-9530230622,India,Mysore,Bronze,2023-08-01
1027,Mary,Hardy,Female,stoutmary@example.com,+91-4652085761,India,Vijayawada,Gold,2015-11-16
1028,Ashley,Frazier,Male,joseph71@example.org,+91-1089782326,India,Hyderabad,Silver,2015-12-15
1029,Lynn,Cooper,Male,sullivanedwin@example.net,+91-8513533507,India,Kochi,Bronze,2017-02-24
1030,Zachary,Tucker,Other,gatesjames@example.com,001-513-366-1802x44985,Trinidad and Tobago,New York,Silver,2020-06-24
1031,Paul,Maldonado,Male,miguelmartinez@example.com,+91-5412927304,India,Vijayawada,Bronze,2015-07-01
1032,Daryl,Schneider,Other,suttonmatthew@example.com,+91-7658990035,India,Hyderabad,Bronze,2019-11-16
1033,Francisco,Torres,Other,hansonheather@example.com,+91-2948141688,India,Madurai,Silver,2019-04-16
1034,Angela,Mccarty,Male,karen28@example.org,+91-4835031682,India,Visakhapatnam,Bronze,2020-12-13
1035,Brian,Harvey,Female,chrisbrooks@example.net,+91-4426563207,India,Kochi,Gold,2015-06-29
1036,Alexis,Greene,Female,ytaylor@example.net,+91-1064783189,India,Kochi,Silver,2016-08-02
1037,Rhonda,Anderson,Female,martinnicole@example.net,+1-854-456-7244,Antigua and Barbuda,Berlin,Gold,2019-04-24
1038,Heather,Turner,Other,olsonkari@example.net,+91-228941921,India,Hyderabad,Silver,2024-07-03
1039,Christopher,Jackson,Female,dbrown@example.net,+91-44099954,India,Kochi,Platinum,2020-06-06
1040,James,Campos,Other,stephaniewilliams@example.com,501-341-1141,Bosnia and Herzegovina,New York,Bronze,2016-11-10
1041,Michael,Harris,Male,luke58@example.net,+91-3108043308,India,Kochi,Bronze,2015-12-05
1042,Kimberly,Martin,Male,robinsoncaleb@example.com,+91-2747932833,India,Vijayawada,Gold,2019-11-02
1043,Kevin,Davis,Female,sonya89@example.com,+91-4274264679,India,Kochi,Gold,2019-10-22
1044,Melissa,Montes,Other,kristymeyer@example.org,+91-5176418480,India,Hyderabad,Bronze,2017-03-19
1045,Lauren,Carlson,Male,elizabethwalker@example.org,9218843469,Monaco,Toronto,Silver,2018-04-02
1046,Harry,Mccarthy,Other,princedonald@example.com,+91-1189684143,India,Visakhapatnam,Bronze,2017-07-20
1047,Christian,Charles,Male,smithlisa@example.org,670.247.1180x829,South Africa,London,Bronze,2023-06-29
1048,Lindsey,Robinson,Female,randallkyle@example.org,+91-7019131958,India,Chennai,Gold,2019-07-18
1049,Charlotte,Christensen,Other,adamssteven@example.com,+91-3284151713,India,Thiruvananthapuram,Silver,2025-01-18
1050,Angelica,Gonzalez,Male,taylorjoseph@example.org,+91-4937303841,India,Hyderabad,Gold,2015-07-27
1051,Angela,Miranda,Other,rbailey@example.org,+91-8415561864,India,Mysore,Bronze,2020-10-23
1052,Abigail,Smith,Male,abailey@example.com,+91-8055211109,India,Visakhapatnam,Gold,2023-04-22
1053,Lisa,Anderson,Female,dyoung@example.org,+91-7883472741,India,Kochi,Gold,2016-11-12
1054,Joseph,Frank,Female,thomasmendoza@example.net,+91-4411973754,India,Mysore,Bronze,2019-04-06
1055,Corey,Strong,Female,grose@example.com,+91-7809580898,India,Madurai,Silver,2020-05-27
1056,Terri,Neal,Male,mjohnson@example.org,+91-52147784,India,Madurai,Silver,2015-08-30
1057,Linda,Harrison,Male,melaniehancock@example.org,+91-3439756152,India,Madurai,Bronze,2018-12-17
1058,Jessica,Cortez,Other,jaimejones@example.org,+91-1870900677,India,Madurai,Bronze,2022-06-05
1059,Dana,Smith,Other,gbaker@example.org,+91-4936973755,India,Hyderabad,Bronze,2021-07-19
1060,Julie,Mccoy,Female,christopher59@example.com,+91-4640436071,India,Chennai,Bronze,2018-03-03
1061,Alexandra,Diaz,Male,woodnicole@example.org,+91-8228267144,India,Bangalore,Silver,2017-11-09
1062,Hannah,Green,Female,kristine64@example.org,+91-3491965952,India,Chennai,Silver,2023-03-12
1063,Anthony,Henderson,Other,byrdmichael@example.com,+91-3247283513,India,Mysore,Bronze,2022-07-09
1064,Andrea,Thompson,Other,ehall@example.org,+91-3255285417,India,Vijayawada,Bronze,2021-05-27
1065,Timothy,Lloyd,Female,alexanderhaynes@example.net,+91-6336223148,India,Hyderabad,Bronze,2025-02-26
1066,Jacqueline,Schwartz,Female,mcmillandouglas@example.net,+91-5254219100,India,Chennai,Bronze,2016-09-09
1067,Jake,Hernandez,Female,woodjuan@example.org,+91-5420447501,India,Chennai,Silver,2017-10-11
1068,Tanya,Swanson,Female,jasonmontes@example.net,(784)526-5056,Andorra,Paris,Silver,2018-08-19
1069,Johnathan,Smith,Female,jenniferpearson@example.net,+91-1717963438,India,Thiruvananthapuram,Bronze,2016-03-15
1070,David,Bender,Other,jorge51@example.com,+91-4658724465,India,Madurai,Bronze,2021-03-17
1071,Alexander,Bowers,Male,jasminebray@example.com,+91-1355439300,India,Madurai,Gold,2020-09-18
1072,Robert,Young,Male,michaelbrown@example.com,959.827.5622,Madagascar,Berlin,Bronze,2023-06-17
1073,Robert,Wright,Female,warnerlouis@example.org,+91-7740765922,India,Chennai,Bronze,2023-09-15
1074,Wesley,Jordan,Male,zwaller@example.org,+91-3816240654,India,Coimbatore,Gold,2022-05-15
1075,Curtis,Jackson,Female,william33@example.com,+91-7295197584,India,Hyderabad,Bronze,2015-12-27
1076,Johnny,Carter,Other,pjordan@example.com,+91-7574915043,India,Hyderabad,Bronze,2020-07-16
1077,Amber,Love,Other,albertcarroll@example.org,+91-6395319900,India,Coimbatore,Bronze,2015-11-19
1078,Abigail,Oneal,Male,dannyward@example.net,+91-4096889829,India,Hyderabad,Bronze,2022-01-09
1079,Carolyn,Williams,Other,maxprice@example.net,+91-642991212,India,Thiruvananthapuram,Silver,2023-11-14
1080,Kimberly,Nelson,Other,kimberlyschwartz@example.com,676-280-0527,Venezuela,Sydney,Silver,2017-09-19
1081,Tara,Russell,Female,kara66@example.com,688.969.3417,Slovenia,Berlin,Gold,2020-05-09
1082,Maria,Jackson,Other,escobareugene@example.org,+91-7842368302,India,Hyderabad,Bronze,2017-09-20
1083,Philip,Edwards,Other,klowery@example.net,(338)608-2739x8544,French Polynesia,Paris,Bronze,2018-11-23
1084,David,Dudley,Other,katherineflynn@example.net,725.904.9573,Finland,Toronto,Silver,2016-05-24
1085,Bob,Torres,Other,jyates@example.com,+91-369583356,India,Kochi,Platinum,2023-08-31
1086,Monica,Gross,Female,theresalevine@example.org,+91-4426736936,India,Mysore,Silver,2018-12-02
1087,Mallory,Reed,Other,abbottbrenda@example.com,+91-1341563363,India,Hyderabad,Platinum,2023-06-06
1088,Sharon,Townsend,Male,vscott@example.net,608-924-1523,Rwanda,Singapore,Silver,2020-08-18
1089,Ryan,Holmes,Male,jasongordon@example.net,+91-2702708071,India,Coimbatore,Silver,2016-05-17
1090,Jesse,Lopez,Female,jennifersimon@example.net,661.764.2278x22327,Western Sahara,Paris,Bronze,2016-11-15
1091,Erik,Campbell,Other,nkelly@example.org,+91-6194042381,India,Visakhapatnam,Platinum,2021-11-28
1092,Jake,Harris,Male,ellisjudy@example.org,+91-7943772743,India,Chennai,Bronze,2024-02-09
1093,Morgan,Carlson,Female,jonathan00@example.org,+91-8707272351,India,Thiruvananthapuram,Bronze,2021-03-20
1094,John,Martinez,Female,matthew75@example.org,+91-7794321371,India,Kochi,Bronze,2023-02-17
1095,Sean,Clark,Female,nhall@example.org,+91-9356322863,India,Chennai,Silver,2020-06-14
1096,Angelica,Andersen,Female,xmoyer@example.com,+91-4402164448,India,Coimbatore,Silver,2019-12-26
1097,Adrian,Rice,Other,vmorgan@example.com,+91-5255939128,India,Coimbatore,Silver,2021-05-06
1098,Randall,Preston,Male,harpersteven@example.net,+91-5754010058,India,Bangalore,Bronze,2018-06-14
1099,Benjamin,Bradshaw,Male,denisebauer@example.com,+91-2043414121,India,Mysore,Bronze,2017-09-11
1100,Katherine,Strong,Female,marilyn42@example.org,+91-3847699245,India,Chennai,Bronze,2015-05-15
1101,Nicholas,Adams,Female,parkeramanda@example.com,+91-1694855408,India,Chennai,Gold,2022-01-15
1102,Sandra,Robinson,Female,brandonvillegas@example.com,+91-1358779881,India,Kochi,Gold,2019-03-07
1103,Cassandra,Lester,Female,weavertonya@example.org,+1-208-755-4322,Mexico,Toronto,Bronze,2020-07-06
1104,Andrew,Medina,Other,courtneymercer@example.org,+91-8344123612,India,Kochi,Bronze,2019-01-23
1105,Carmen,Willis,Other,kfranklin@example.net,+91-3237397089,India,Thiruvananthapuram,Platinum,2023-12-28
1106,Ronald,Wilson,Male,tiffanywilliams@example.net,001-652-911-8297x5619,Dominican Republic,Sydney,Silver,2018-10-06
1107,Jonathan,Black,Male,kramerchristopher@example.net,+91-504671910,India,Mysore,Gold,2021-08-15
1108,Nicole,Shaw,Male,hjones@example.net,+91-6830333262,India,Madurai,Bronze,2024-01-28
1109,Michelle,Anderson,Other,gwang@example.net,+91-1089896886,India,Visakhapatnam,Bronze,2017-06-05
1110,Kathryn,Jackson,Other,clarkejennifer@example.org,+91-9224060258,India,Thiruvananthapuram,Silver,2021-11-12
1111,Susan,Ross,Other,williamcooper@example.com,+91-716714584,India,Madurai,Platinum,2019-03-19
1112,Brandy,Smith,Female,youngelizabeth@example.org,+91-7571729978,India,Visakhapatnam,Bronze,2018-12-09
1113,Tyler,Conley,Male,madison59@example.net,578-807-8913,Saint Lucia,Sydney,Silver,2017-12-05
1114,Kelly,Kennedy,Other,lauren56@example.org,+91-3356368750,India,Bangalore,Bronze,2024-10-19
1115,Valerie,Buck,Other,olsonlori@example.com,+91-8743269084,India,Chennai,Platinum,2020-09-04
1116,Ebony,Decker,Other,richardpacheco@example.net,+91-6947585300,India,Madurai,Gold,2019-10-19
1117,Kathleen,Everett,Other,armstrongmitchell@example.net,+91-6335047323,India,Bangalore,Gold,2022-02-22
1118,Natalie,Whitehead,Other,brandon12@example.net,+91-5315038809,India,Vijayawada,Bronze,2019-07-20
1119,Joseph,Bowers,Male,pruittgail@example.net,+91-5932595090,India,Visakhapatnam,Bronze,2021-05-08
1120,Noah,Wilson,Male,contreraserik@example.net,+91-9736862462,India,Bangalore,Silver,2023-05-25
1121,Brian,Carpenter,Female,brian14@example.net,+91-9689541171,India,Thiruvananthapuram,Gold,2022-03-28
1122,Johnny,Tapia,Other,lopezjennifer@example.com,+91-8959437016,India,Chennai,Bronze,2021-02-05
1123,Elizabeth,Phillips,Male,ebruce@example.org,+91-5355201141,India,Hyderabad,Platinum,2016-10-19
1124,Paul,Chavez,Male,ztorres@example.net,+91-1892839097,India,Bangalore,Bronze,2016-01-10
1125,Courtney,Harvey,Other,brittanyleonard@example.com,+91-5752999001,India,Kochi,Bronze,2017-08-11
1126,Dominique,Sanchez,Female,megan34@example.com,+91-6509432802,India,Hyderabad,Silver,2023-10-08
1127,James,Robinson,Male,sburns@example.org,+91-273073004,India,Madurai,Bronze,2024-10-24
1128,John,Koch,Female,uwarner@example.com,+91-736261435,India,Coimbatore,Bronze,2023-05-30
1129,Amy,Long,Female,ocoleman@example.org,+91-2526343576,India,Bangalore,Gold,2022-01-20
1130,Renee,Curtis,Other,johnsonveronica@example.com,+1-614-765-1015x1520,Argentina,Dubai,Platinum,2017-01-23
1131,Teresa,Serrano,Female,djohnson@example.org,+91-5367642192,India,Madurai,Gold,2017-06-13
1132,Cole,Pierce,Male,kelly01@example.org,+91-5749654594,India,Visakhapatnam,Silver,2018-12-18
1133,Martin,Neal,Female,nancywhite@example.net,+91-7133576472,India,Bangalore,Bronze,2021-06-06
1134,Patricia,Nelson,Male,danielmorton@example.net,+91-719267526,India,Bangalore,Gold,2018-06-15
1135,Kayla,Fowler,Female,brownshannon@example.org,+91-1618495317,India,Bangalore,Silver,2019-07-16
1136,Wanda,Harris,Male,vgarcia@example.org,+91-3879513449,India,Madurai,Silver,2024-08-22
1137,Lori,Everett,Male,michelleross@example.net,+91-4199360694,India,Vijayawada,Gold,2017-01-27
1138,Kenneth,Hall,Female,garciatodd@example.org,+91-4927917804,India,Coimbatore,Silver,2022-11-23
1139,Alex,Phillips,Female,robinsonrobin@example.org,+91-7922460239,India,Mysore,Gold,2021-07-07
1140,Kimberly,Wright,Female,tscott@example.com,+91-2488156995,India,Vijayawada,Bronze,2023-09-19
1141,Rachel,Roberts,Female,gthomas@example.net,+91-5200905291,India,Coimbatore,Bronze,2017-03-08
1142,Alexis,Carter,Male,meyercarrie@example.net,+91-9541432699,India,Mysore,Bronze,2022-10-10
1143,Wesley,Mack,Other,riveralacey@example.net,+91-9397851348,India,Vijayawada,Bronze,2024-05-05
1144,Kayla,Mccall,Female,scotterica@example.net,247.610.0608,Brunei Darussalam,Tokyo,Bronze,2023-08-28
1145,Samantha,Sanchez,Other,vgregory@example.com,+91-2796514340,India,Thiruvananthapuram,Bronze,2021-09-06
1146,Steven,Jones,Other,karl90@example.net,994.918.8546x198,Lebanon,Toronto,Bronze,2023-06-15
1147,Dawn,Padilla,Other,freemananthony@example.org,+91-3724718737,India,Visakhapatnam,Gold,2022-07-04
1148,Brittany,Flores,Male,paulbrown@example.org,+91-866633528,India,Bangalore,Platinum,2021-12-27
1149,Lindsay,Mendez,Other,bmichael@example.net,541-987-8956x01862,Mauritius,Dubai,Silver,2024-01-08
1150,Andrew,Elliott,Male,mcconnelltamara@example.net,+91-1482732977,India,Vijayawada,Gold,2020-07-12
1151,Christopher,Morrow,Other,stephanie22@example.net,+91-9142538739,India,Kochi,Gold,2023-06-09
1152,Shaun,Mccarthy,Male,margaret32@example.com,+91-6199585926,India,Visakhapatnam,Silver,2022-09-05
1153,Patrick,Perez,Other,likimberly@example.net,+91-4254134076,India,Chennai,Bronze,2016-12-28
1154,Benjamin,Chapman,Other,patelcatherine@example.com,+91-6415784628,India,Kochi,Platinum,2017-12-11
1155,James,Madden,Female,maryclarke@example.org,+91-8515457987,India,Bangalore,Silver,2016-12-18
1156,Darren,Francis,Male,rachelsmith@example.net,+91-6244262988,India,Kochi,Gold,2021-12-17
1157,Jonathan,Smith,Other,lisa53@example.org,+91-9918743338,India,Bangalore,Bronze,2018-10-31
1158,Sheryl,Brown,Female,allisonwong@example.com,+91-967427551,India,Mysore,Silver,2017-05-10
1159,Catherine,Newton,Male,mosleycynthia@example.com,+91-3446975454,India,Vijayawada,Bronze,2017-06-05
1160,Robert,Smith,Female,leslierhodes@example.net,+91-9599087391,India,Visakhapatnam,Gold,2019-06-28
1161,Samuel,Patel,Other,mariegreen@example.com,+1-773-317-8807x755,Russian Federation,Tokyo,Bronze,2020-09-10
1162,Jeffery,Holland,Male,kellyfrancisco@example.com,001-234-969-9355x24874,Mongolia,New York,Bronze,2019-01-13
1163,John,Guzman,Female,elizabeth60@example.org,+91-841951355,India,Madurai,Silver,2016-03-30
1164,Dean,Duran,Male,mgreen@example.net,+91-6255740450,India,Thiruvananthapuram,Silver,2018-04-09
1165,James,Sandoval,Other,barry48@example.com,(375)256-4554x2249,Lesotho,Paris,Silver,2021-07-23
1166,Kathy,Dillon,Other,angela70@example.org,+91-7087107468,India,Visakhapatnam,Silver,2018-08-10
1167,Julie,Reynolds,Other,lbentley@example.net,+91-1647521045,India,Bangalore,Bronze,2024-07-29
1168,Hannah,Blackwell,Female,cbaird@example.org,+91-8981006869,India,Hyderabad,Silver,2023-10-02
1169,Nancy,Bowman,Other,garciamariah@example.org,+91-2931709336,India,Mysore,Bronze,2024-07-31
1170,Parker,Chavez,Other,alexanderbrian@example.com,001-678-642-6729x680,Serbia,Paris,Platinum,2021-01-31
1171,Angela,Adams,Male,ssimpson@example.org,+91-6524206105,India,Coimbatore,Silver,2022-11-27
1172,Tonya,Wolf,Female,michael84@example.org,+91-9819731409,India,Hyderabad,Silver,2020-06-07
1173,Robin,Owens,Other,alicia92@example.net,+91-2140473516,India,Kochi,Silver,2021-02-03
1174,Johnathan,Howard,Other,ylane@example.net,+91-740364301,India,Mysore,Bronze,2025-01-30
1175,Mark,Mcdonald,Other,wwolf@example.net,+91-4450721550,India,Vijayawada,Bronze,2018-03-31
1176,Andrew,Montgomery,Female,sandra22@example.com,+91-2958759273,India,Madurai,Silver,2019-04-22
1177,Courtney,Young,Male,lisaanderson@example.com,+91-4728055505,India,Kochi,Bronze,2019-05-01
1178,Karl,Thompson,Female,anthonybuck@example.com,+91-2105758018,India,Thiruvananthapuram,Gold,2021-02-22
1179,Kimberly,Castaneda,Other,jwilliamson@example.net,815-305-8396,Tajikistan,Paris,Bronze,2024-01-18
1180,Toni,Gould,Female,apowers@example.org,4562272480,Cayman Islands,Berlin,Silver,2017-01-19
1181,Lisa,Cooper,Female,clarkmichael@example.net,+91-2874438500,India,Hyderabad,Bronze,2022-11-21
1182,Toni,Taylor,Female,denisemitchell@example.com,+91-1699189556,India,Madurai,Bronze,2021-11-14
1183,Ian,Davidson,Female,kayla94@example.com,+91-152371855,India,Mysore,Silver,2016-10-09
1184,Adam,Arnold,Other,yowens@example.org,+91-694528549,India,Chennai,Silver,2023-07-01
1185,Brett,Ramirez,Male,coreybutler@example.com,+91-1252076413,India,Coimbatore,Bronze,2020-10-12
1186,Jessica,Bridges,Female,ysuarez@example.net,+91-6779628110,India,Kochi,Bronze,2021-01-12
1187,Ronald,Bridges,Female,julie04@example.com,+91-7658296811,India,Kochi,Bronze,2021-03-07
1188,Kiara,Acosta,Female,felicialyons@example.com,001-371-282-2036,Bosnia and Herzegovina,Los Angeles,Platinum,2016-04-30
1189,Dawn,Flores,Male,bryanarmstrong@example.net,+91-6951365344,India,Thiruvananthapuram,Gold,2020-06-09
1190,Karen,Carroll,Female,mackenzie65@example.net,+91-18282442,India,Vijayawada,Silver,2018-07-26
1191,Mary,Castillo,Other,deverett@example.net,+91-2685391192,India,Mysore,Bronze,2024-03-22
1192,Sheila,Wheeler,Female,pstein@example.org,+91-5327073070,India,Kochi,Silver,2016-08-23
1193,Jill,Rodriguez,Female,josephsherman@example.org,+91-8420096360,India,Madurai,Bronze,2019-11-01
1194,Latoya,Rios,Other,tracey71@example.net,+91-8868921105,India,Kochi,Silver,2020-12-16
1195,Justin,Freeman,Other,warrentimothy@example.com,+91-4860268772,India,Madurai,Bronze,2015-09-24
1196,Jesse,Moore,Other,derekthomas@example.com,+91-4050298997,India,Kochi,Silver,2020-10-09
1197,Sandy,Johnson,Male,hbaker@example.net,+91-7268769989,India,Visakhapatnam,Gold,2016-11-02
1198,John,Duke,Other,vanessa98@example.org,+91-8695352509,India,Hyderabad,Gold,2018-04-05
1199,Bruce,Martinez,Male,qmorgan@example.org,+91-4914694351,India,Kochi,Bronze,2024-08-31
1200,Patricia,Edwards,Other,lauren86@example.net,+91-1966366097,India,Hyderabad,Bronze,2021-04-29
1201,Alicia,Brown,Other,sara26@example.net,+91-8176142855,India,Thiruvananthapuram,Platinum,2020-09-30
1202,Julie,Glenn,Male,brittany62@example.com,+91-7368435346,India,Hyderabad,Bronze,2017-11-13
1203,Allison,Olson,Other,wesley34@example.org,+91-7220697988,India,Hyderabad,Gold,2025-04-02
1204,Bonnie,Maxwell,Female,guzmanwilliam@example.com,+91-7525268424,India,Kochi,Bronze,2017-10-30
1205,Karen,Marshall,Female,troyowens@example.com,+91-8328107083,India,Hyderabad,Silver,2019-08-01
1206,Brenda,Hall,Other,joseph51@example.net,436.419.8014x210,Paraguay,London,Gold,2019-12-17
1207,James,Garrett,Male,christopherford@example.org,+91-5645393702,India,Mysore,Platinum,2017-12-29
1208,Rebecca,Taylor,Male,blara@example.com,+91-1725795155,India,Vijayawada,Gold,2023-07-02
1209,Rachel,Thompson,Female,zgarner@example.net,+91-9200838128,India,Mysore,Platinum,2021-08-31
1210,Charles,Stevens,Female,phillipsstephanie@example.com,+91-4765032616,India,Kochi,Silver,2024-07-02
1211,Shelley,Nicholson,Other,andrewssamantha@example.com,+91-9826972845,India,Mysore,Bronze,2022-05-24
1212,Jonathon,Moyer,Other,christopher25@example.net,+91-5209104146,India,Vijayawada,Bronze,2024-05-12
1213,Maureen,Phillips,Other,andrewmendoza@example.net,+91-9075464216,India,Visakhapatnam,Platinum,2023-03-03
1214,Sarah,Small,Other,travisjohnson@example.net,+91-7998399676,India,Visakhapatnam,Silver,2019-04-12
1215,Jennifer,Simmons,Male,thomasmitchell@example.org,+91-5651480640,India,Coimbatore,Bronze,2021-04-03
1216,Mark,West,Female,eugene11@example.org,+91-4653181781,India,Hyderabad,Bronze,2018-02-06
1217,Thomas,Carter,Male,kimberlyhunt@example.net,+91-1768006372,India,Hyderabad,Silver,2016-01-09
1218,Robert,Reed,Male,stevenholden@example.org,+91-3109429827,India,Kochi,Silver,2021-05-04
1219,Christopher,Reynolds,Male,patriciamoreno@example.net,+91-2131725082,India,Chennai,Gold,2016-08-21
1220,Lori,Ibarra,Male,htodd@example.com,001-872-381-7701,Bhutan,Paris,Gold,2016-01-12
1221,Richard,Wallace,Other,steven67@example.org,+91-8176035144,India,Chennai,Silver,2018-07-23
1222,Blake,Gonzalez,Other,shoffman@example.net,+91-3822079636,India,Visakhapatnam,Gold,2016-03-06
1223,Jermaine,Bond,Female,allisonlarson@example.com,+91-5546245635,India,Bangalore,Silver,2023-07-13
1224,Nancy,Valenzuela,Other,uterry@example.org,001-991-748-2884x4359,South Africa,Berlin,Silver,2020-12-26
1225,Ashley,Smith,Other,slynch@example.net,+91-4551014102,India,Chennai,Gold,2023-03-03
1226,Jessica,Mcmillan,Other,daniel66@example.com,+91-8658277092,India,Bangalore,Silver,2023-10-26
1227,Edward,Jones,Male,parkkatherine@example.com,+91-1792529157,India,Vijayawada,Bronze,2024-03-01
1228,Janet,Lewis,Other,rsmith@example.com,6538295980,Senegal,Toronto,Bronze,2023-04-04
1229,Melissa,Grant,Female,jeremy07@example.com,+91-3917233072,India,Bangalore,Bronze,2020-08-20
1230,Erin,Hernandez,Female,jessicamoore@example.com,+91-3475402750,India,Vijayawada,Silver,2024-06-22
1231,Marissa,Flores,Male,jessica34@example.net,+91-8857915743,India,Vijayawada,Gold,2019-11-24
1232,Pamela,Colon,Female,inguyen@example.com,+91-5683665101,India,Coimbatore,Bronze,2023-03-14
1233,Rachel,Nelson,Male,odonnelltara@example.net,+91-3762851122,India,Coimbatore,Bronze,2023-02-05
1234,Katherine,Carlson,Male,wesleyhorton@example.com,+91-809654391,India,Coimbatore,Platinum,2022-07-09
1235,Zachary,Richards,Male,moorestephanie@example.net,+91-4206043963,India,Madurai,Platinum,2018-03-12
1236,Allen,Valencia,Other,fishermegan@example.org,+91-4636899061,India,Thiruvananthapuram,Silver,2019-06-02
1237,Shane,Vasquez,Male,kylie58@example.net,+91-9416577447,India,Bangalore,Bronze,2020-05-16
1238,Lisa,Sandoval,Male,justin42@example.com,+91-6259515547,India,Thiruvananthapuram,Silver,2017-05-14
1239,Jonathan,Diaz,Male,tgreen@example.com,+91-606759897,India,Vijayawada,Bronze,2017-12-26
1240,Rebecca,Adams,Female,jeffrey29@example.com,+91-507946877,India,Coimbatore,Bronze,2015-12-02
1241,Deanna,Watkins,Male,barbaramitchell@example.org,6648778195,Nigeria,Sydney,Bronze,2015-09-21
1242,William,Palmer,Female,rwilkinson@example.org,+91-827907007,India,Kochi,Silver,2025-03-27
1243,Jessica,Guzman,Male,gregory62@example.com,5893264357,Antigua and Barbuda,Sydney,Silver,2016-09-15
1244,Kevin,Berry,Other,floresalexander@example.net,665.408.8296x53778,Liechtenstein,Toronto,Silver,2020-09-26
1245,Rodney,Walton,Female,angeladay@example.net,+91-7660422995,India,Kochi,Gold,2020-12-26
1246,John,Ramos,Other,jenniferphillips@example.com,+91-6537071501,India,Hyderabad,Bronze,2023-07-14
1247,Joshua,Buchanan,Male,donald79@example.com,+91-1599594982,India,Vijayawada,Silver,2016-06-22
1248,Stephanie,Bonilla,Other,gjohnson@example.net,+91-5266415429,India,Visakhapatnam,Bronze,2017-07-22
1249,Madison,Johnson,Female,waynehaney@example.com,+91-1583341658,India,Madurai,Bronze,2024-05-30
1250,Jason,Grant,Other,morganschaefer@example.net,+91-2918115203,India,Vijayawada,Bronze,2023-09-21
1251,Laurie,Moses,Male,amanda55@example.com,+91-6196817855,India,Coimbatore,Silver,2020-11-17
1252,Victoria,Keller,Female,kaitlincollins@example.net,378-495-4639x783,Monaco,Berlin,Bronze,2020-09-28
1253,Sydney,Ramos,Other,henry99@example.org,(459)465-9235,China,Sydney,Gold,2015-11-06
1254,Kathy,Beck,Male,bushmargaret@example.com,+91-9270183576,India,Chennai,Gold,2015-12-02
1255,Laura,Harmon,Male,duncananna@example.com,463-897-0065x146,Palau,Singapore,Silver,2024-09-22
1256,David,Montgomery,Male,gregory26@example.com,+91-5650071914,India,Mysore,Platinum,2022-05-21
1257,Mary,Roberts,Male,rjohnson@example.net,+91-1389456767,India,Bangalore,Platinum,2021-07-17
1258,Victoria,Parsons,Other,larryturner@example.net,+91-5100883530,India,Chennai,Bronze,2025-03-18
1259,Anthony,Gardner,Male,usanchez@example.net,+1-926-333-6515,Algeria,New York,Gold,2016-02-21
1260,Caleb,Walker,Male,judyriggs@example.org,374.532.4192x80241,Ireland,New York,Bronze,2019-08-18
1261,Nicole,Ritter,Other,mary75@example.net,+91-5712773966,India,Bangalore,Platinum,2015-08-18
1262,Richard,Brown,Female,johnshah@example.org,+91-1646040431,India,Visakhapatnam,Silver,2023-12-05
1263,Michael,Porter,Female,joseph50@example.net,+91-4563621877,India,Bangalore,Gold,2019-07-01
1264,Ronald,Lowe,Male,jessica92@example.net,+91-9964803441,India,Chennai,Bronze,2015-04-28
1265,William,Rodriguez,Female,bedwards@example.net,+91-627450754,India,Madurai,Bronze,2024-07-24
1266,Lisa,Hamilton,Female,uhernandez@example.org,778-521-6845x5711,Gabon,Los Angeles,Silver,2019-11-09
1267,Monica,Delgado,Female,keykaren@example.net,001-925-463-5800,Latvia,Sydney,Bronze,2018-02-06
1268,Sheri,Lamb,Other,michelle95@example.org,236.407.5098,Australia,Berlin,Bronze,2017-05-17
1269,Rodney,Rosales,Female,asalinas@example.net,+1-238-980-4767x01508,Australia,London,Bronze,2019-05-09
1270,Alexis,Burton,Female,ahicks@example.org,+91-7829150369,India,Chennai,Gold,2021-04-21
1271,Suzanne,Russell,Other,joshua04@example.org,322-562-3593x4299,Tanzania,Tokyo,Silver,2024-12-10
1272,Fred,Stewart,Female,christinalevy@example.org,+91-5306167822,India,Hyderabad,Bronze,2015-12-14
1273,Matthew,Reyes,Other,wbanks@example.net,+91-8831876357,India,Bangalore,Platinum,2015-11-04
1274,Joshua,Huffman,Other,omason@example.org,697-438-3587x72002,Russian Federation,Dubai,Platinum,2016-04-28
1275,Nicole,Stevens,Other,harveyjulia@example.com,+91-3342543672,India,Vijayawada,Bronze,2023-02-24
1276,Mark,Khan,Female,xbullock@example.org,+91-1238617409,India,Mysore,Gold,2022-04-24
1277,Elizabeth,Schmidt,Other,meyerangela@example.com,+91-4172140374,India,Bangalore,Silver,2016-06-29
1278,Lisa,Porter,Female,laura14@example.net,+91-2228669332,India,Vijayawada,Gold,2015-12-11
1279,Andrew,Phillips,Other,ballardjames@example.org,+91-5968724189,India,Coimbatore,Bronze,2018-01-21
1280,Jillian,Lin,Other,washingtonjanet@example.org,001-431-600-5387x55501,French Guiana,Sydney,Bronze,2016-08-29
1281,William,Alexander,Male,carla27@example.org,884.383.9018x78296,Wallis and Futuna,Singapore,Silver,2021-01-04
1282,Jennifer,Fleming,Female,geraldbeltran@example.net,531-985-9917,Congo,London,Gold,2019-06-14
1283,Danielle,Rios,Female,samanthagiles@example.com,+91-6630092389,India,Thiruvananthapuram,Silver,2024-12-12
1284,Ashley,Hester,Male,morrisonbrandon@example.org,5005035701,Austria,Paris,Silver,2017-02-02
1285,Christopher,Clark,Male,mcclurebrooke@example.org,+91-8628519774,India,Hyderabad,Bronze,2017-07-06
1286,Jody,Smith,Other,markochoa@example.com,+91-423904675,India,Chennai,Bronze,2021-08-05
1287,Rebecca,Fox,Female,markmckenzie@example.com,+91-1430348005,India,Mysore,Silver,2016-10-23
1288,Cynthia,Evans,Other,cruzsandra@example.org,+91-1851579737,India,Thiruvananthapuram,Silver,2015-07-05
1289,Michelle,Wright,Male,micheleshepherd@example.net,+91-8279817542,India,Chennai,Bronze,2017-01-30
1290,Tyler,Ayers,Male,wmarsh@example.net,+91-4683304152,India,Vijayawada,Bronze,2023-07-18
1291,Scott,York,Other,alyssabaker@example.net,+91-1467044496,India,Hyderabad,Silver,2020-12-21
1292,Logan,Miller,Female,tknight@example.com,+1-238-882-2486x014,Saudi Arabia,Berlin,Bronze,2022-10-18
1293,Kayla,Jennings,Other,amandawelch@example.com,+1-824-856-5442x673,Latvia,Sydney,Gold,2021-02-16
1294,Steven,Maxwell,Male,charlesnguyen@example.net,+91-6611129617,India,Bangalore,Gold,2019-10-05
1295,Victoria,Webster,Male,danielsjessica@example.net,+91-900567697,India,Chennai,Bronze,2022-02-22
1296,Jackson,Miller,Other,melissa62@example.net,+91-6776515021,India,Coimbatore,Bronze,2024-07-12
1297,Brittany,Tucker,Other,gheath@example.net,652.866.6659,Libyan Arab Jamahiriya,London,Bronze,2020-02-02
1298,James,Santana,Female,shannonosborne@example.net,+91-3515553486,India,Madurai,Gold,2024-05-12
1299,Ashley,Thompson,Male,portiz@example.net,+91-1180831118,India,Hyderabad,Bronze,2016-10-18
1300,Brandon,Taylor,Male,amandacampbell@example.org,+91-6238314553,India,Bangalore,Bronze,2019-06-03
1301,Bruce,Freeman,Male,michael90@example.com,+91-933828021,India,Thiruvananthapuram,Silver,2020-08-12
1302,Omar,Soto,Female,lindseythompson@example.net,685-284-9557x36603,Cameroon,Dubai,Silver,2024-10-08
1303,Thomas,Powell,Female,awyatt@example.net,+91-3543526411,India,Vijayawada,Gold,2017-01-28
1304,William,Cortez,Female,hernandezandrea@example.org,+91-8125755899,India,Bangalore,Gold,2021-04-05
1305,Nicholas,Shepherd,Other,jacksonjordan@example.org,+91-6181845861,India,Mysore,Silver,2022-10-25
1306,Julie,Leonard,Female,nolanmelinda@example.org,+91-8794387974,India,Mysore,Bronze,2018-05-01
1307,Tamara,Young,Other,lance24@example.org,+91-5608255236,India,Chennai,Bronze,2022-03-28
1308,Christopher,Walters,Male,wbowen@example.net,+91-4222736175,India,Visakhapatnam,Gold,2021-04-05
1309,Deborah,Elliott,Other,austinjohnson@example.org,+1-608-650-435,Cameroon,Paris,Silver,2017-12-27
1310,Alexander,Moore,Other,lmcgee@example.com,+91-2958694904,India,Thiruvananthapuram,Bronze,2020-07-17
1311,Michael,Cruz,Other,craigrobert@example.org,+91-6819048387,India,Vijayawada,Bronze,2022-06-05
1312,Diane,Robbins,Female,dominic37@example.com,+91-9659167053,India,Bangalore,Silver,2021-10-31
1313,Cindy,Simpson,Male,terry06@example.org,+91-6026120112,India,Coimbatore,Bronze,2017-12-19
1314,Mary,Knox,Male,vfrancis@example.org,+91-9925343646,India,Visakhapatnam,Bronze,2015-10-05
1315,Melissa,Neal,Male,karenjackson@example.net,+91-5941980638,India,Madurai,Gold,2020-05-24
1316,Sandra,Mendoza,Male,orichmond@example.com,+91-7776877390,India,Visakhapatnam,Silver,2018-11-06
1317,Drew,Reese,Female,jason65@example.net,+91-266476474,India,Visakhapatnam,Gold,2017-07-25
1318,Julie,Campbell,Other,madelinestewart@example.org,+91-2293589820,India,Mysore,Platinum,2023-10-05
1319,Corey,Frye,Female,kirsten92@example.net,417-896-2046,China,Los Angeles,Silver,2019-12-10
1320,Timothy,Hernandez,Male,debbie00@example.org,+91-6742955322,India,Bangalore,Gold,2021-09-22
1321,Timothy,Lang,Other,asmith@example.org,+91-772285230,India,Madurai,Platinum,2022-05-29
1322,Briana,Thompson,Male,joshua07@example.com,+91-444449464,India,Hyderabad,Platinum,2020-09-13
1323,Kimberly,Kennedy,Male,gonzalezhailey@example.org,+91-7880481090,India,Bangalore,Platinum,2021-04-03
1324,Travis,Ford,Other,melissabush@example.com,+91-8952611164,India,Coimbatore,Silver,2022-04-12
1325,Timothy,Andrews,Other,adkinspaul@example.net,+91-2755301022,India,Visakhapatnam,Bronze,2017-03-25
1326,Albert,Montgomery,Female,edwardsjennifer@example.net,592-959-3378,Korea,Paris,Bronze,2018-09-04
1327,Mallory,Wheeler,Other,matthew88@example.com,+91-4304376488,India,Mysore,Silver,2017-04-26
1328,Matthew,Suarez,Male,elizabethallen@example.org,+91-6610793209,India,Bangalore,Bronze,2022-06-19
1329,Daniel,Wilson,Other,omurphy@example.net,+91-7104032638,India,Vijayawada,Gold,2022-05-16
1330,Christopher,Johnson,Other,carolinemorris@example.com,+91-7141547930,India,Coimbatore,Platinum,2025-03-26
1331,Kathryn,Bryant,Male,nguyenandrea@example.net,+91-2403781854,India,Vijayawada,Silver,2016-01-01
1332,Emma,Gonzalez,Male,lesliehernandez@example.org,+91-2749484209,India,Madurai,Gold,2021-11-14
1333,Willie,Weaver,Other,michaelrodriguez@example.com,+91-5729741187,India,Kochi,Bronze,2019-06-30
1334,Jonathan,Owen,Other,xbrown@example.net,+91-1675259878,India,Visakhapatnam,Bronze,2022-01-23
1335,Sara,Brown,Female,tdelgado@example.com,+91-708266918,India,Coimbatore,Silver,2024-12-12
1336,Rachel,Soto,Other,ylozano@example.com,(584)766-9379,United States Minor Outlying Islands,Dubai,Silver,2024-12-03
1337,Christopher,Taylor,Female,galvanmaria@example.net,+91-2259899647,India,Vijayawada,Silver,2019-07-09
1338,Ashley,Thomas,Female,wball@example.net,+91-6532373617,India,Vijayawada,Silver,2019-08-22
1339,Jason,Dorsey,Female,elaine15@example.org,(561)459-4937,Mali,Singapore,Bronze,2025-04-04
1340,Julie,Wiley,Other,uhorton@example.com,578.351.5139x5948,Tanzania,London,Silver,2016-11-19
1341,Benjamin,Fitzgerald,Male,edwardallen@example.org,+91-8941917829,India,Vijayawada,Bronze,2022-03-16
1342,Mary,Morrow,Female,bensonjoseph@example.net,+91-4829790985,India,Madurai,Silver,2025-02-07
1343,Megan,Long,Female,vincentmartin@example.net,+91-1712123025,India,Kochi,Gold,2018-12-01
1344,Timothy,Marshall,Male,ghaas@example.com,+91-6498561288,India,Kochi,Gold,2016-12-31
1345,Michelle,Perez,Other,watkinsamber@example.net,+91-9102208290,India,Madurai,Silver,2025-01-24
1346,Aaron,Drake,Male,kristenkim@example.org,(755)365-6219x5794,Northern Mariana Islands,Los Angeles,Platinum,2024-03-27
1347,Jeffrey,Bates,Female,fisherjoshua@example.com,+91-1694603967,India,Hyderabad,Bronze,2024-09-17
1348,Rebecca,Reed,Other,jarmstrong@example.net,+91-3296354710,India,Visakhapatnam,Bronze,2017-02-08
1349,Denise,Thompson,Female,nlopez@example.com,+91-2027197725,India,Bangalore,Bronze,2018-06-02
1350,Anthony,Moore,Other,huynhgary@example.org,+91-3645886191,India,Vijayawada,Bronze,2021-06-02
1351,Michael,Davis,Female,torreschristina@example.org,+91-694436971,India,Kochi,Silver,2019-07-21
1352,Kim,Williams,Male,ncannon@example.com,259.825.4765x92370,Saint Helena,Tokyo,Silver,2015-09-14
1353,Matthew,Bolton,Male,harrisryan@example.com,+91-6832877168,India,Bangalore,Platinum,2021-09-20
1354,Jennifer,Richardson,Other,robert10@example.com,+91-4376498782,India,Vijayawada,Silver,2022-06-02
1355,Theresa,Spence,Other,bradleyunderwood@example.net,+91-6162937240,India,Mysore,Bronze,2023-03-08
1356,Christopher,Mejia,Male,douglasjoseph@example.org,395-506-1963x53395,Svalbard & Jan Mayen Islands,Los Angeles,Bronze,2016-10-16
1357,Amy,Sweeney,Other,evansjason@example.com,+91-3615416844,India,Vijayawada,Bronze,2025-04-16
1358,Melissa,Lee,Female,melissakennedy@example.net,+91-119951751,India,Mysore,Bronze,2020-11-15
1359,Bryan,Mccarthy,Other,cheryljackson@example.net,+91-2706677220,India,Madurai,Silver,2020-03-21
1360,Shane,Brown,Male,beardkaitlyn@example.com,594.356.9048x1064,Antigua and Barbuda,Toronto,Platinum,2017-04-13
1361,Dylan,Harris,Male,nharris@example.net,+91-4502056616,India,Mysore,Gold,2018-03-09
1362,Kristen,Vazquez,Male,johnsonbrittney@example.com,+91-7834308364,India,Madurai,Bronze,2020-03-22
1363,Rachel,Duncan,Male,wardmichelle@example.com,+91-1591631191,India,Kochi,Bronze,2023-12-29
1364,Danielle,Hanson,Other,llewis@example.org,+91-5948194358,India,Coimbatore,Bronze,2018-05-28
1365,Pamela,Rodriguez,Female,nathan18@example.net,+91-4848797303,India,Kochi,Bronze,2021-04-08
1366,Matthew,Vazquez,Male,kerryrios@example.com,+91-9764397082,India,Vijayawada,Silver,2019-01-12
1367,Nicholas,Peters,Male,pmiller@example.org,+91-5837421307,India,Visakhapatnam,Bronze,2025-02-02
1368,Sheila,Barrera,Other,marcuscrawford@example.com,+91-614824616,India,Chennai,Bronze,2023-02-10
1369,Colin,Mccoy,Male,nicole85@example.net,+91-666818628,India,Chennai,Bronze,2015-11-02
1370,Rebecca,Adams,Other,jeremyortiz@example.com,+91-3087454709,India,Bangalore,Gold,2017-05-01
1371,Jeffery,Simmons,Female,cherylalvarez@example.net,+91-6275423639,India,Mysore,Silver,2018-03-10
1372,Hannah,Serrano,Female,sharon03@example.com,+91-8416219335,India,Kochi,Platinum,2023-12-15
1373,Jonathan,Wilcox,Female,jeffreystevens@example.org,+91-3018049788,India,Visakhapatnam,Platinum,2017-05-24
1374,Timothy,Grant,Other,tpatterson@example.com,+91-2588833901,India,Madurai,Gold,2015-05-05
1375,Travis,Wilson,Female,stacey02@example.org,+91-7129507113,India,Kochi,Silver,2021-04-13
1376,Marie,Clark,Male,wagneranna@example.net,+91-796384938,India,Vijayawada,Bronze,2022-08-08
1377,James,Olson,Other,samanthamoreno@example.com,+91-3346538002,India,Madurai,Bronze,2020-01-16
1378,Jocelyn,Brown,Other,wilkinsrenee@example.org,+91-5495316860,India,Chennai,Gold,2024-09-01
1379,Elizabeth,Gordon,Female,christinamccarthy@example.net,+91-8517476112,India,Visakhapatnam,Bronze,2024-02-06
1380,Susan,Pierce,Other,julia70@example.com,001-648-514-2696,Togo,New York,Bronze,2025-04-22
1381,Gloria,Brown,Female,pattersondiana@example.com,+91-4196120431,India,Chennai,Bronze,2015-10-05
1382,Stacey,Reese,Male,markleon@example.net,+91-444460000,India,Hyderabad,Bronze,2022-03-12
1383,Emily,Campbell,Female,deborah97@example.org,+91-1737361916,India,Coimbatore,Bronze,2018-05-07
1384,Antonio,Carlson,Male,nancygraves@example.net,+91-1770588064,India,Visakhapatnam,Gold,2019-09-14
1385,Lisa,Schwartz,Female,pateljoseph@example.org,614.731.5395x94903,Jordan,Dubai,Silver,2015-05-28
1386,Tyler,White,Female,robbinsbrandon@example.net,974-401-8855x710,Kenya,Berlin,Silver,2023-03-23
1387,Andrew,Conley,Male,wendybenson@example.net,+91-4273724162,India,Hyderabad,Gold,2016-11-06
1388,Brenda,Brown,Male,thomasjensen@example.net,+91-3258649425,India,Madurai,Bronze,2015-07-02
1389,Travis,Carter,Female,dawn92@example.net,+91-3462145964,India,Vijayawada,Gold,2023-08-20
1390,Melissa,Walls,Female,nicholas46@example.com,+91-821781139,India,Mysore,Silver,2017-01-07
1391,Richard,King,Other,eroberts@example.com,001-933-576-2802,Saint Helena,London,Silver,2023-08-22
1392,Mary,Harrison,Male,sduke@example.com,+91-252842670,India,Hyderabad,Bronze,2016-08-05
1393,Joe,Wilson,Female,sarahbrooks@example.net,+91-8122729343,India,Coimbatore,Silver,2024-07-29
1394,Max,Vang,Female,jeremy42@example.net,+91-8530480328,India,Bangalore,Silver,2021-12-29
1395,Christopher,Cohen,Other,noblejennifer@example.net,+91-4373419780,India,Thiruvananthapuram,Bronze,2020-11-20
1396,Richard,Cohen,Male,beckerjuan@example.org,+91-3496604050,India,Hyderabad,Bronze,2019-07-20
1397,Joshua,Mathews,Female,ysoto@example.org,+91-287122462,India,Kochi,Gold,2016-09-30
1398,Keith,Lin,Other,angeltaylor@example.org,526-964-1557,Malaysia,Los Angeles,Bronze,2020-09-15
1399,Timothy,Peters,Male,townsendchristina@example.com,+91-6001240477,India,Madurai,Gold,2022-10-22
1400,Joseph,Schmitt,Male,daniellemay@example.net,+91-5251597130,India,Hyderabad,Bronze,2024-03-30
1401,Alexis,Howard,Other,yperez@example.com,+91-9755024094,India,Mysore,Bronze,2021-12-07
1402,Jamie,Howard,Male,fpalmer@example.org,+91-7211027026,India,Mysore,Bronze,2018-02-13
1403,John,Skinner,Female,randallsmith@example.net,+91-1428472018,India,Mysore,Silver,2024-12-01
1404,Scott,Johnson,Male,whitneyjustin@example.net,+91-4480449713,India,Coimbatore,Gold,2022-01-20
1405,Nicholas,Carter,Male,pward@example.net,+1-833-887-5656x437,Zambia,Sydney,Platinum,2023-12-18
1406,Ashley,Smith,Other,carrbenjamin@example.com,+91-3101544486,India,Vijayawada,Silver,2019-09-20
1407,Rhonda,Davila,Other,carolynclark@example.net,+91-6240267887,India,Coimbatore,Platinum,2016-12-05
1408,Lisa,Aguilar,Female,zboyd@example.net,+91-3831593179,India,Vijayawada,Platinum,2021-01-30
1409,Paul,Estrada,Female,sanchezmichael@example.com,+1-443-592-9087,Nigeria,Tokyo,Bronze,2022-12-08
1410,Sylvia,Mosley,Female,marywright@example.org,+91-626834741,India,Madurai,Bronze,2022-01-06
1411,Michelle,Anderson,Other,danielmitchell@example.org,001-625-576-2134,United States of America,Toronto,Bronze,2017-12-23
1412,Charles,Trujillo,Female,nicolas94@example.org,(706)870-1891x63243,Antarctica (the territory South of 60 deg S),Toronto,Gold,2017-06-30
1413,Tiffany,Bennett,Male,teresa16@example.com,+91-8857855494,India,Vijayawada,Gold,2022-03-26
1414,James,Lee,Female,alexander92@example.net,+91-4344718984,India,Chennai,Gold,2015-06-28
1415,Dustin,Guzman,Other,stephensterri@example.com,+91-1621118106,India,Visakhapatnam,Platinum,2021-07-16
1416,Kayla,Scott,Male,melissahodges@example.org,+91-6819861032,India,Vijayawada,Silver,2016-08-24
1417,Michael,Russell,Male,stephanie65@example.com,+91-5244490737,India,Visakhapatnam,Silver,2020-06-15
1418,Lisa,Wilson,Female,dana01@example.org,+91-3013752568,India,Kochi,Gold,2019-09-07
1419,Matthew,Boone,Male,justinwilliamson@example.net,+91-8871055082,India,Coimbatore,Silver,2022-10-24
1420,Patricia,Williams,Female,bgonzalez@example.net,+91-7897671706,India,Madurai,Bronze,2016-05-03
1421,Jonathan,Saunders,Other,smurphy@example.com,+91-6899863131,India,Mysore,Silver,2017-06-11
1422,Kim,Cole,Other,olivia70@example.net,+91-9964906909,India,Madurai,Silver,2018-12-29
1423,Sean,Kelley,Female,qrose@example.net,+91-815911835,India,Coimbatore,Silver,2018-11-08
1424,Theresa,Castillo,Female,qgonzalez@example.net,(319)583-9419,Saudi Arabia,Los Angeles,Bronze,2018-09-06
1425,Anthony,Williams,Other,kwood@example.com,+91-1556807624,India,Coimbatore,Bronze,2016-02-29
1426,Morgan,Jones,Male,amy73@example.org,+91-3878306411,India,Madurai,Gold,2024-04-12
1427,Monica,Walker,Male,murraycarol@example.net,+91-9538093876,India,Kochi,Bronze,2016-09-15
1428,Alex,Williamson,Male,amanda37@example.org,+91-4654255161,India,Hyderabad,Silver,2016-03-31
1429,Arthur,White,Female,amanda37@example.org,+91-3998307530,India,Mysore,Silver,2021-05-29
1430,Veronica,Macias,Other,shannonlori@example.com,+91-5500404903,India,Thiruvananthapuram,Silver,2020-09-23
1431,Kendra,Walsh,Other,pgarcia@example.org,679.449.0167x58824,Belize,New York,Bronze,2016-02-24
1432,Janice,Phillips,Female,thunt@example.com,+91-3584800612,India,Visakhapatnam,Silver,2015-12-18
1433,William,Santos,Male,lesliemontoya@example.com,+91-548772075,India,Hyderabad,Bronze,2024-02-19
1434,Tammy,Campbell,Male,angela54@example.org,+91-127893750,India,Chennai,Platinum,2015-08-08
1435,Joseph,Jones,Male,daniellewagner@example.org,+91-4877637024,India,Mysore,Bronze,2017-11-19
1436,Judith,Cooper,Female,vanessadavis@example.com,+91-9525239427,India,Madurai,Silver,2018-11-07
1437,Kristen,Richardson,Other,paulsnyder@example.org,+91-3156938408,India,Coimbatore,Gold,2017-01-05
1438,Trevor,Hudson,Male,taylorashley@example.com,+91-2395875187,India,Mysore,Platinum,2023-05-15
1439,Brendan,Elliott,Female,browndavid@example.net,690-992-1397x824,Chad,Sydney,Gold,2023-03-05
1440,Diana,Hoffman,Female,jessicafrench@example.net,+91-1718137368,India,Chennai,Bronze,2017-06-10
1441,Valerie,Marshall,Female,noah72@example.net,+91-8589731181,India,Kochi,Silver,2020-05-15
1442,Zachary,Cameron,Female,parkerronald@example.net,+91-5921148914,India,Chennai,Silver,2023-08-08
1443,Michelle,Cameron,Other,kevin65@example.com,+91-8366223694,India,Vijayawada,Platinum,2019-03-16
1444,Holly,Jenkins,Other,david98@example.net,+91-9067618890,India,Visakhapatnam,Gold,2017-01-17
1445,Joseph,Johnson,Other,jasonjohnson@example.org,(321)559-8602x43336,Mauritania,New York,Gold,2021-05-24
1446,Craig,Chambers,Male,rosszamora@example.org,+91-542797945,India,Coimbatore,Silver,2015-08-29
1447,Shane,Johnson,Female,qhernandez@example.org,+91-3967653867,India,Thiruvananthapuram,Silver,2017-05-16
1448,Jessica,Estrada,Male,kimcindy@example.net,+91-3315454458,India,Hyderabad,Platinum,2024-09-07
1449,Robert,Wilson,Male,chadleonard@example.net,+91-1791197471,India,Hyderabad,Bronze,2022-10-15
1450,Timothy,Salazar,Other,qsingh@example.org,+91-691710045,India,Chennai,Gold,2016-05-17
1451,Willie,Webster,Other,yortiz@example.com,+91-2740627536,India,Vijayawada,Bronze,2018-12-30
1452,Scott,Durham,Male,monicamolina@example.org,+91-3903083088,India,Kochi,Bronze,2020-06-02
1453,Danielle,Hoffman,Female,jesse98@example.net,+91-1873469977,India,Madurai,Platinum,2022-09-15
1454,Harold,Garcia,Other,brenda26@example.com,+91-3344129832,India,Mysore,Gold,2025-04-04
1455,Lisa,Gonzales,Female,michaelmann@example.net,+91-5524774384,India,Coimbatore,Bronze,2017-12-31
1456,Dylan,Porter,Female,garciaandrew@example.org,+91-1620587639,India,Mysore,Silver,2022-04-28
1457,Mark,Smith,Male,taylordennis@example.com,+91-4293455140,India,Kochi,Silver,2023-06-29
1458,Aimee,Le,Female,mbrown@example.com,+91-3206678861,India,Kochi,Bronze,2019-01-08
1459,Claudia,Boone,Male,mcclaintaylor@example.org,+91-6832372815,India,Thiruvananthapuram,Platinum,2015-06-20
1460,Robert,Byrd,Other,shannon14@example.com,+91-5780557160,India,Thiruvananthapuram,Bronze,2022-03-04
1461,Terri,Kline,Female,bowersmary@example.com,994.587.0834x619,Czech Republic,New York,Silver,2025-03-18
1462,Elizabeth,Baker,Female,mrichards@example.net,711-791-2394x1211,China,Berlin,Gold,2017-05-23
1463,Brenda,Rodgers,Female,eramirez@example.com,+91-804863459,India,Vijayawada,Silver,2015-06-20
1464,Leonard,Farmer,Other,stephanie18@example.org,+1-684-591-2504x0043,Jordan,Sydney,Bronze,2023-11-25
1465,Sonya,Leonard,Female,myoung@example.com,+91-1573266003,India,Thiruvananthapuram,Silver,2017-08-21
1466,Kelli,Joyce,Male,whitakershelly@example.com,+91-1702832892,India,Mysore,Silver,2019-12-08
1467,Marisa,Kelley,Other,catherine47@example.net,+91-1969273727,India,Kochi,Gold,2016-05-10
1468,Miranda,Clark,Other,dperez@example.com,+91-2308535247,India,Kochi,Gold,2019-11-14
1469,Tina,Hanson,Male,maustin@example.net,+91-350815698,India,Coimbatore,Platinum,2017-08-28
1470,Megan,Hall,Male,joshuagreer@example.com,+91-1509576274,India,Bangalore,Bronze,2017-02-06
1471,Regina,Moore,Other,xfrye@example.net,+91-217364591,India,Hyderabad,Bronze,2022-08-31
1472,Joshua,Robertson,Other,thorntonsean@example.org,+91-3243434669,India,Kochi,Platinum,2018-01-09
1473,Christopher,Nichols,Female,robinsonpeter@example.net,+1-373-315-5204,Cocos (Keeling) Islands,Singapore,Bronze,2021-12-22
1474,Colleen,Collins,Other,bharrison@example.com,+91-6561996121,India,Coimbatore,Gold,2019-11-28
1475,Colin,Hicks,Other,tinajones@example.org,+91-5312599854,India,Thiruvananthapuram,Bronze,2016-08-18
1476,Philip,Lucas,Female,jennifer06@example.com,+91-8305250524,India,Coimbatore,Gold,2022-05-12
1477,Clarence,Rodriguez,Other,thorntondiana@example.com,+91-5195887199,India,Kochi,Bronze,2024-06-18
1478,Madison,Perez,Other,fisherdavid@example.org,+1-550-363-1170x295,Norway,London,Gold,2023-04-28
1479,Dustin,Valdez,Male,crystalthompson@example.com,+91-150758964,India,Madurai,Silver,2022-01-07
1480,Joseph,Cervantes,Other,angel65@example.org,+91-6806518640,India,Vijayawada,Bronze,2022-07-12
1481,Kristen,Dougherty,Other,randy82@example.net,+91-7422885196,India,Bangalore,Bronze,2024-10-21
1482,Lindsay,Delgado,Other,amber81@example.org,+91-2992120245,India,Chennai,Platinum,2021-07-17
1483,Autumn,Clarke,Other,mary75@example.org,+91-8552658402,India,Thiruvananthapuram,Bronze,2023-07-24
1484,David,Baker,Other,bettymorgan@example.net,+91-4478444797,India,Chennai,Silver,2022-12-09
1485,Allison,Skinner,Other,natashagarza@example.com,759.515.5797x7151,Singapore,New York,Silver,2020-10-30
1486,Megan,Townsend,Male,mary77@example.net,617.639.9796x13332,Kyrgyz Republic,Los Angeles,Gold,2017-06-23
1487,Christopher,Jenkins,Other,matthew93@example.net,+91-5857880931,India,Madurai,Bronze,2016-06-30
1488,Glenn,Moore,Female,jeffreyleon@example.net,+91-7980202547,India,Visakhapatnam,Silver,2021-12-11
1489,Alejandro,Ryan,Male,cstrickland@example.com,+91-1344442447,India,Kochi,Bronze,2019-10-25
1490,Jared,Singleton,Female,juliewilliams@example.net,+1-594-927-9165x7690,Israel,Singapore,Silver,2023-01-05
1491,Michelle,Estrada,Female,sean45@example.org,+91-7887058765,India,Coimbatore,Gold,2021-11-26
1492,Amber,Morgan,Female,ddelgado@example.org,+91-1793551578,India,Visakhapatnam,Silver,2022-07-31
1493,Erin,Warren,Male,david10@example.net,+91-3613004884,India,Thiruvananthapuram,Silver,2019-08-19
1494,Robin,Larson,Male,victoriathompson@example.org,+91-5549196276,India,Vijayawada,Bronze,2016-01-23
1495,Nathaniel,Jackson,Female,mcclaincynthia@example.com,+91-5331164975,India,Chennai,Silver,2018-12-17
1496,Michelle,Rodriguez,Female,bruce67@example.net,+91-6702653425,India,Madurai,Bronze,2019-09-04
1497,Gerald,Fuller,Female,kevinbond@example.com,+91-2298320879,India,Hyderabad,Platinum,2017-05-16
1498,Tina,Jones,Other,carriemedina@example.com,+91-2155948220,India,Hyderabad,Silver,2022-06-21
1499,Sherri,Oliver,Other,richmondjason@example.com,+91-9432748675,India,Chennai,Silver,2020-03-06
1500,Katherine,Lopez,Other,isaac40@example.com,394-396-8653,Kuwait,New York,Silver,2018-07-06
1501,Oscar,Murphy,Female,paige85@example.org,+91-6245463181,India,Chennai,Bronze,2016-11-05
1502,Robert,Molina,Female,natalie77@example.net,+91-4119073532,India,Hyderabad,Gold,2016-03-16
1503,Holly,Carroll,Female,rebecca38@example.net,+91-9799047603,India,Hyderabad,Platinum,2018-02-24
1504,Jeremy,Myers,Female,leah43@example.org,+91-4335840184,India,Mysore,Platinum,2024-11-27
1505,Joshua,Taylor,Female,cooperterri@example.com,+91-8287065409,India,Madurai,Silver,2018-07-12
1506,Christopher,Smith,Other,kevinjackson@example.org,+91-7763058965,India,Hyderabad,Silver,2024-09-23
1507,Matthew,Hudson,Other,michaelmcgee@example.com,+91-3064124305,India,Vijayawada,Bronze,2017-11-20
1508,Scott,Simmons,Male,leeanne@example.com,+91-2791010277,India,Mysore,Bronze,2023-05-23
1509,Audrey,Atkins,Male,katherine05@example.com,+91-3069443312,India,Thiruvananthapuram,Bronze,2024-12-10
1510,Suzanne,Campos,Male,michael81@example.net,+91-6526925759,India,Mysore,Silver,2022-10-29
1511,Claudia,Jacobs,Other,gwilson@example.org,(267)991-6898,Andorra,Singapore,Bronze,2018-08-21
1512,Christopher,Patterson,Female,cwells@example.org,+91-6530936618,India,Madurai,Gold,2019-08-14
1513,Jennifer,Parker,Other,jeremycarter@example.net,+91-1731111098,India,Visakhapatnam,Bronze,2016-06-15
1514,Daniel,Chandler,Female,brendacarson@example.net,+91-44257249,India,Visakhapatnam,Bronze,2018-10-15
1515,James,Moore,Male,morristaylor@example.org,+91-1364225378,India,Chennai,Platinum,2023-02-18
1516,Kenneth,Lewis,Female,vhall@example.com,+91-7934623508,India,Coimbatore,Bronze,2019-01-05
1517,Ryan,Nichols,Female,gwolf@example.net,+91-1955591382,India,Chennai,Bronze,2024-06-14
1518,Brittany,Webb,Other,crowe@example.net,+91-7905039559,India,Coimbatore,Bronze,2024-08-16
1519,Sara,Adkins,Male,deborahhutchinson@example.com,+91-8824159812,India,Madurai,Silver,2018-03-29
1520,Dawn,Pennington,Male,changbelinda@example.com,+91-4964963728,India,Hyderabad,Bronze,2018-07-17
1521,Mary,Sanders,Male,qpeters@example.net,+91-8814151798,India,Kochi,Bronze,2019-12-06
1522,Allison,Gregory,Male,ryanlong@example.net,+91-4378970199,India,Thiruvananthapuram,Silver,2024-10-07
1523,Jeffrey,Hodges,Female,torreswilliam@example.net,+91-9658737998,India,Thiruvananthapuram,Platinum,2017-11-13
1524,Mary,Brown,Female,andersonregina@example.net,+91-3784007406,India,Coimbatore,Silver,2017-09-14
1525,Sara,Harvey,Male,bridget14@example.net,+91-741700913,India,Madurai,Gold,2016-03-25
1526,Lindsay,Morris,Other,jrhodes@example.com,+91-1803157471,India,Coimbatore,Bronze,2018-04-17
1527,Christopher,Hale,Female,doris36@example.com,+91-1487152099,India,Coimbatore,Bronze,2020-03-11
1528,Frank,Manning,Other,kimberlyhenderson@example.org,+91-9588604007,India,Vijayawada,Bronze,2023-01-11
1529,Robert,White,Female,awalker@example.com,395-324-6927,Maldives,Berlin,Bronze,2024-05-28
1530,Shaun,Rowe,Female,victor43@example.net,+91-511333390,India,Coimbatore,Silver,2017-12-02
1531,Samantha,Perez,Female,jonathanramirez@example.com,+91-8707221590,India,Coimbatore,Bronze,2021-10-27
1532,Marcus,Stanley,Other,jacob85@example.net,+91-2863936124,India,Hyderabad,Bronze,2017-01-31
1533,Douglas,Sanders,Female,jennifer89@example.net,+91-1430861186,India,Vijayawada,Silver,2018-06-20
1534,Christopher,Edwards,Other,codybrooks@example.com,+91-3049277463,India,Hyderabad,Silver,2015-06-05
1535,Jessica,Hernandez,Male,egarcia@example.com,+91-9466739229,India,Hyderabad,Silver,2024-04-08
1536,Adriana,Hodges,Other,jeremygarcia@example.org,+91-586690476,India,Visakhapatnam,Silver,2024-09-18
1537,Marvin,Browning,Female,pwilliams@example.net,+91-3100880019,India,Chennai,Bronze,2019-03-12
1538,Jeffrey,Perez,Male,marynavarro@example.com,9997367147,Papua New Guinea,Dubai,Platinum,2021-12-02
1539,Denise,Conner,Male,xbush@example.com,(340)285-7347,Montserrat,London,Silver,2023-07-14
1540,Ethan,Wilson,Male,manuel18@example.net,001-480-572-2285x13625,Saudi Arabia,Toronto,Silver,2019-02-15
1541,Scott,Nguyen,Female,dbutler@example.com,+91-3886116315,India,Thiruvananthapuram,Silver,2022-06-24
1542,Kristie,Weaver,Female,ujones@example.org,+91-4811942651,India,Hyderabad,Gold,2021-11-23
1543,John,Franco,Female,mwilson@example.net,+91-8946389681,India,Bangalore,Platinum,2016-05-03
1544,Nathan,Anderson,Other,melissasmith@example.net,+91-9748814345,India,Chennai,Platinum,2024-10-19
1545,Ian,Reid,Female,vbolton@example.net,497-639-2001,Luxembourg,London,Gold,2023-01-01
1546,Daniel,Macias,Female,thompsonsandra@example.com,+91-3503968733,India,Hyderabad,Gold,2022-04-20
1547,Ryan,Martin,Male,chelsearomero@example.net,+91-7706638730,India,Coimbatore,Gold,2016-05-22
1548,Andrew,Smith,Other,marissa43@example.net,(450)531-7405,Andorra,Tokyo,Gold,2020-05-28
1549,Patrick,Carr,Male,kyleknox@example.org,+91-1238846550,India,Chennai,Silver,2021-01-01
1550,Amber,Boyle,Other,jonesjesse@example.net,+91-1792567045,India,Bangalore,Bronze,2024-05-09
1551,Kenneth,Bates,Male,ryan89@example.com,276.727.7592,Saint Martin,London,Gold,2023-09-24
1552,Lisa,Mata,Male,sonia23@example.com,(744)938-7529x3886,Chad,Tokyo,Silver,2022-05-05
1553,Ashley,Alexander,Male,wongbrandon@example.net,+91-5004581712,India,Chennai,Gold,2020-03-03
1554,Alyssa,Baker,Other,fyoung@example.org,+91-7933496150,India,Mysore,Bronze,2015-11-07
1555,Eric,Charles,Male,shall@example.net,+91-1809545149,India,Kochi,Bronze,2019-01-01
1556,Christina,Simon,Other,tiffanyreese@example.net,+1-784-287-1536x5504,Tanzania,Dubai,Bronze,2018-06-07
1557,Michelle,Allen,Other,davidtaylor@example.com,+91-337889138,India,Hyderabad,Bronze,2016-03-21
1558,Jennifer,Graham,Female,peter24@example.org,+91-4888769437,India,Chennai,Silver,2019-12-25
1559,Nicole,Scott,Other,derrick83@example.net,+91-7843022762,India,Visakhapatnam,Gold,2022-10-31
1560,Matthew,Navarro,Male,khammond@example.net,+91-7415979919,India,Mysore,Silver,2017-03-06
1561,Michael,Boyle,Female,morgan89@example.net,+91-2275945391,India,Coimbatore,Silver,2016-03-17
1562,Morgan,Peterson,Male,jcampbell@example.net,+91-2192838315,India,Mysore,Gold,2016-06-08
1563,Savannah,Kelly,Other,richardrhodes@example.com,+91-6756623883,India,Kochi,Platinum,2021-04-30
1564,James,Collins,Other,dchandler@example.org,+91-9688165509,India,Mysore,Bronze,2024-04-23
1565,Wayne,Hodge,Male,jennifer52@example.net,+91-5619281595,India,Visakhapatnam,Silver,2019-12-13
1566,Kevin,Berger,Female,coopertrevor@example.org,+91-7180682450,India,Hyderabad,Bronze,2017-07-06
1567,Frank,Johnson,Male,james22@example.org,386.730.5031x9902,Bosnia and Herzegovina,Berlin,Gold,2022-10-23
1568,Tammy,Smith,Female,ashleychapman@example.net,+91-8457922054,India,Madurai,Silver,2023-09-27
1569,Lisa,Edwards,Other,lhoward@example.net,+91-9669188523,India,Kochi,Gold,2022-01-20
1570,Ashley,Cook,Male,barnesbrenda@example.com,+91-6448691903,India,Hyderabad,Gold,2024-10-11
1571,Jessica,Robinson,Male,morganmarcus@example.net,+91-7978047217,India,Coimbatore,Silver,2022-04-16
1572,Kristine,Simmons,Female,riverasusan@example.net,+91-9690992071,India,Kochi,Silver,2019-09-10
1573,Brent,Harris,Female,annaford@example.net,+91-2121110276,India,Vijayawada,Bronze,2015-10-13
1574,Ashley,Bryant,Male,marilynyoung@example.org,+91-1154939293,India,Coimbatore,Bronze,2023-07-04
1575,Michelle,Le,Other,jeanette00@example.org,(851)285-4083x474,Guam,London,Bronze,2022-09-29
1576,Benjamin,Patterson,Male,bbentley@example.net,+91-2064361479,India,Chennai,Silver,2024-05-07
1577,Kelly,Montgomery,Male,mjones@example.com,+1-949-737-9440x05562,Antarctica (the territory South of 60 deg S),New York,Silver,2017-01-20
1578,Wendy,Edwards,Female,lwilliams@example.org,+91-2615888477,India,Visakhapatnam,Gold,2017-04-16
1579,Kevin,Blake,Female,oscarnelson@example.org,+91-2832664303,India,Kochi,Silver,2022-01-29
1580,Savannah,Romero,Male,kevin54@example.net,+91-7494587313,India,Madurai,Bronze,2023-02-05
1581,Christopher,Lawson,Other,kreid@example.org,697-520-6172x29844,Cocos (Keeling) Islands,Singapore,Silver,2020-10-29
1582,Julie,Jenkins,Male,crystal67@example.com,+91-4525766674,India,Kochi,Bronze,2016-04-25
1583,Jon,Evans,Male,hansonkenneth@example.org,+91-7966667140,India,Vijayawada,Gold,2023-06-03
1584,Sheila,Potter,Other,hrice@example.com,+91-8210138109,India,Mysore,Gold,2019-03-19
1585,Sherri,Ramos,Female,scottedgar@example.com,+91-6279017463,India,Bangalore,Gold,2017-03-05
1586,Travis,Calderon,Male,morgansutton@example.org,+91-2281201706,India,Chennai,Silver,2017-10-13
1587,Jason,Gill,Other,breannaparks@example.com,+91-1264633973,India,Thiruvananthapuram,Silver,2018-06-09
1588,Melanie,Smith,Other,orose@example.net,+91-7989870940,India,Visakhapatnam,Gold,2021-10-23
1589,Katherine,Thomas,Female,jeanette25@example.net,+91-6409516162,India,Madurai,Gold,2025-04-01
1590,Caleb,Stout,Other,janicefuentes@example.net,+91-2225965741,India,Kochi,Silver,2015-05-18
1591,Christian,Stewart,Other,chavezchelsea@example.net,+91-1465008715,India,Bangalore,Silver,2018-05-20
1592,Rachel,Mclaughlin,Other,bkim@example.org,001-385-917-8018x152,Saint Martin,Tokyo,Bronze,2016-06-12
1593,Linda,Padilla,Male,cooperronald@example.com,+91-5511930123,India,Vijayawada,Silver,2015-08-04
1594,Ralph,Thompson,Female,annperry@example.com,001-986-268-5241x416,South Georgia and the South Sandwich Islands,London,Bronze,2023-12-31
1595,Laura,Hill,Other,jessica19@example.com,+91-4402084380,India,Vijayawada,Bronze,2021-11-22
1596,Joshua,Rodriguez,Other,steelejessica@example.com,+91-8687746211,India,Thiruvananthapuram,Bronze,2020-08-15
1597,Barry,Yang,Male,gtaylor@example.net,609-313-1960,Germany,Los Angeles,Bronze,2019-02-24
1598,Amanda,Blair,Other,marywhite@example.com,+91-7691632361,India,Vijayawada,Platinum,2023-07-30
1599,Victoria,Weaver,Male,jordanstephen@example.net,579-599-0654x1445,Estonia,New York,Silver,2024-01-08
1600,Amy,Simmons,Other,candace72@example.com,+1-934-325-1159x478,United States Minor Outlying Islands,Toronto,Silver,2022-08-14
1601,Troy,Mccoy,Male,larry84@example.com,(355)977-5134x77827,Hong Kong,Toronto,Bronze,2022-07-01
1602,Tiffany,Hill,Female,brandonfrank@example.net,+91-9643017410,India,Bangalore,Bronze,2025-03-18
1603,David,Wall,Other,fernandezkeith@example.com,440-432-4409x529,Saint Vincent and the Grenadines,New York,Gold,2015-07-31
1604,Laura,Jacobs,Male,tracy21@example.com,+91-1505747488,India,Hyderabad,Gold,2022-04-25
1605,Betty,Phillips,Other,toniroman@example.net,+91-4559439972,India,Coimbatore,Silver,2019-08-27
1606,Vanessa,Williams,Other,robert80@example.com,+91-901914122,India,Chennai,Bronze,2024-05-04
1607,Heidi,Williams,Other,shannon88@example.net,+91-5195365246,India,Visakhapatnam,Platinum,2021-11-04
1608,Jenna,White,Female,stephanieparker@example.com,+91-4048811564,India,Hyderabad,Silver,2017-04-20
1609,Adam,Thomas,Male,maysmary@example.org,+91-4444625228,India,Bangalore,Bronze,2018-08-11
1610,Patrick,Potter,Female,rmiddleton@example.net,+91-1420432179,India,Hyderabad,Bronze,2023-09-18
1611,Stacy,Gibbs,Other,cohenrachel@example.com,812-983-3856,Moldova,London,Bronze,2017-08-23
1612,Tiffany,Edwards,Male,johnsonjodi@example.org,+91-2677881857,India,Kochi,Silver,2022-07-12
1613,Matthew,Perez,Female,anthonyking@example.org,+91-9719935491,India,Chennai,Platinum,2019-01-09
1614,Miguel,Gordon,Male,umartinez@example.net,(868)721-8496,Bolivia,New York,Silver,2020-10-14
1615,Connie,Washington,Other,darlene76@example.org,+91-5775926741,India,Madurai,Bronze,2017-09-19
1616,Kimberly,Oliver,Other,brianna20@example.net,+91-8027807358,India,Hyderabad,Gold,2019-02-17
1617,John,Pittman,Other,christine61@example.net,001-500-443-1583x0824,Eritrea,Berlin,Bronze,2024-09-11
1618,Nicholas,Fitzgerald,Male,angelica63@example.com,+91-2862230106,India,Vijayawada,Bronze,2015-08-06
1619,Valerie,Jones,Other,jamesdyer@example.net,+91-3482222978,India,Thiruvananthapuram,Gold,2020-10-21
1620,Amy,Navarro,Female,lwagner@example.net,973.702.2149,Central African Republic,Berlin,Silver,2023-01-02
1621,Adam,Miller,Female,fisherkelsey@example.com,+91-8780230725,India,Vijayawada,Platinum,2022-03-29
1622,Dana,Conley,Other,hgilmore@example.org,+91-7442793078,India,Mysore,Bronze,2016-02-15
1623,Emily,Adams,Other,elizabethcline@example.net,+91-4950045731,India,Thiruvananthapuram,Bronze,2019-10-20
1624,Scott,Ayala,Female,bbanks@example.net,+91-8845048175,India,Coimbatore,Bronze,2024-11-16
1625,Christopher,Caldwell,Male,allison84@example.org,+91-8317537551,India,Hyderabad,Gold,2022-10-09
1626,Bryan,Howell,Female,gwall@example.org,+91-9515708724,India,Chennai,Silver,2023-01-17
1627,Scott,Harper,Other,jgonzales@example.com,+91-4974377501,India,Mysore,Silver,2018-01-14
1628,Xavier,Mcknight,Male,cindy41@example.net,8262408085,Rwanda,London,Silver,2023-01-30
1629,Larry,Richard,Female,dominguezjacob@example.net,+91-3895354568,India,Bangalore,Bronze,2024-11-10
1630,Valerie,Butler,Other,lewisstacey@example.net,+91-2823872985,India,Hyderabad,Gold,2025-02-12
1631,Isaac,Bryan,Male,allisoncobb@example.com,+91-528650275,India,Madurai,Silver,2019-02-09
1632,Seth,Parks,Other,katherinewallace@example.com,+91-7816256470,India,Visakhapatnam,Bronze,2022-04-02
1633,Gordon,Wagner,Other,theresa26@example.net,+91-708123794,India,Vijayawada,Platinum,2021-10-13
1634,William,Hull,Other,tracie95@example.net,+91-2530684380,India,Thiruvananthapuram,Gold,2016-10-01
1635,Tracey,Wood,Female,pamela50@example.net,403-649-7527x53755,Maldives,London,Bronze,2016-07-12
1636,Larry,Dean,Other,conleystephen@example.org,+91-983692945,India,Visakhapatnam,Gold,2017-08-24
1637,Autumn,Smith,Other,ujackson@example.net,+91-8826382530,India,Madurai,Gold,2020-01-07
1638,Cody,Miller,Female,alexa32@example.net,+91-9347766592,India,Mysore,Bronze,2020-01-10
1639,Kimberly,Allen,Female,nancyburton@example.com,+91-8386506217,India,Bangalore,Bronze,2019-05-25
1640,Meagan,David,Male,gregory97@example.org,+91-6830947860,India,Hyderabad,Bronze,2021-12-09
1641,Michael,Frost,Other,steven64@example.com,+91-3479320163,India,Mysore,Gold,2018-03-27
1642,William,Sutton,Male,tmendoza@example.net,+91-6151263798,India,Vijayawada,Bronze,2017-06-24
1643,Dennis,Scott,Other,urodriguez@example.com,(890)243-3145x071,Qatar,Singapore,Bronze,2017-01-19
1644,Allen,Butler,Female,hopkinsrobert@example.org,+91-1313132900,India,Mysore,Gold,2020-12-29
1645,Terri,Long,Other,vwalls@example.com,+91-1958451525,India,Kochi,Silver,2020-07-25
1646,Jeffrey,Turner,Other,marymyers@example.org,+91-4150075099,India,Coimbatore,Gold,2016-12-09
1647,Lawrence,Cooper,Other,mirandajoseph@example.org,+91-3256911891,India,Hyderabad,Platinum,2024-06-03
1648,Christian,Sanchez,Female,lbutler@example.com,+91-2776550781,India,Thiruvananthapuram,Platinum,2019-04-09
1649,Aaron,Reese,Other,chase70@example.com,+91-5574676228,India,Thiruvananthapuram,Bronze,2015-12-04
1650,Stephen,Long,Male,pittscathy@example.com,+91-1211825004,India,Hyderabad,Bronze,2023-11-29
1651,Brian,Miles,Female,grantjared@example.com,+91-2209138658,India,Bangalore,Silver,2018-01-21
1652,Michael,King,Female,chelseaadkins@example.org,+91-9013835130,India,Madurai,Platinum,2015-07-29
1653,Angela,Clark,Female,david23@example.org,+91-1835584195,India,Kochi,Gold,2018-01-08
1654,Ashley,Parks,Male,adammartinez@example.com,+91-282929846,India,Chennai,Bronze,2018-09-09
1655,Pamela,Wilkerson,Male,josephwilson@example.com,657.297.9101x0560,Tokelau,Toronto,Bronze,2024-08-16
1656,David,Casey,Other,marciahopkins@example.net,+1-895-572-5666,Moldova,Berlin,Silver,2024-04-11
1657,Rebecca,Clark,Other,ryandoyle@example.net,001-398-964-1400x58694,Russian Federation,Paris,Bronze,2022-03-24
1658,John,Lang,Male,gabriela53@example.org,+91-1124357023,India,Visakhapatnam,Platinum,2017-12-11
1659,Tonya,Williams,Female,christine73@example.com,+91-4361331171,India,Vijayawada,Gold,2018-09-07
1660,Daniel,Hoffman,Male,brianreid@example.org,+91-5238228231,India,Chennai,Silver,2020-03-17
1661,Darlene,Yu,Male,lbryant@example.org,+91-631855344,India,Hyderabad,Silver,2023-10-31
1662,Katrina,Gonzales,Male,joshuaruiz@example.com,+91-2942833159,India,Coimbatore,Silver,2020-04-18
1663,Amy,Barker,Female,evansbrandi@example.net,+91-6516932890,India,Mysore,Bronze,2018-07-30
1664,Terry,Smith,Female,fphillips@example.net,+91-4892681851,India,Visakhapatnam,Bronze,2016-05-19
1665,Wendy,Clements,Male,brandon28@example.com,+1-585-457-2244x0445,Mozambique,Paris,Silver,2022-03-06
1666,Tammy,Hernandez,Female,richard99@example.org,+91-4049759525,India,Chennai,Bronze,2024-10-23
1667,Linda,Blair,Male,carlydavis@example.org,+91-7212569874,India,Bangalore,Bronze,2017-04-12
1668,Robert,Peterson,Female,hudsonmelissa@example.com,+91-7726801256,India,Chennai,Bronze,2016-09-20
1669,Kevin,Levy,Male,bullockkyle@example.org,+91-929199891,India,Hyderabad,Gold,2021-08-23
1670,Kevin,Knox,Other,ashleysamantha@example.org,+91-3833443055,India,Hyderabad,Bronze,2016-05-22
1671,Elizabeth,Cunningham,Other,pmorgan@example.org,+91-5585110208,India,Vijayawada,Platinum,2020-09-03
1672,Sandra,Roberts,Male,nhayes@example.org,3429323705,Antigua and Barbuda,Paris,Gold,2016-02-19
1673,Danielle,Nunez,Other,mmcgee@example.com,+1-223-944-6598x89986,Uganda,Paris,Silver,2021-10-24
1674,Michael,Jones,Female,enunez@example.com,983.300.6385x1316,Bulgaria,Los Angeles,Platinum,2017-05-21
1675,Timothy,Austin,Male,hendersonbryan@example.com,+91-8074810430,India,Hyderabad,Gold,2015-11-23
1676,Sharon,Franklin,Other,xmartin@example.org,+91-4458827073,India,Coimbatore,Silver,2019-07-26
1677,Sarah,Rivera,Female,rochalinda@example.net,728.816.0928x14220,Cayman Islands,New York,Gold,2024-01-31
1678,Ryan,Aguilar,Male,olopez@example.org,+91-2865649569,India,Thiruvananthapuram,Bronze,2021-01-21
1679,Steven,Peterson,Other,jonathonerickson@example.org,+1-937-568-8039x24749,Central African Republic,Toronto,Gold,2017-02-13
1680,Andrea,Burns,Other,jasondavenport@example.net,+91-3255113283,India,Visakhapatnam,Gold,2025-01-30
1681,Joshua,Stephens,Male,carl48@example.net,+91-7132762282,India,Kochi,Bronze,2024-09-24
1682,Amber,Ball,Other,freemanmary@example.org,+91-6186247941,India,Kochi,Bronze,2024-11-30
1683,Timothy,Salazar,Female,andersonjohn@example.com,+91-3043104849,India,Chennai,Silver,2023-09-30
1684,Amanda,Russell,Female,hilllaura@example.com,+91-6661067601,India,Chennai,Silver,2017-12-11
1685,Matthew,Wheeler,Male,atkinssean@example.net,001-775-370-8159x991,Somalia,Toronto,Silver,2025-02-26
1686,Justin,Chavez,Female,mario52@example.net,+91-8001240903,India,Coimbatore,Bronze,2021-12-16
1687,Randy,Cox,Other,kathrynmartinez@example.com,+91-5663106510,India,Hyderabad,Bronze,2020-01-29
1688,Christopher,George,Female,sawyerkatie@example.org,+91-2566590479,India,Hyderabad,Silver,2018-08-23
1689,Shannon,Sullivan,Male,martinezerin@example.org,+91-6220948018,India,Kochi,Gold,2017-06-14
1690,Jeffery,Baker,Female,christopherjones@example.org,+91-7606783477,India,Mysore,Platinum,2017-04-10
1691,Robert,Gray,Other,michaelvincent@example.com,+91-9173443747,India,Thiruvananthapuram,Silver,2018-11-12
1692,Brian,Lee,Male,mjohnston@example.com,+91-2516024548,India,Chennai,Bronze,2017-10-28
1693,Donald,Patrick,Female,lutzjeremiah@example.org,+1-407-954-0743x4436,Hong Kong,Singapore,Platinum,2023-11-25
1694,Joshua,Patterson,Other,vincent18@example.com,397.992.7886,Greenland,Paris,Silver,2015-07-18
1695,Donald,Jacobson,Other,kaylee78@example.org,8677498991,Solomon Islands,New York,Bronze,2022-10-13
1696,Loretta,Collins,Male,evanschristine@example.com,+91-4773661124,India,Visakhapatnam,Platinum,2022-02-17
1697,David,Dunn,Other,samantha09@example.net,+91-5940721594,India,Madurai,Silver,2023-04-11
1698,Katherine,Suarez,Male,harriskrystal@example.org,+91-6067998800,India,Visakhapatnam,Gold,2025-04-12
1699,Linda,Reyes,Male,laurenmooney@example.org,+91-8935876671,India,Kochi,Silver,2023-01-19
1700,Mark,Yang,Other,colliercathy@example.org,+91-4467980934,India,Chennai,Platinum,2016-07-22
1701,Cheyenne,Garner,Other,eatondebbie@example.net,+91-3560846137,India,Madurai,Gold,2025-03-19
1702,Andrew,Ramirez,Male,christopher05@example.org,+91-1064014549,India,Coimbatore,Silver,2020-07-24
1703,Christopher,Allen,Other,joseph02@example.net,+91-5664126275,India,Hyderabad,Silver,2018-05-17
1704,Sarah,Stevens,Female,brenthamilton@example.com,+91-5458736393,India,Chennai,Gold,2020-01-02
1705,Jason,Barnes,Male,lmorrow@example.org,001-527-810-1276x59243,Iran,Dubai,Silver,2018-04-21
1706,Zoe,Smith,Male,weaverkevin@example.org,+91-4993344778,India,Chennai,Silver,2021-05-11
1707,Austin,Dunn,Other,osilva@example.com,+91-5377420439,India,Vijayawada,Bronze,2016-11-23
1708,Jessica,Flores,Female,cooperamber@example.com,+91-5808670626,India,Chennai,Bronze,2024-07-01
1709,Cole,Williams,Other,grahamdorothy@example.net,+91-7499466767,India,Mysore,Bronze,2019-04-07
1710,Jason,Harris,Male,kimberly73@example.com,+91-8550860336,India,Vijayawada,Bronze,2015-08-25
1711,Daniel,Romero,Female,kellyjack@example.org,+1-947-334-3252x8287,Bahamas,Tokyo,Platinum,2016-09-15
1712,Mitchell,Norman,Male,murphydarren@example.com,+91-1191933788,India,Hyderabad,Bronze,2019-05-22
1713,Amber,Todd,Male,daniel26@example.org,+91-3538425679,India,Coimbatore,Bronze,2018-12-29
1714,Anna,Schneider,Male,erinlopez@example.org,+91-8910006706,India,Coimbatore,Gold,2016-05-06
1715,Jeffery,Jones,Female,kevinkirk@example.net,+91-9422026310,India,Bangalore,Bronze,2017-06-22
1716,Jennifer,Blackburn,Male,johnsonwanda@example.com,+91-5230193873,India,Vijayawada,Silver,2021-01-12
1717,Deborah,Oliver,Male,david09@example.net,+91-9878569739,India,Mysore,Bronze,2022-06-10
1718,Raymond,Black,Other,thomas57@example.net,+91-1957017234,India,Hyderabad,Silver,2021-03-07
1719,Rita,Garcia,Female,dayandrea@example.com,+91-3502524175,India,Visakhapatnam,Bronze,2017-10-16
1720,Jason,Green,Female,whitejulie@example.org,+91-860473616,India,Bangalore,Gold,2025-01-23
1721,Russell,Summers,Other,amandaallen@example.net,+91-1668587231,India,Vijayawada,Platinum,2022-08-04
1722,Kyle,Griffith,Female,williamsmeghan@example.org,+91-4502016316,India,Bangalore,Bronze,2022-11-27
1723,Mary,Lewis,Female,davisrobert@example.net,+91-9714473524,India,Thiruvananthapuram,Gold,2025-04-05
1724,Brett,Tran,Male,rgordon@example.com,+91-9729584104,India,Bangalore,Silver,2017-09-26
1725,Mary,Gates,Male,garciaholly@example.net,+91-7038707435,India,Hyderabad,Silver,2021-06-02
1726,Jordan,Juarez,Other,peggy88@example.org,(895)434-4612x78329,Kyrgyz Republic,London,Gold,2020-07-01
1727,Jessica,Holmes,Other,jcamacho@example.org,+91-9978966752,India,Coimbatore,Bronze,2025-02-16
1728,Mark,Kim,Male,ballardrobert@example.net,+91-9757013048,India,Bangalore,Bronze,2024-01-29
1729,Lisa,Shaw,Male,charlenebaker@example.net,+91-8200925044,India,Hyderabad,Bronze,2015-06-18
1730,Scott,Bridges,Other,nancy69@example.org,(300)341-5269x412,Spain,Los Angeles,Silver,2022-06-07
1731,Albert,Wilson,Male,kevinkrueger@example.net,+91-2943719470,India,Kochi,Silver,2024-03-06
1732,Jennifer,Jones,Female,lisa90@example.org,+91-8613124374,India,Hyderabad,Silver,2023-03-29
1733,Joseph,Hernandez,Male,foxsteven@example.org,+91-2263567160,India,Madurai,Bronze,2018-04-08
1734,Sandra,Bennett,Male,teresaconrad@example.com,+91-2340099379,India,Mysore,Platinum,2023-02-24
1735,Adrienne,Clark,Male,dbailey@example.org,+91-8781420874,India,Mysore,Silver,2015-07-08
1736,Kelly,Mason,Other,mconner@example.net,+91-7590883844,India,Visakhapatnam,Gold,2016-02-26
1737,Joseph,Fisher,Other,qrasmussen@example.net,+91-8882658981,India,Visakhapatnam,Gold,2015-08-24
1738,Jon,Schmitt,Male,charleswatson@example.net,+91-1220069575,India,Chennai,Bronze,2022-06-30
1739,Brent,Cabrera,Female,zwoodward@example.com,+91-2755531094,India,Visakhapatnam,Platinum,2015-06-21
1740,Timothy,Holden,Female,wlee@example.org,+91-4377310610,India,Visakhapatnam,Silver,2019-02-08
1741,Jay,Herrera,Female,bryan28@example.net,(556)578-5299x20352,Falkland Islands (Malvinas),Paris,Bronze,2022-01-12
1742,Christopher,Barrett,Other,teresa35@example.net,+91-3207937907,India,Coimbatore,Gold,2024-02-13
1743,Aaron,Oliver,Male,david61@example.org,+91-9133418627,India,Bangalore,Silver,2018-06-24
1744,John,Bell,Male,powersteresa@example.com,+91-3817357568,India,Coimbatore,Bronze,2023-11-22
1745,Laura,Williams,Other,hodgeross@example.com,+91-9355760111,India,Visakhapatnam,Bronze,2015-11-28
1746,William,Joyce,Female,johnrodriguez@example.com,+91-1275214554,India,Kochi,Bronze,2024-05-09
1747,Peter,Johnson,Female,jason37@example.org,548.521.0854,Lebanon,Paris,Silver,2021-12-21
1748,Brittany,Blackburn,Other,rodrigueznina@example.org,+91-3906507369,India,Bangalore,Silver,2016-02-18
1749,Paul,Williams,Male,paulaharper@example.org,+91-9786108272,India,Madurai,Gold,2023-06-18
1750,Michael,Stewart,Male,nicholsdiana@example.net,+91-8971717116,India,Hyderabad,Silver,2017-04-04
1751,Sarah,George,Other,austin85@example.net,+91-9049360732,India,Kochi,Bronze,2024-11-30
1752,Joe,Garcia,Other,lesliewest@example.com,+91-5618464146,India,Bangalore,Bronze,2024-06-24
1753,April,Jennings,Other,twilliams@example.org,+91-5104460445,India,Madurai,Bronze,2018-10-20
1754,Maria,Salazar,Male,kennethrobinson@example.org,001-562-485-1295x1102,Chad,New York,Bronze,2016-11-25
1755,Tammy,Stephenson,Male,ttravis@example.org,+91-9461949397,India,Mysore,Bronze,2017-05-15
1756,Ashley,Castillo,Female,dwilson@example.org,+91-7583894857,India,Madurai,Bronze,2015-06-27
1757,Carly,Hale,Male,hrobinson@example.com,+91-4768848496,India,Mysore,Bronze,2016-09-22
1758,Dana,Fletcher,Other,jakesmith@example.com,+91-9198512923,India,Chennai,Bronze,2016-05-19
1759,Randy,Davis,Male,bennettangela@example.net,+91-340555550,India,Kochi,Bronze,2018-01-24
1760,Christina,Cochran,Female,scott35@example.org,+91-9854338270,India,Mysore,Gold,2023-07-02
1761,Mark,Patterson,Male,jessicamiller@example.org,+91-5263313909,India,Thiruvananthapuram,Bronze,2024-02-04
1762,Richard,Williams,Female,rwilliams@example.com,+91-6961415761,India,Kochi,Silver,2017-03-21
1763,Richard,Bailey,Other,regina12@example.net,+91-2699069566,India,Vijayawada,Gold,2022-10-12
1764,Christopher,Nelson,Other,vrodriguez@example.com,+91-497002162,India,Thiruvananthapuram,Bronze,2019-01-13
1765,Sonya,Jones,Female,zcastillo@example.com,+91-3029554591,India,Vijayawada,Bronze,2023-03-03
1766,Patrick,Mcpherson,Male,david27@example.net,+91-185721538,India,Vijayawada,Silver,2019-08-02
1767,Robert,Hunter,Male,kristygregory@example.org,+91-1453221742,India,Chennai,Platinum,2018-01-27
1768,Heather,Fischer,Other,markjohnston@example.net,666-905-8267,Saint Kitts and Nevis,Los Angeles,Bronze,2019-07-03
1769,Andrew,Davis,Female,gerald75@example.org,+91-8209579416,India,Hyderabad,Silver,2016-11-14
1770,Nicholas,Williams,Female,nicolejackson@example.net,+91-450315782,India,Coimbatore,Gold,2016-11-17
1771,Rebecca,Watson,Female,millerstephen@example.com,+91-2861164091,India,Vijayawada,Gold,2019-04-19
1772,Thomas,Floyd,Female,christine96@example.com,+91-5648883043,India,Vijayawada,Gold,2016-10-12
1773,Jennifer,Gonzalez,Male,ophillips@example.net,+91-1889287124,India,Kochi,Gold,2018-10-10
1774,Alyssa,Allen,Other,rodgerschristy@example.com,9885622082,Armenia,Tokyo,Platinum,2015-10-16
1775,Brian,Stanley,Male,newmancandice@example.org,+91-3048862552,India,Hyderabad,Silver,2018-12-24
1776,Megan,Martinez,Other,deborah91@example.org,+91-9788167833,India,Kochi,Bronze,2018-07-12
1777,Brandon,Callahan,Other,megan01@example.org,+91-9071299391,India,Thiruvananthapuram,Bronze,2018-10-08
1778,Robin,Hansen,Female,qsmith@example.org,+91-3706466636,India,Vijayawada,Silver,2016-08-10
1779,James,Sanchez,Other,pwilson@example.net,+91-1276653147,India,Mysore,Silver,2017-11-01
1780,Adam,Robbins,Male,aharrington@example.net,+91-8331882027,India,Mysore,Gold,2021-09-28
1781,Christine,Roberts,Other,megandavis@example.org,+91-8631371160,India,Thiruvananthapuram,Platinum,2021-02-13
1782,Melissa,Barr,Other,richardwest@example.org,+91-6791365355,India,Coimbatore,Silver,2018-11-25
1783,Jennifer,Miller,Male,rebecca73@example.com,285.989.7799,Uruguay,New York,Gold,2017-02-13
1784,Daniel,Giles,Other,krystal41@example.com,+91-5850178895,India,Coimbatore,Bronze,2017-02-09
1785,Sandra,Yang,Other,bfisher@example.org,+91-7213476071,India,Chennai,Silver,2017-10-02
1786,Lauren,Roberts,Other,tara82@example.net,+91-3373917281,India,Kochi,Gold,2019-07-28
1787,Patricia,Ford,Other,qgaines@example.com,+91-7042746487,India,Coimbatore,Bronze,2024-12-31
1788,Ann,Miles,Female,ucisneros@example.com,+91-5401570705,India,Hyderabad,Bronze,2020-10-20
1789,Whitney,Gallagher,Female,jonathan91@example.org,+91-725269818,India,Vijayawada,Bronze,2023-05-04
1790,Summer,Davis,Male,huntermadeline@example.org,+91-5973039239,India,Bangalore,Silver,2025-01-18
1791,Sean,Cox,Male,vbutler@example.org,+91-5316986618,India,Vijayawada,Bronze,2020-08-03
1792,Bethany,Campbell,Female,edwardhoffman@example.net,289-208-7678x1987,French Southern Territories,Los Angeles,Silver,2018-10-24
1793,Brandon,Price,Male,marysandoval@example.org,+91-784286034,India,Bangalore,Gold,2022-03-05
1794,Taylor,Downs,Other,savannahcooper@example.org,+91-4656774468,India,Chennai,Bronze,2015-10-16
1795,Joseph,Webb,Female,hughesbrian@example.net,+91-445341851,India,Madurai,Bronze,2018-04-15
1796,Michael,Johnson,Male,richterri@example.org,+91-1449905918,India,Mysore,Gold,2021-01-12
1797,Gregory,Parks,Male,jonessandra@example.org,+91-6028320726,India,Chennai,Bronze,2017-11-18
1798,Dennis,Jennings,Female,weavermelanie@example.org,+91-738913184,India,Mysore,Bronze,2024-09-25
1799,Jessica,Wilson,Male,ryanjohnson@example.com,+91-5134523664,India,Coimbatore,Bronze,2019-08-10
1800,Samuel,Perry,Female,dlee@example.net,+91-7739911007,India,Bangalore,Gold,2018-08-24
1801,Ashley,Harris,Other,angelaburgess@example.com,+91-1759047749,India,Madurai,Gold,2024-11-14
1802,Christopher,Henry,Male,rberry@example.net,+91-48064403,India,Kochi,Silver,2021-04-21
1803,Charles,Wood,Male,amber95@example.com,+91-4122145828,India,Mysore,Gold,2019-10-02
1804,Hunter,Lopez,Female,frazieralexis@example.net,+91-4156898376,India,Bangalore,Bronze,2016-06-19
1805,Nicole,Schaefer,Female,ichapman@example.org,+91-6471082961,India,Hyderabad,Gold,2023-11-17
1806,Angela,Williams,Other,nicoleharmon@example.org,+91-1535064883,India,Coimbatore,Bronze,2019-04-06
1807,Laura,King,Male,ndonovan@example.com,+91-2012772657,India,Hyderabad,Gold,2016-08-01
1808,Evan,Thompson,Other,jparrish@example.org,+91-9288928281,India,Madurai,Gold,2018-08-11
1809,Amber,Kim,Female,heidi71@example.net,+91-5720587911,India,Coimbatore,Silver,2024-05-10
1810,Stacey,Carlson,Female,uwilcox@example.net,+91-9287160460,India,Vijayawada,Platinum,2024-04-01
1811,Desiree,George,Male,shepherdlauren@example.org,869.747.2572,Pakistan,London,Bronze,2015-08-29
1812,Brandi,Reed,Male,richard01@example.org,+91-5039660023,India,Thiruvananthapuram,Bronze,2017-07-24
1813,Tamara,Townsend,Other,whammond@example.net,+91-7727794843,India,Bangalore,Bronze,2018-10-04
1814,Kayla,Brewer,Other,eanderson@example.net,+91-3508284408,India,Madurai,Bronze,2019-06-24
1815,Kenneth,Morrison,Female,derrick01@example.com,+91-7259143226,India,Madurai,Bronze,2015-11-06
1816,Kenneth,Moss,Male,meganwilliams@example.com,+91-2793607536,India,Hyderabad,Bronze,2024-11-19
1817,Sherry,Hicks,Other,lrobertson@example.org,+91-6945083223,India,Thiruvananthapuram,Silver,2017-10-10
1818,Carlos,Lowe,Other,hschmidt@example.net,+91-5930979296,India,Madurai,Bronze,2016-05-24
1819,Teresa,Medina,Female,vwalters@example.net,+91-4158949039,India,Kochi,Platinum,2025-01-19
1820,Matthew,Simmons,Female,pricestephanie@example.net,+91-83194644,India,Coimbatore,Bronze,2023-05-24
1821,Wendy,Johnson,Male,porterrobert@example.com,+91-9741158444,India,Thiruvananthapuram,Platinum,2018-05-01
1822,Ashley,Evans,Other,brianzuniga@example.com,+91-4256962719,India,Mysore,Bronze,2021-07-03
1823,Cynthia,Stark,Male,charles41@example.com,+91-234481009,India,Madurai,Gold,2020-12-20
1824,Bobby,Stevenson,Other,hamiltonjack@example.org,+91-8609941236,India,Chennai,Gold,2023-10-05
1825,Sheri,Strong,Female,brian96@example.net,+91-5278293241,India,Madurai,Silver,2020-09-11
1826,John,Hanson,Male,carl94@example.com,+91-9676582594,India,Visakhapatnam,Platinum,2024-12-24
1827,Morgan,Powell,Male,qjones@example.com,+91-3807792497,India,Bangalore,Bronze,2015-06-12
1828,Austin,Salinas,Other,sgonzalez@example.net,+91-1609648733,India,Kochi,Gold,2019-07-19
1829,Lisa,Wilson,Female,kayla67@example.net,001-517-435-7787x218,India,Berlin,Silver,2016-04-07
1830,Michelle,Cooper,Male,rileydiana@example.net,+91-1438754762,India,Vijayawada,Bronze,2021-05-11
1831,Aaron,Oneal,Male,opierce@example.org,+91-6710683668,India,Thiruvananthapuram,Bronze,2022-10-11
1832,Emily,Roman,Female,harpercynthia@example.org,+91-552450728,India,Visakhapatnam,Gold,2017-07-05
1833,Kathryn,Campbell,Male,angel50@example.com,+91-1804882029,India,Coimbatore,Bronze,2022-08-12
1834,Scott,David,Male,tara98@example.net,+91-1915542447,India,Hyderabad,Gold,2016-08-30
1835,Jacob,Martinez,Other,bhernandez@example.org,+91-1756252811,India,Kochi,Bronze,2016-03-05
1836,Ronald,Hartman,Male,hernandezdesiree@example.com,5309106723,Denmark,London,Silver,2019-09-28
1837,Timothy,Thomas,Male,mathewhall@example.org,+91-4071976847,India,Coimbatore,Bronze,2017-03-05
1838,David,Graham,Female,vlozano@example.net,+91-3933763294,India,Bangalore,Bronze,2019-08-17
1839,Richard,Kim,Female,whitney40@example.com,+91-6891075004,India,Coimbatore,Silver,2018-05-11
1840,Matthew,Eaton,Other,brianleonard@example.com,+91-9493758581,India,Vijayawada,Bronze,2022-04-24
1841,Heidi,Gray,Male,loricruz@example.net,+91-3026192219,India,Chennai,Gold,2021-12-21
1842,Jason,Cox,Male,glenn07@example.com,+91-6948166728,India,Mysore,Gold,2018-06-14
1843,Stephanie,Hill,Other,larsonlaurie@example.com,+91-6029882110,India,Coimbatore,Bronze,2021-08-14
1844,Norma,Schultz,Female,sophiajohnson@example.org,+91-6942903214,India,Thiruvananthapuram,Silver,2021-12-25
1845,Gary,Rosario,Other,gwendolyn10@example.org,+91-2690118159,India,Mysore,Gold,2018-05-20
1846,Madison,Mills,Female,whitemark@example.net,+1-665-356-5320x8154,South Africa,Singapore,Silver,2020-07-18
1847,Teresa,Simpson,Other,harrellkristen@example.com,+91-6752101353,India,Bangalore,Bronze,2024-09-03
1848,Sara,Ramirez,Other,yjohnson@example.com,+91-6211394553,India,Mysore,Bronze,2024-10-20
1849,Samantha,Taylor,Female,brandi45@example.org,+91-9387518145,India,Coimbatore,Gold,2022-08-24
1850,Bethany,Perry,Other,brettfuentes@example.org,+91-8007792979,India,Kochi,Silver,2023-08-07
1851,Katherine,Morales,Male,laurenlarson@example.org,+91-917075343,India,Hyderabad,Silver,2017-05-28
1852,Eric,Lowe,Female,dwaynemarshall@example.com,+91-2801531335,India,Madurai,Bronze,2024-04-04
1853,Tamara,Kim,Other,gabriella82@example.com,+91-7712461331,India,Coimbatore,Platinum,2023-04-13
1854,Justin,Ross,Male,brownjacqueline@example.net,+91-4668999886,India,Madurai,Bronze,2022-02-06
1855,Jennifer,Vasquez,Female,david49@example.org,+91-9307602827,India,Mysore,Silver,2025-03-06
1856,Jacqueline,Washington,Female,michael03@example.net,+91-3405665618,India,Bangalore,Bronze,2021-03-22
1857,Eric,Dawson,Female,umccarthy@example.net,+91-2638720911,India,Chennai,Silver,2020-08-13
1858,Alexandra,Morales,Female,elizabeth69@example.org,+91-3667739905,India,Coimbatore,Silver,2019-08-12
1859,Makayla,King,Male,mcgrathjeremiah@example.net,+91-4736865724,India,Mysore,Bronze,2018-01-10
1860,Steven,Baker,Male,steventhompson@example.org,+91-9778563684,India,Vijayawada,Platinum,2023-07-05
1861,Felicia,Grimes,Female,gcollins@example.net,+91-2726537191,India,Hyderabad,Bronze,2023-03-07
1862,Tracy,Dean,Other,angela57@example.org,+91-4583378153,India,Bangalore,Platinum,2020-12-18
1863,Matthew,Summers,Other,elizabethnorman@example.com,+91-5485229893,India,Madurai,Bronze,2016-05-26
1864,Jesse,White,Male,carlos94@example.net,+91-7713064387,India,Hyderabad,Bronze,2022-09-04
1865,Brenda,Dalton,Female,melinda10@example.net,903.262.1403,Gambia,Paris,Silver,2019-07-19
1866,Gina,Perry,Female,bbaker@example.org,+91-1685936870,India,Thiruvananthapuram,Bronze,2020-09-27
1867,Janet,Smith,Other,wilkinsjacqueline@example.org,+91-1931635351,India,Bangalore,Silver,2023-10-04
1868,Kathleen,Gomez,Other,nsutton@example.net,+91-2673299304,India,Mysore,Silver,2017-06-03
1869,Gary,Reynolds,Male,gilmoredavid@example.net,+91-4044133424,India,Hyderabad,Gold,2017-08-31
1870,George,Sanchez,Male,shaun34@example.org,+91-9711556741,India,Thiruvananthapuram,Gold,2022-12-11
1871,Eric,Williams,Other,vaguilar@example.net,+91-637486973,India,Vijayawada,Gold,2016-07-11
1872,Tony,Jones,Female,john64@example.net,+91-4537961585,India,Bangalore,Bronze,2024-11-08
1873,Jessica,Allen,Male,ymartin@example.net,629.579.6119,Turkmenistan,Dubai,Silver,2019-10-19
1874,Brian,Ford,Other,kendrarios@example.org,+91-6070072787,India,Madurai,Gold,2018-02-07
1875,Christopher,Spence,Other,robert54@example.net,+91-362167295,India,Hyderabad,Bronze,2022-07-16
1876,James,Mitchell,Male,preyes@example.net,+91-9830593035,India,Bangalore,Silver,2017-07-15
1877,Laura,French,Other,jonathanpeterson@example.net,+91-3995129695,India,Vijayawada,Silver,2016-03-08
1878,Robert,Harmon,Female,robert12@example.net,+91-851903715,India,Mysore,Silver,2017-10-07
1879,Robert,Perez,Other,aprilharris@example.com,+91-4494622156,India,Hyderabad,Gold,2024-06-17
1880,Judy,Fleming,Female,davistammy@example.net,+91-2627535537,India,Coimbatore,Silver,2016-05-30
1881,James,Allen,Other,anthony87@example.net,+91-5403922144,India,Vijayawada,Silver,2020-12-09
1882,Katie,Watson,Female,florestracey@example.org,+91-7071201986,India,Madurai,Bronze,2024-11-02
1883,Mark,Marsh,Other,susanmercer@example.com,+91-6576481338,India,Chennai,Bronze,2022-09-07
1884,Thomas,Carlson,Other,brownpriscilla@example.org,826-468-6410,Papua New Guinea,London,Bronze,2018-10-11
1885,Robert,Bridges,Male,ecunningham@example.com,6614124257,Rwanda,Tokyo,Silver,2020-01-14
1886,Jacob,Gomez,Male,tsingleton@example.net,+91-594916264,India,Hyderabad,Bronze,2018-07-14
1887,Cindy,Flores,Male,michellenelson@example.com,+91-1015512958,India,Coimbatore,Bronze,2019-06-02
1888,Teresa,Garcia,Female,angela67@example.net,+91-4680012945,India,Thiruvananthapuram,Bronze,2018-02-03
1889,Holly,Brewer,Female,sheaheather@example.net,+91-2652713217,India,Visakhapatnam,Silver,2020-05-07
1890,John,Morgan,Female,wendy10@example.com,+91-822780434,India,Hyderabad,Silver,2015-10-01
1891,Justin,Cooke,Female,cstevens@example.org,+91-4049884140,India,Visakhapatnam,Bronze,2024-01-04
1892,Ronald,Moore,Female,andrea95@example.org,+91-1689990851,India,Mysore,Bronze,2024-12-29
1893,Patrick,Fox,Other,kayla48@example.net,+91-974258881,India,Visakhapatnam,Bronze,2017-02-07
1894,Lisa,Vazquez,Male,paynejames@example.net,+91-3298775185,India,Hyderabad,Platinum,2015-08-10
1895,Kenneth,Freeman,Other,traciepeck@example.net,001-495-902-2372x689,Ireland,Tokyo,Gold,2018-12-10
1896,Mikayla,Delacruz,Female,jennifermoon@example.org,+91-5963662620,India,Bangalore,Bronze,2021-12-19
1897,Ian,Wagner,Female,timothy58@example.org,+91-5476940015,India,Hyderabad,Platinum,2022-02-04
1898,Robert,Rich,Other,dana73@example.net,+91-9173921983,India,Chennai,Bronze,2021-05-30
1899,Elizabeth,Parker,Female,jscott@example.net,+91-4065977063,India,Visakhapatnam,Silver,2020-09-16
1900,Scott,Stewart,Male,susan99@example.com,+1-536-814-5275x4014,Mayotte,Sydney,Gold,2017-10-12
1901,Richard,Barnes,Other,imcdonald@example.com,+91-4977317105,India,Vijayawada,Bronze,2017-03-19
1902,Dean,Martinez,Male,nelsondaniel@example.org,+91-5274210184,India,Chennai,Gold,2018-10-26
1903,Aaron,Morgan,Male,seangriffin@example.com,(528)679-3660x4957,Germany,Tokyo,Silver,2016-03-01
1904,Brittany,Summers,Male,warnerdeborah@example.net,+91-9991675913,India,Bangalore,Bronze,2019-11-07
1905,Michael,Bowman,Male,khammond@example.com,+91-505707832,India,Kochi,Gold,2024-04-15
1906,Michael,Barber,Female,melindayates@example.com,+91-2243696205,India,Mysore,Gold,2016-01-03
1907,Brian,Grimes,Male,shaun80@example.com,+91-9164493291,India,Vijayawada,Bronze,2019-11-27
1908,Christine,Santiago,Other,lewisgregory@example.com,+91-3954127060,India,Madurai,Silver,2023-07-28
1909,Phillip,Sutton,Other,lolson@example.com,+91-2134268411,India,Thiruvananthapuram,Silver,2018-07-25
1910,Becky,Martin,Male,tmiller@example.com,+91-945255344,India,Visakhapatnam,Silver,2017-07-18
1911,Brittany,Humphrey,Female,alexis63@example.org,+91-5272819686,India,Chennai,Bronze,2022-10-17
1912,John,Brown,Female,bmorse@example.org,+91-4895639973,India,Hyderabad,Gold,2018-05-13
1913,Emily,Rodriguez,Female,brittanygutierrez@example.net,+91-2116747486,India,Vijayawada,Silver,2023-12-25
1914,Eric,Hanson,Other,williammerritt@example.net,+91-4133152413,India,Coimbatore,Bronze,2019-12-16
1915,Stephanie,Montoya,Female,cassandra08@example.net,+91-5232825432,India,Chennai,Silver,2023-12-09
1916,Shannon,Jones,Male,zfoster@example.net,+91-1247572415,India,Kochi,Silver,2018-07-27
1917,Richard,Shah,Male,cferguson@example.net,+91-8160639898,India,Thiruvananthapuram,Gold,2021-04-20
1918,Peter,Potter,Other,collinschad@example.com,+91-6667069570,India,Bangalore,Silver,2022-12-23
1919,Ryan,Nichols,Female,kelsey35@example.org,+91-631880488,India,Mysore,Gold,2024-03-24
1920,Edgar,Martin,Other,jenniferlandry@example.net,+91-7347001634,India,Hyderabad,Bronze,2017-06-03
1921,Marilyn,Tanner,Female,dwhite@example.net,+91-4581434125,India,Bangalore,Bronze,2021-05-17
1922,Cynthia,Taylor,Male,pamelahall@example.com,+91-7766967803,India,Visakhapatnam,Silver,2018-03-26
1923,Maria,Shannon,Male,smithsean@example.org,+91-6293862582,India,Visakhapatnam,Gold,2017-01-26
1924,Victor,Vargas,Female,braykelly@example.com,+91-8132052671,India,Thiruvananthapuram,Bronze,2015-04-30
1925,Lisa,Manning,Other,phillipnguyen@example.org,+91-5441052846,India,Visakhapatnam,Bronze,2023-10-20
1926,Manuel,Ray,Male,thompsonbrian@example.net,+91-112934898,India,Madurai,Bronze,2019-03-03
1927,Justin,Thompson,Male,nicolebaird@example.net,369-268-7510x3149,Saint Lucia,Los Angeles,Bronze,2017-12-15
1928,Joshua,Meyer,Female,carlosbridges@example.net,+91-718220402,India,Chennai,Bronze,2016-03-12
1929,Dennis,Mckinney,Other,csmith@example.org,+91-8807166366,India,Bangalore,Gold,2017-06-01
1930,Brian,Gutierrez,Male,rowen@example.com,+91-4394357015,India,Coimbatore,Gold,2016-11-14
1931,Nancy,Carpenter,Male,floressandra@example.com,+91-3427711342,India,Thiruvananthapuram,Bronze,2017-04-13
1932,Amanda,Taylor,Male,manuel12@example.org,589-765-0850x4853,Mauritania,Tokyo,Gold,2021-04-15
1933,Margaret,Acosta,Other,sancheztonya@example.net,+91-4216216540,India,Madurai,Platinum,2024-11-25
1934,James,Cruz,Other,christinamcbride@example.com,+91-1871467010,India,Thiruvananthapuram,Silver,2024-01-19
1935,Robert,Mcdonald,Other,amandajohnson@example.net,(418)961-8944x721,Latvia,Paris,Bronze,2015-07-20
1936,John,Castillo,Male,greencody@example.com,001-493-493-5607x378,Fiji,Berlin,Bronze,2021-12-15
1937,Kayla,Brooks,Other,michaelcrawford@example.com,+91-8971356666,India,Hyderabad,Silver,2022-05-28
1938,Adam,Taylor,Male,edwardsbrian@example.org,+91-6377747423,India,Chennai,Bronze,2019-07-06
1939,Linda,Sellers,Other,john10@example.net,690.508.1372x51848,Niger,Singapore,Bronze,2018-02-08
1940,Meredith,Wallace,Female,kaylathomas@example.net,+91-473506543,India,Vijayawada,Gold,2024-09-03
1941,Amy,Kelly,Other,swright@example.com,+91-8861341880,India,Madurai,Bronze,2019-06-26
1942,Victor,Sanchez,Female,hpierce@example.net,624.944.9538,Netherlands Antilles,Los Angeles,Bronze,2024-09-21
1943,Jason,Lewis,Male,thomas96@example.net,+91-3885358378,India,Coimbatore,Gold,2023-03-29
1944,Tammy,Freeman,Male,vfoley@example.org,+91-7074929913,India,Hyderabad,Bronze,2017-07-27
1945,Shelby,Allen,Other,hle@example.net,+91-2204792042,India,Hyderabad,Silver,2016-04-02
1946,Larry,Castillo,Female,cmccormick@example.com,+91-1784519504,India,Bangalore,Bronze,2019-09-10
1947,Patrick,Pierce,Male,josephnelson@example.net,+91-8733974391,India,Bangalore,Bronze,2025-03-30
1948,Logan,Fowler,Male,amber07@example.org,+91-5827235216,India,Hyderabad,Bronze,2018-10-01
1949,Melissa,Powell,Other,sarah02@example.org,290.209.6957x715,Aruba,Paris,Silver,2017-04-27
1950,Joseph,Escobar,Other,brittany69@example.com,307.823.6654,Ghana,Tokyo,Silver,2016-11-11
1951,Tina,Lyons,Female,garciamarc@example.org,+91-3923300113,India,Visakhapatnam,Platinum,2019-08-13
1952,James,Guzman,Male,xhartman@example.org,+1-492-474-2098x7259,Costa Rica,Los Angeles,Bronze,2017-12-07
1953,Tamara,Green,Male,fkelley@example.com,(412)995-1251x948,Switzerland,Tokyo,Bronze,2021-09-05
1954,April,Castillo,Other,charlesmclaughlin@example.com,+91-838827831,India,Chennai,Silver,2022-04-24
1955,Grace,Spence,Male,tammy90@example.net,+91-1663809716,India,Visakhapatnam,Gold,2016-02-22
1956,Margaret,Logan,Female,martinthomas@example.com,+91-1474406127,India,Kochi,Platinum,2015-10-04
1957,Melissa,Johnson,Male,john44@example.com,+1-304-407-1481x4505,Saint Pierre and Miquelon,Dubai,Silver,2022-12-07
1958,Jason,Watson,Female,morganbrad@example.org,+91-5301394818,India,Vijayawada,Bronze,2023-01-15
1959,Michele,Horton,Other,nmendez@example.com,+91-4248958842,India,Coimbatore,Bronze,2016-04-28
1960,Calvin,Martin,Female,omorgan@example.net,(798)638-7979,Turkmenistan,Singapore,Bronze,2019-10-26
1961,Philip,Ochoa,Other,mccarthymegan@example.net,(655)636-8393x682,Jersey,Berlin,Bronze,2016-03-28
1962,Yolanda,Benson,Male,rmann@example.net,001-569-553-2014x95477,Spain,Toronto,Silver,2021-03-26
1963,Carla,Holland,Male,barnesangel@example.net,528-982-2956,Iran,Paris,Gold,2024-11-10
1964,Frances,Norris,Male,marchunter@example.net,+91-7176740497,India,Visakhapatnam,Bronze,2019-01-13
1965,Timothy,Williams,Other,fischerlisa@example.org,+91-7435226096,India,Mysore,Gold,2018-01-16
1966,Yvonne,Chen,Female,douglasclayton@example.net,+91-3694137163,India,Coimbatore,Bronze,2019-02-20
1967,Matthew,Parker,Male,dawnporter@example.com,+91-4219695237,India,Bangalore,Silver,2017-08-30
1968,Sheila,Rogers,Male,kevingonzales@example.net,+91-9449447794,India,Hyderabad,Bronze,2023-05-13
1969,Thomas,Smith,Female,levykayla@example.com,+91-2192184983,India,Chennai,Gold,2020-10-24
1970,Terri,Colon,Other,hawkinschristina@example.com,+91-2681661435,India,Mysore,Gold,2023-07-13
1971,James,Robinson,Male,davidgilbert@example.org,+91-678314274,India,Madurai,Silver,2019-12-05
1972,Wanda,Bryant,Female,derekramsey@example.net,734-631-1358x5251,Grenada,Toronto,Platinum,2024-03-11
1973,Michael,Herring,Male,wrightaaron@example.net,657-246-7761,Romania,Singapore,Gold,2023-01-02
1974,Vanessa,Porter,Female,tiffany94@example.org,+91-7303473868,India,Bangalore,Gold,2020-12-20
1975,Bruce,Daniels,Female,dale19@example.net,+91-2387858521,India,Coimbatore,Silver,2022-04-07
1976,Chase,Osborne,Other,deborahlopez@example.org,363-365-8255,Saint Helena,Paris,Gold,2024-04-01
1977,Meghan,Stanton,Female,edwardmarks@example.com,432-240-0216,Kenya,New York,Bronze,2021-02-10
1978,Michelle,Wilson,Male,kathleenjohnson@example.net,+91-6359217278,India,Hyderabad,Bronze,2023-04-07
1979,Austin,Allison,Male,normanchristopher@example.com,+91-7415774578,India,Bangalore,Gold,2024-08-05
1980,Michael,Greene,Male,stephensondaniel@example.com,+91-6533738984,India,Hyderabad,Silver,2024-11-25
1981,Michael,Miller,Female,emilyjackson@example.com,+91-5482028723,India,Bangalore,Silver,2017-03-17
1982,Kelly,Harris,Male,qclark@example.org,+91-317197104,India,Bangalore,Silver,2022-08-14
1983,Jordan,Moran,Female,sharonhernandez@example.com,+91-3384868428,India,Bangalore,Gold,2023-11-02
1984,Danielle,David,Other,nicholasperez@example.org,+91-4877849458,India,Coimbatore,Silver,2024-10-07
1985,Joy,Meyer,Female,zmarshall@example.org,911-314-3363x16882,Serbia,Los Angeles,Bronze,2019-07-21
1986,Frederick,Hill,Male,maria23@example.net,+91-5412971058,India,Visakhapatnam,Bronze,2019-08-09
1987,Christopher,Stevens,Male,sarah58@example.org,+91-6642418017,India,Thiruvananthapuram,Silver,2021-07-26
1988,Alicia,Bishop,Female,margaretstewart@example.org,+91-227905237,India,Vijayawada,Gold,2017-04-07
1989,Victor,Roach,Male,evan15@example.net,001-664-513-6742,Haiti,Berlin,Platinum,2015-12-07
1990,John,Miles,Male,colleen07@example.com,+91-5413548170,India,Madurai,Bronze,2018-12-11
1991,James,Jordan,Other,ashley01@example.net,+91-8327920950,India,Hyderabad,Silver,2024-11-29
1992,Katherine,Hawkins,Male,dongonzalez@example.com,+91-5471115804,India,Vijayawada,Gold,2018-06-21
1993,Erica,Foster,Female,robertskelly@example.org,+91-8918783500,India,Coimbatore,Gold,2018-05-06
1994,Rebecca,Jacobs,Female,cking@example.org,+91-3040254548,India,Madurai,Silver,2024-09-04
1995,Alyssa,Powers,Female,imoses@example.com,+91-7637649533,India,Visakhapatnam,Silver,2016-10-21
1996,Stephen,Potter,Other,brian23@example.com,001-842-779-3234x602,Bouvet Island (Bouvetoya),Paris,Gold,2024-08-21
1997,Jessica,Oneal,Female,brittanydalton@example.net,+91-9228293898,India,Chennai,Silver,2022-08-07
1998,Bryce,Martin,Other,blevinswilliam@example.net,235-879-4744x76727,Latvia,Toronto,Bronze,2022-12-09
1999,Sydney,Haas,Other,carterjessica@example.net,+91-4628057719,India,Chennai,Gold,2015-05-19
2000,Jeffery,Compton,Male,ykelly@example.com,+1-819-308-2182x785,Norway,New York,Bronze,2021-11-09
2001,Jeremy,Baker,Female,omartinez@example.net,+91-3053001970,India,Kochi,Bronze,2020-03-29
2002,Nicole,Rodriguez,Female,sarakelley@example.com,+91-839160160,India,Chennai,Silver,2015-06-03
2003,Victoria,Lopez,Other,george20@example.org,+91-6292528534,India,Chennai,Silver,2023-07-17
2004,Joseph,Ho,Other,joneslisa@example.net,261-469-2662,Solomon Islands,Paris,Platinum,2023-07-24
2005,Jessica,Ruiz,Female,juarezkevin@example.com,+91-125255860,India,Chennai,Gold,2023-04-08
2006,Alexis,Porter,Other,regina23@example.com,+91-9850489199,India,Hyderabad,Silver,2021-02-10
2007,Amber,Robinson,Other,lesliemiller@example.org,+91-9229865946,India,Coimbatore,Silver,2016-09-28
2008,Carrie,Daniels,Male,cooperolivia@example.net,926.609.2778,Kenya,London,Gold,2017-03-31
2009,Michael,Brown,Female,hugheshunter@example.net,+91-4071927173,India,Mysore,Bronze,2021-01-22
2010,John,Mitchell,Female,victoria51@example.com,+91-2305828100,India,Vijayawada,Silver,2016-10-03
2011,Carolyn,Robinson,Male,adam95@example.org,+91-7573564202,India,Coimbatore,Silver,2024-05-03
2012,Aaron,Lopez,Male,dayjohn@example.com,247-309-8978x446,Barbados,Berlin,Bronze,2020-08-23
2013,Jerry,Thompson,Other,john45@example.net,+91-3466074498,India,Chennai,Silver,2017-08-24
2014,Lauren,Allen,Other,michael39@example.org,+91-9213792191,India,Vijayawada,Silver,2020-09-04
2015,Renee,Wilkins,Male,anthony92@example.net,+91-9598858827,India,Hyderabad,Gold,2021-01-30
2016,Shannon,Perez,Female,alan18@example.org,001-476-901-5821,Holy See (Vatican City State),Sydney,Bronze,2017-08-24
2017,Charles,Johnson,Male,raychristina@example.com,+91-1975761601,India,Hyderabad,Gold,2015-09-04
2018,Mariah,Hall,Male,traceycampbell@example.org,+91-7924057501,India,Vijayawada,Platinum,2017-08-29
2019,Andrew,Smith,Male,jamesobrien@example.com,+91-2047462928,India,Vijayawada,Bronze,2021-11-13
2020,Emily,Estrada,Female,lawrencejennifer@example.net,+91-1066711129,India,Vijayawada,Silver,2021-07-27
2021,Richard,Harvey,Other,stewartvictoria@example.com,+91-87618027,India,Hyderabad,Bronze,2016-05-15
2022,Kelly,Garrett,Male,rasmussensteven@example.com,+91-9060610868,India,Bangalore,Bronze,2025-03-27
2023,Morgan,Fox,Other,shill@example.org,+91-8181167621,India,Bangalore,Bronze,2022-05-25
2024,Samantha,Stephens,Male,bakerrachel@example.net,+91-2394796791,India,Madurai,Silver,2020-09-25
2025,Katie,Andrews,Other,malonetimothy@example.com,+91-4286011092,India,Mysore,Gold,2017-11-10
2026,Natasha,Christian,Female,campbellmichael@example.org,(943)600-5593x49558,Guadeloupe,Dubai,Platinum,2017-09-02
2027,Katherine,Martinez,Female,eugene58@example.net,+91-7342180198,India,Madurai,Gold,2023-01-10
2028,Jennifer,Sullivan,Male,andersonshannon@example.com,464.748.3358,Spain,London,Bronze,2024-10-13
2029,Anita,Durham,Other,tnelson@example.net,+91-4819349176,India,Thiruvananthapuram,Bronze,2020-08-08
2030,Scott,Edwards,Male,david48@example.org,+91-327958786,India,Coimbatore,Silver,2021-04-21
2031,Susan,Diaz,Male,stacey50@example.net,+91-530911217,India,Mysore,Platinum,2023-01-26
2032,Kevin,Mccarthy,Male,patrickrobertson@example.com,+91-7458082571,India,Vijayawada,Silver,2024-09-14
2033,Dawn,Greene,Male,ukemp@example.net,+1-902-832-0033x022,Brunei Darussalam,Berlin,Gold,2018-02-11
2034,Gary,Hendrix,Other,terriware@example.com,+91-9018478553,India,Kochi,Platinum,2019-11-16
2035,Robert,Nelson,Other,jason87@example.net,+91-627035814,India,Coimbatore,Bronze,2016-02-12
2036,Anna,Chambers,Female,deannarobinson@example.org,+91-4876621113,India,Thiruvananthapuram,Bronze,2021-03-28
2037,Madison,Franklin,Male,zwu@example.com,+91-6411051345,India,Kochi,Gold,2021-03-02
2038,Jennifer,Clark,Other,cruzdavid@example.com,+91-9130013175,India,Kochi,Bronze,2024-03-19
2039,Kimberly,Avila,Male,jennifer04@example.net,+91-3233266760,India,Chennai,Bronze,2016-12-06
2040,Howard,White,Male,benjamin34@example.org,+91-1852747309,India,Coimbatore,Bronze,2018-05-14
2041,Jessica,Rivera,Male,parksanthony@example.org,(939)405-0000,Mauritania,Los Angeles,Silver,2023-06-05
2042,Dean,Riley,Other,rodriguezricky@example.com,+91-8406406504,India,Visakhapatnam,Bronze,2017-01-28
2043,Tasha,Buck,Female,michael98@example.net,+91-9276548273,India,Kochi,Bronze,2015-12-05
2044,Jonathan,Berger,Female,gregoryjohnson@example.net,+91-4443585194,India,Hyderabad,Bronze,2016-12-27
2045,Michael,Jackson,Other,parkeralicia@example.com,+91-7981080892,India,Hyderabad,Gold,2021-03-08
2046,Courtney,Russell,Other,mark24@example.com,+91-3153972459,India,Vijayawada,Silver,2019-07-25
2047,Megan,French,Male,kvargas@example.net,+91-2251116913,India,Kochi,Gold,2022-04-15
2048,Jeffrey,Russell,Female,crosbyjose@example.com,+91-4892464518,India,Hyderabad,Platinum,2023-12-26
2049,Christine,Bailey,Male,jessica30@example.org,+91-5993211414,India,Coimbatore,Platinum,2019-09-02
2050,Melissa,White,Male,brenda29@example.net,+91-9879699661,India,Madurai,Bronze,2016-03-15
2051,Michael,Rubio,Male,vhansen@example.net,+91-4399847713,India,Coimbatore,Bronze,2024-01-01
2052,Robert,Vargas,Other,lisafoster@example.org,569-798-3576,Israel,New York,Silver,2025-01-16
2053,Jacqueline,Rich,Male,carlosbradley@example.net,+91-2340762336,India,Madurai,Gold,2020-10-08
2054,Robert,Simon,Male,jonesalex@example.net,+1-833-874-7675,Sweden,Toronto,Bronze,2024-11-22
2055,Dale,Aguirre,Other,arnoldcharles@example.org,+91-495924280,India,Hyderabad,Bronze,2023-03-24
2056,Adriana,Jefferson,Male,hallwilliam@example.net,+91-2539516244,India,Kochi,Silver,2021-11-15
2057,Michael,Gonzalez,Female,kathycompton@example.com,+91-5693159063,India,Bangalore,Bronze,2018-02-03
2058,Peter,Diaz,Female,rebekah17@example.net,+91-2983823579,India,Thiruvananthapuram,Silver,2018-02-20
2059,Sean,Sanchez,Other,markbrooks@example.net,+91-5954053610,India,Chennai,Gold,2018-10-08
2060,Lisa,Hoffman,Female,juliefoley@example.org,+91-5487400655,India,Coimbatore,Bronze,2023-04-01
2061,Ann,Hayes,Other,meganrussell@example.com,001-895-437-7774x39713,Saint Martin,London,Silver,2023-10-13
2062,Jennifer,Wells,Other,smithwesley@example.com,+91-1699108976,India,Bangalore,Bronze,2015-12-10
2063,Alyssa,Reid,Other,jean51@example.org,+91-9176389456,India,Vijayawada,Gold,2019-09-03
2064,Lisa,Torres,Female,monicamiller@example.net,+91-735660931,India,Mysore,Gold,2023-04-22
2065,Wanda,Smith,Female,lisajackson@example.com,+91-8833725120,India,Thiruvananthapuram,Gold,2019-11-16
2066,Lynn,Hoffman,Male,tmccann@example.com,+91-6304280646,India,Madurai,Gold,2019-04-16
2067,Laura,Keith,Male,fitzgeraldamy@example.com,(296)440-4096x52123,Thailand,Paris,Gold,2024-08-16
2068,Regina,Carr,Female,josebooker@example.com,+91-1254883680,India,Coimbatore,Bronze,2017-01-28
2069,Jose,Sutton,Female,hensonchelsey@example.org,+91-2591196880,India,Kochi,Bronze,2020-03-26
2070,Ann,Buck,Other,brandonblanchard@example.org,+91-6155780308,India,Hyderabad,Gold,2017-10-06
2071,John,Kramer,Other,gsavage@example.com,+91-3455080988,India,Madurai,Bronze,2021-12-26
2072,Aaron,Mathews,Other,emily67@example.com,+91-9688066377,India,Thiruvananthapuram,Gold,2024-03-18
2073,Sherry,Lin,Male,gonzalesallison@example.com,+91-4117745201,India,Visakhapatnam,Bronze,2021-09-09
2074,Brooke,Bush,Male,dale81@example.com,+91-4704892846,India,Kochi,Silver,2020-01-09
2075,Teresa,Bowers,Other,priceamber@example.com,+91-9960728452,India,Kochi,Silver,2016-02-07
2076,Howard,Rose,Male,carla00@example.net,+91-7434635064,India,Mysore,Bronze,2017-03-13
2077,John,Kirby,Male,catherine69@example.net,+91-4504352688,India,Visakhapatnam,Bronze,2016-05-02
2078,Jacqueline,Ayala,Female,amber00@example.org,+91-8556049798,India,Vijayawada,Gold,2016-10-16
2079,Casey,Coffey,Female,timothy74@example.org,(311)215-0041x3065,Hong Kong,New York,Bronze,2016-05-13
2080,Lisa,Neal,Female,wisekristina@example.org,001-779-542-6856x50584,Belarus,Dubai,Platinum,2024-08-15
2081,Maria,Green,Female,iwilliams@example.net,001-284-734-5556x5558,Malawi,Sydney,Bronze,2021-12-06
2082,Leah,Wolfe,Female,robert31@example.com,+91-9495436850,India,Mysore,Platinum,2021-09-09
2083,Sarah,Sharp,Other,joneslindsey@example.net,+91-2222768451,India,Coimbatore,Bronze,2017-07-12
2084,Benjamin,Copeland,Female,maytyler@example.net,(905)903-2211,Bangladesh,Sydney,Bronze,2024-09-25
2085,Bradley,Brown,Female,kristinathomas@example.com,+91-8916019175,India,Thiruvananthapuram,Platinum,2020-10-17
2086,Ronnie,Roach,Other,ylucas@example.net,(379)223-7743x1250,Qatar,Paris,Gold,2023-09-12
2087,Angela,Hughes,Female,robertsonterry@example.com,+91-5804476767,India,Mysore,Platinum,2020-07-02
2088,Sherry,Fernandez,Other,kayla27@example.com,+91-1713976139,India,Mysore,Gold,2023-02-13
2089,Anthony,Terrell,Other,wwalker@example.com,001-700-902-4384x2153,Guernsey,Dubai,Gold,2015-06-29
2090,Tracy,Manning,Female,reginabaker@example.net,+91-8142956917,India,Mysore,Bronze,2015-06-15
2091,Angela,Gomez,Other,christopher90@example.net,679-522-3935x427,United Arab Emirates,New York,Silver,2020-03-12
2092,Christopher,Watson,Female,paulgordon@example.com,+91-3329063515,India,Thiruvananthapuram,Gold,2018-06-12
2093,Nicole,Lynch,Male,cartercarrie@example.org,+91-2268140520,India,Kochi,Silver,2025-03-18
2094,Gregory,Acosta,Other,rileybriana@example.org,+1-440-558-6938,Netherlands,Sydney,Bronze,2015-07-09
2095,Brittany,Graham,Male,garciabrian@example.org,+91-2726272509,India,Kochi,Gold,2017-05-18
2096,Dustin,Conner,Male,marylee@example.net,+91-9817707511,India,Mysore,Silver,2018-05-15
2097,Deborah,Garcia,Female,samuel17@example.com,563.872.6989x1865,United Kingdom,Los Angeles,Bronze,2021-09-23
2098,Morgan,Rodriguez,Male,katherine84@example.org,+91-3041863651,India,Madurai,Gold,2019-10-01
2099,John,Ibarra,Other,twolf@example.com,(803)253-4974x478,Central African Republic,London,Gold,2016-09-10
2100,Matthew,Cox,Female,timothy98@example.net,(882)811-4693,Fiji,Tokyo,Bronze,2016-05-15
2101,James,Padilla,Male,kwells@example.com,223-708-7740,Ukraine,Toronto,Gold,2017-04-30
2102,Manuel,Rogers,Female,jasminejames@example.org,+91-7335174098,India,Coimbatore,Silver,2023-10-04
2103,Jason,Anderson,Female,chrisnichols@example.net,+91-7505093465,India,Thiruvananthapuram,Gold,2022-05-07
2104,Jacqueline,Norman,Male,carolynquinn@example.org,+91-4335419520,India,Visakhapatnam,Platinum,2016-04-30
2105,David,Gomez,Male,lamchristopher@example.net,+91-6381291262,India,Madurai,Bronze,2019-11-01
2106,Laura,Santana,Male,natalie88@example.org,+91-5203653674,India,Thiruvananthapuram,Bronze,2019-03-08
2107,Alicia,Cook,Male,kathleen62@example.org,+91-5356950978,India,Mysore,Platinum,2021-04-12
2108,Joshua,Dean,Female,iball@example.com,+91-9133199890,India,Chennai,Bronze,2022-03-09
2109,Rebecca,Green,Female,william03@example.org,+91-9836141095,India,Chennai,Bronze,2018-08-09
2110,Elizabeth,Moore,Female,kanechristopher@example.org,001-550-222-0823x03568,Saint Kitts and Nevis,Berlin,Silver,2016-12-23
2111,Nicole,Smith,Other,antonio37@example.com,+91-2248780060,India,Coimbatore,Bronze,2023-04-03
2112,Susan,Allison,Other,kimberly16@example.org,829-295-2928x522,French Polynesia,Tokyo,Platinum,2018-01-19
2113,Ann,Ross,Other,gibsonjoseph@example.com,+91-9834279992,India,Vijayawada,Bronze,2019-09-04
2114,Ralph,Jones,Other,ojones@example.com,+91-9828136007,India,Visakhapatnam,Bronze,2020-12-12
2115,Scott,Bennett,Other,timothydavis@example.net,+91-6147751517,India,Thiruvananthapuram,Bronze,2016-06-09
2116,Michael,Wade,Female,tina43@example.net,+91-3365531365,India,Kochi,Silver,2018-09-25
2117,Tom,Fuentes,Female,nathanrichardson@example.com,+91-2917010795,India,Kochi,Silver,2019-06-27
2118,Kim,Porter,Female,jthompson@example.org,+91-6901819676,India,Coimbatore,Silver,2017-06-13
2119,Melissa,Townsend,Other,haynesjanet@example.com,+91-3694329271,India,Visakhapatnam,Gold,2022-03-12
2120,Daniel,Vazquez,Male,stevensonrussell@example.org,+91-9614744723,India,Visakhapatnam,Platinum,2020-06-07
2121,Marcus,Pena,Male,johnshort@example.org,6818321776,Qatar,New York,Silver,2021-07-07
2122,Allison,Klein,Female,martinezjanice@example.org,+91-1263288682,India,Vijayawada,Platinum,2020-05-02
2123,Kristen,Meyer,Male,houstoncalvin@example.com,+91-6263433012,India,Hyderabad,Gold,2015-06-04
2124,Phyllis,Brown,Female,finleyalison@example.com,+91-8331787178,India,Madurai,Bronze,2023-06-09
2125,Greg,Roberts,Female,sarahking@example.com,+91-3273586682,India,Visakhapatnam,Bronze,2023-08-17
2126,Paul,Baker,Female,lmontgomery@example.org,001-221-851-4147x9516,Bahrain,Los Angeles,Gold,2023-05-15
2127,Cameron,Wilson,Other,phyllisbrown@example.com,+91-1259496422,India,Kochi,Bronze,2015-05-04
2128,Sonia,Thomas,Male,ybrown@example.org,+91-5777462113,India,Thiruvananthapuram,Bronze,2016-11-16
2129,Savannah,Kemp,Other,andrew24@example.org,+91-2266238994,India,Thiruvananthapuram,Bronze,2024-05-30
2130,Tina,Farrell,Male,huntneil@example.net,+91-8952389014,India,Hyderabad,Gold,2023-12-29
2131,Daisy,Adams,Other,kennedywilliam@example.com,+91-318128391,India,Hyderabad,Bronze,2020-04-04
2132,Veronica,Tucker,Other,kroberts@example.net,454-331-6079x773,Bhutan,London,Silver,2016-11-16
2133,Jeremy,Hansen,Other,carterharry@example.org,+91-9240687809,India,Madurai,Gold,2015-10-03
2134,Christine,Curry,Other,qlawson@example.org,+1-575-698-1898x4210,Namibia,Paris,Silver,2023-12-09
2135,Arthur,Mendez,Male,samantharodriguez@example.net,+91-7144928031,India,Thiruvananthapuram,Bronze,2021-04-16
2136,Nicole,Pruitt,Other,erinrose@example.org,+91-4100753588,India,Madurai,Silver,2018-06-06
2137,Hannah,Arnold,Female,barry60@example.net,+91-719583436,India,Vijayawada,Bronze,2016-08-05
2138,Brandy,Davis,Other,jessicamedina@example.net,+91-1413677875,India,Madurai,Silver,2024-08-30
2139,Shannon,Walsh,Other,nvaughan@example.org,+91-9617347203,India,Thiruvananthapuram,Bronze,2020-12-04
2140,Carmen,Haynes,Male,diazdavid@example.org,+91-4752585785,India,Visakhapatnam,Gold,2023-05-15
2141,Allen,Carlson,Other,ohogan@example.org,+91-1899565356,India,Madurai,Silver,2020-03-29
2142,David,Johnson,Female,ssmall@example.org,+91-9907868629,India,Bangalore,Bronze,2018-12-18
2143,Debbie,Valdez,Other,pedro84@example.org,+91-6441152082,India,Kochi,Silver,2018-01-02
2144,Debbie,Logan,Other,wwagner@example.org,+91-5251903585,India,Madurai,Bronze,2015-08-31
2145,Joseph,Johnson,Male,gloria41@example.org,+91-7972659564,India,Mysore,Bronze,2016-07-12
2146,Robert,Roth,Female,levinecourtney@example.com,+91-2032259368,India,Hyderabad,Silver,2023-10-24
2147,James,Douglas,Male,anthony48@example.net,+91-7480900292,India,Chennai,Silver,2023-01-16
2148,Jason,White,Male,leonard80@example.org,+91-3194702080,India,Visakhapatnam,Silver,2021-09-07
2149,Michael,Franklin,Male,mary53@example.com,+91-8066158368,India,Mysore,Bronze,2023-02-10
2150,Michael,Wilson,Male,sararodriguez@example.com,+91-2753099074,India,Mysore,Silver,2024-12-28
2151,Mary,Smith,Other,taraherman@example.com,+91-2044882732,India,Kochi,Gold,2016-01-19
2152,Christopher,Leblanc,Male,nfoster@example.com,+91-4101996025,India,Vijayawada,Bronze,2018-03-26
2153,Jennifer,Soto,Other,daisyle@example.net,+91-9614451328,India,Coimbatore,Bronze,2025-02-21
2154,Cynthia,Nelson,Male,rubiomichael@example.net,+91-9094660409,India,Coimbatore,Gold,2020-02-13
2155,Anna,Wallace,Female,barrycrystal@example.net,+91-8460531623,India,Visakhapatnam,Bronze,2023-07-02
2156,Nicholas,May,Other,lauren12@example.org,+91-7152541878,India,Hyderabad,Bronze,2022-01-16
2157,Sharon,Herrera,Other,fburns@example.com,+91-3938726394,India,Kochi,Gold,2025-03-12
2158,Mary,Sullivan,Female,kristywang@example.net,+91-1940035597,India,Vijayawada,Gold,2020-12-30
2159,Alejandro,Barber,Other,mark89@example.org,+91-1709996807,India,Bangalore,Bronze,2015-07-24
2160,Olivia,Johnson,Male,jlong@example.com,+91-6445912275,India,Vijayawada,Platinum,2016-09-09
2161,Rodney,Ross,Male,xsmith@example.org,+1-813-535-9770x9817,Heard Island and McDonald Islands,Los Angeles,Gold,2019-03-22
2162,Timothy,Williams,Other,pnichols@example.org,001-981-881-5089x587,Heard Island and McDonald Islands,Berlin,Platinum,2019-11-04
2163,Arthur,Gonzalez,Female,sara49@example.com,+91-3332643970,India,Madurai,Silver,2020-11-26
2164,Andrew,Dawson,Female,andersonamy@example.com,+91-2355653683,India,Vijayawada,Platinum,2024-06-27
2165,Robert,Rogers,Other,jonesnicole@example.net,+91-7007442527,India,Madurai,Platinum,2019-05-28
2166,Ashley,Smith,Female,ann86@example.org,001-974-806-3017,Liberia,Sydney,Bronze,2022-04-26
2167,Lindsay,Tyler,Female,moralesmichael@example.com,+91-2370515941,India,Madurai,Bronze,2020-02-08
2168,John,Martinez,Other,bsmith@example.org,+91-6985087274,India,Vijayawada,Platinum,2021-11-19
2169,Gregory,Martinez,Female,beardbrandon@example.org,+91-330882143,India,Madurai,Bronze,2021-12-13
2170,Anthony,Ortega,Female,nmoore@example.net,235-415-6725x3783,Portugal,London,Bronze,2020-07-18
2171,Katie,May,Other,jill97@example.org,+91-5876215636,India,Thiruvananthapuram,Bronze,2017-03-01
2172,Kellie,Lawrence,Male,lauren59@example.com,241-464-1537,Morocco,Paris,Bronze,2016-04-14
2173,Thomas,Ferguson,Male,alejandraspears@example.net,+91-6063453394,India,Vijayawada,Silver,2016-11-11
2174,Edward,Hull,Female,erica59@example.net,+91-8680905617,India,Visakhapatnam,Gold,2022-06-25
2175,Shannon,Adams,Other,brentcastillo@example.net,+91-1892925363,India,Visakhapatnam,Platinum,2019-11-04
2176,Ashley,Whitehead,Other,stephanie02@example.org,+91-4815698423,India,Hyderabad,Gold,2017-03-04
2177,Stephen,Jackson,Other,edward66@example.org,+91-7680675773,India,Mysore,Silver,2020-12-26
2178,Tammy,Mercer,Female,johnny61@example.net,001-561-491-6095x6443,Qatar,Berlin,Silver,2019-10-02
2179,Robert,Reed,Other,stevengonzalez@example.com,+91-7404896539,India,Kochi,Bronze,2015-12-18
2180,Theresa,Bailey,Male,james24@example.com,+91-6004978546,India,Mysore,Bronze,2015-07-17
2181,Michael,Fuller,Male,josethompson@example.com,+91-3293418572,India,Bangalore,Gold,2023-03-26
2182,Tonya,Phillips,Male,samanthahayes@example.com,+91-4008786056,India,Thiruvananthapuram,Silver,2025-01-27
2183,Richard,Duarte,Other,cliffordbaker@example.org,+91-4202194497,India,Kochi,Gold,2025-01-11
2184,Jamie,Neal,Male,vthomas@example.net,+91-5821071232,India,Vijayawada,Bronze,2021-04-20
2185,Jeffery,Hayes,Female,nmiller@example.com,+91-9651868040,India,Madurai,Bronze,2017-05-27
2186,Benjamin,Chen,Female,johnsonbrandon@example.com,+91-3812992847,India,Kochi,Silver,2025-03-15
2187,Tammy,Harris,Male,solomonstephanie@example.net,+91-4569845012,India,Vijayawada,Silver,2023-10-05
2188,Amy,Anderson,Female,thughes@example.net,+91-6034976667,India,Madurai,Bronze,2017-05-06
2189,Cheryl,Doyle,Female,erodriguez@example.org,+91-4634511313,India,Mysore,Bronze,2016-03-26
2190,Michelle,Walters,Male,chris56@example.net,+91-5252556838,India,Kochi,Silver,2015-11-24
2191,Evan,Francis,Female,johnhogan@example.net,+91-8227402535,India,Thiruvananthapuram,Silver,2023-02-24
2192,Cody,Adams,Male,hallmarc@example.com,+91-9990425784,India,Kochi,Silver,2016-01-11
2193,Samantha,Gonzalez,Female,waynewise@example.com,+91-1609014786,India,Kochi,Silver,2025-01-21
2194,Anne,Welch,Other,heatherwhite@example.org,+91-7244803243,India,Visakhapatnam,Bronze,2016-06-18
2195,Nicole,Gilmore,Female,travislong@example.net,+91-3295588027,India,Mysore,Gold,2024-12-13
2196,David,Wallace,Male,karen10@example.org,001-958-646-6513x743,Gibraltar,Toronto,Platinum,2017-06-08
2197,Matthew,Harper,Other,alec67@example.com,+91-6230336198,India,Chennai,Bronze,2015-12-01
2198,Richard,Christensen,Other,laurasanders@example.net,+91-8671281748,India,Chennai,Platinum,2019-04-20
2199,Raymond,Potts,Other,wandalawson@example.com,+91-8984795726,India,Coimbatore,Bronze,2018-01-09
2200,Eric,James,Female,victoriamiller@example.org,+91-4341144862,India,Bangalore,Bronze,2016-05-03
2201,Jose,Stevens,Male,htaylor@example.org,+91-9294364323,India,Mysore,Gold,2022-09-14
2202,Russell,Johnson,Male,wholmes@example.com,+91-1308534746,India,Bangalore,Bronze,2022-09-15
2203,Steven,Salazar,Male,diane11@example.com,+91-7730830778,India,Mysore,Bronze,2019-05-30
2204,Anne,Ferguson,Female,phernandez@example.net,+91-2436949463,India,Coimbatore,Silver,2020-05-20
2205,Larry,Johnson,Other,wendyellis@example.org,+91-6439171794,India,Bangalore,Silver,2017-10-22
2206,Krista,Barber,Male,zweber@example.com,+91-6288005653,India,Vijayawada,Silver,2019-11-18
2207,Brett,Cuevas,Male,garnermatthew@example.com,+91-6353600754,India,Hyderabad,Bronze,2025-01-20
2208,Robert,Clark,Other,patrick71@example.net,+91-8597501219,India,Hyderabad,Silver,2025-03-31
2209,Timothy,Small,Female,angelaparker@example.net,(930)304-0320x1782,Fiji,Singapore,Platinum,2017-05-21
2210,Matthew,Alexander,Male,edward29@example.org,+91-318305959,India,Hyderabad,Bronze,2020-07-05
2211,Nicholas,Mckay,Male,robertcalhoun@example.org,+91-3995038453,India,Mysore,Bronze,2018-09-19
2212,Alicia,Silva,Other,hdavis@example.net,+91-9284153169,India,Visakhapatnam,Silver,2020-05-24
2213,Lisa,Jones,Male,angelaruiz@example.net,+91-9049620933,India,Kochi,Gold,2023-03-06
2214,Emily,Travis,Male,brandon42@example.com,+91-8062097679,India,Coimbatore,Platinum,2022-02-03
2215,Tristan,Macdonald,Female,prussell@example.org,+91-9363206976,India,Madurai,Silver,2017-07-16
2216,Lisa,Williams,Female,matthew07@example.org,+91-4063976730,India,Coimbatore,Silver,2025-02-04
2217,Andrea,Robertson,Other,julia35@example.org,+91-2235254139,India,Vijayawada,Bronze,2019-03-22
2218,Brian,Robles,Female,bradley00@example.org,+91-4353815609,India,Madurai,Gold,2023-05-31
2219,Robert,Caldwell,Other,warnerbrandon@example.com,001-960-831-0157x2279,Aruba,Tokyo,Silver,2022-05-25
2220,Robert,Owen,Male,lawrencemichelle@example.com,+91-9061097390,India,Mysore,Bronze,2022-11-17
2221,John,Howard,Male,kadams@example.net,+91-8767039101,India,Mysore,Gold,2016-02-18
2222,Pamela,Jensen,Male,michelle96@example.org,777-677-1037x995,Nigeria,Tokyo,Bronze,2021-12-13
2223,Tamara,Davila,Female,nhernandez@example.com,+91-9696643601,India,Mysore,Bronze,2022-01-22
2224,Debra,Baker,Female,heatherthompson@example.com,+91-2190538679,India,Chennai,Bronze,2017-02-24
2225,Derek,Hill,Male,clarklynn@example.org,+91-5892394751,India,Mysore,Bronze,2017-04-17
2226,Peter,Shaw,Male,angelamcmillan@example.com,+91-889957721,India,Coimbatore,Gold,2018-03-23
2227,Patrick,Roy,Other,riversluis@example.net,+91-857807191,India,Thiruvananthapuram,Silver,2015-08-07
2228,Charles,Summers,Other,xberry@example.org,+91-9026307830,India,Mysore,Bronze,2018-09-05
2229,Sonia,Smith,Male,williamanthony@example.net,+91-7122667056,India,Coimbatore,Silver,2021-07-17
2230,Charles,Choi,Male,shawnwells@example.com,504-849-7600,Azerbaijan,London,Silver,2021-07-23
2231,Michael,Randall,Male,hallchristopher@example.net,+91-2479044341,India,Hyderabad,Silver,2020-04-18
2232,Jennifer,Stewart,Female,emoore@example.com,420-365-5626,Saint Barthelemy,Sydney,Silver,2020-02-13
2233,Barbara,Little,Male,bradtrevino@example.net,+91-5152546827,India,Bangalore,Gold,2018-09-08
2234,Christopher,Delgado,Male,uzimmerman@example.net,+91-2645096346,India,Kochi,Silver,2023-04-22
2235,Whitney,Morris,Female,penningtonpaul@example.org,+91-2697545026,India,Hyderabad,Gold,2024-05-27
2236,Robert,Burke,Female,hunterjustin@example.org,+91-4852437062,India,Kochi,Gold,2018-12-07
2237,Janet,Anderson,Female,aluna@example.org,+91-5462632145,India,Hyderabad,Gold,2018-08-31
2238,James,Bishop,Female,lovejohnathan@example.com,+91-4407083964,India,Hyderabad,Silver,2024-06-28
2239,Mary,Barrett,Male,sallylane@example.com,+91-9020245402,India,Madurai,Gold,2020-12-11
2240,Gregory,Flores,Male,herreraroy@example.net,+91-1740759639,India,Mysore,Bronze,2022-02-26
2241,Jerry,Cantu,Other,nbennett@example.org,+91-3952606602,India,Visakhapatnam,Silver,2015-06-24
2242,Jennifer,Roberts,Female,adamfranklin@example.com,+91-4862730883,India,Vijayawada,Bronze,2017-07-28
2243,Gina,Williams,Female,wallacejeremy@example.org,+91-2713869183,India,Chennai,Gold,2017-03-02
2244,Amber,Sandoval,Female,ppaul@example.net,+91-6489410885,India,Chennai,Silver,2018-08-31
2245,Megan,Fowler,Other,yangemily@example.net,+91-8350693098,India,Chennai,Bronze,2019-01-03
2246,Tracey,Lamb,Male,caitlintucker@example.org,+91-6693002934,India,Coimbatore,Platinum,2017-09-08
2247,Megan,Harper,Other,fjones@example.com,+91-3768623051,India,Mysore,Gold,2015-07-11
2248,Brian,Roberts,Other,amanda35@example.org,+91-9453927045,India,Madurai,Bronze,2016-01-07
2249,Heather,Lyons,Other,kentpaul@example.net,854-898-3897x612,North Macedonia,Dubai,Bronze,2023-03-15
2250,Christopher,Moore,Female,sarah00@example.net,+91-5827169007,India,Mysore,Bronze,2019-09-27
2251,Oscar,Edwards,Other,moorecasey@example.net,+91-1881172808,India,Chennai,Silver,2021-02-11
2252,Aaron,Dalton,Female,marybeltran@example.net,+91-8950473319,India,Hyderabad,Bronze,2020-06-05
2253,Nicole,Gonzales,Other,jenniferelliott@example.net,+91-5820386940,India,Thiruvananthapuram,Gold,2022-07-21
2254,Kayla,Walsh,Male,jennifer93@example.org,+91-4767346331,India,Visakhapatnam,Silver,2017-10-12
2255,Linda,Larson,Other,fmcdonald@example.com,+91-3015217644,India,Hyderabad,Bronze,2018-11-20
2256,Mark,Garcia,Female,robertharris@example.com,+91-1205202602,India,Visakhapatnam,Bronze,2024-02-18
2257,Jacqueline,Hernandez,Other,dcollins@example.net,+91-5567737226,India,Madurai,Platinum,2015-04-30
2258,Lisa,Vazquez,Male,tonyarobles@example.org,+91-6061509535,India,Chennai,Bronze,2017-04-20
2259,Alexander,Gray,Other,kathleenclark@example.net,+91-872733791,India,Bangalore,Gold,2022-04-21
2260,Christopher,Clark,Female,staceydonaldson@example.net,+91-5675423648,India,Kochi,Gold,2019-07-23
2261,Brandon,Davis,Male,bowersaaron@example.net,6906743845,Greenland,Los Angeles,Gold,2024-04-09
2262,Dustin,Owens,Female,vbender@example.com,+91-1403590606,India,Thiruvananthapuram,Bronze,2018-04-11
2263,Stephen,Clark,Female,christy62@example.org,+91-955975431,India,Visakhapatnam,Silver,2023-09-19
2264,Krystal,Stewart,Male,spearsrebecca@example.com,+91-1243400624,India,Chennai,Gold,2019-11-21
2265,John,Price,Female,amyhendricks@example.org,+91-5583525381,India,Madurai,Bronze,2018-10-06
2266,Christopher,Stewart,Male,jallen@example.com,+91-3346060127,India,Madurai,Silver,2016-09-15
2267,William,Hunter,Male,spencergene@example.net,+91-3632992287,India,Madurai,Silver,2020-11-17
2268,Misty,Sanchez,Female,mcdonaldrodney@example.net,+91-3597212971,India,Hyderabad,Bronze,2023-11-21
2269,Ryan,Hood,Male,daniel86@example.org,+91-8605540421,India,Hyderabad,Bronze,2022-08-05
2270,Nathan,Perez,Male,marc23@example.com,+1-721-732-9018x633,Saint Pierre and Miquelon,Toronto,Silver,2020-05-20
2271,Christina,Gibbs,Other,connortaylor@example.org,+91-4207164074,India,Thiruvananthapuram,Bronze,2023-12-06
2272,Victor,Villarreal,Other,bennettjeffrey@example.com,+91-1588565945,India,Madurai,Gold,2020-11-08
2273,Brittany,Smith,Female,mckinneyanna@example.net,770.406.2820,Kiribati,London,Gold,2019-01-03
2274,Diana,Jordan,Other,xholland@example.com,+1-628-387-2244x2601,Zambia,Los Angeles,Bronze,2022-05-20
2275,Brittney,Lee,Female,yknox@example.org,+91-5625998529,India,Hyderabad,Bronze,2019-05-28
2276,Lynn,Allen,Other,william19@example.com,(949)764-9274,Guinea,Paris,Silver,2019-06-28
2277,Linda,Williams,Female,kathleenpadilla@example.net,+91-3849524531,India,Madurai,Gold,2015-06-18
2278,Samuel,Sanchez,Other,ruthwatts@example.org,+91-1724926053,India,Kochi,Silver,2018-11-21
2279,Michael,Mendez,Female,rodriguezdiana@example.net,+91-9559940685,India,Coimbatore,Bronze,2016-11-21
2280,Grace,Sullivan,Female,samuel31@example.net,+91-3171162948,India,Bangalore,Silver,2016-08-08
2281,Becky,Arellano,Female,gonzalesashley@example.com,+91-1307934426,India,Mysore,Gold,2021-02-03
2282,Jennifer,Lewis,Male,michealstout@example.org,+91-9759349010,India,Bangalore,Silver,2015-11-12
2283,Mary,Kennedy,Male,wrichardson@example.org,+91-4073774763,India,Kochi,Bronze,2022-11-03
2284,Tracey,Carter,Female,sgutierrez@example.net,+91-1196327759,India,Thiruvananthapuram,Silver,2024-06-10
2285,Kristina,Shaw,Other,odavenport@example.org,+91-3995326674,India,Chennai,Gold,2022-10-26
2286,Julie,Taylor,Male,millermatthew@example.com,+91-5707905163,India,Coimbatore,Silver,2016-08-20
2287,James,Osborne,Female,danny78@example.net,380-963-6139x4436,Macao,Sydney,Gold,2019-06-12
2288,Maria,Barber,Other,reynoldscourtney@example.net,+91-9815674168,India,Coimbatore,Bronze,2021-10-25
2289,Amy,Campbell,Male,cheryl63@example.org,+91-8021339091,India,Hyderabad,Bronze,2018-03-17
2290,Alice,Gonzalez,Other,hansenbrent@example.org,+91-6936720457,India,Vijayawada,Bronze,2022-07-09
2291,Stacy,Reid,Male,prhodes@example.com,+91-5980766172,India,Thiruvananthapuram,Bronze,2017-05-14
2292,Kathy,Robinson,Female,dpatrick@example.org,+91-7782286917,India,Thiruvananthapuram,Bronze,2023-10-05
2293,Jeffery,Garner,Female,brian03@example.com,+91-4692703111,India,Chennai,Gold,2017-11-20
2294,Sara,Cox,Male,erinball@example.com,(284)992-4637x80585,Heard Island and McDonald Islands,Paris,Gold,2019-10-14
2295,Jesus,Robbins,Other,marcus12@example.com,+91-6371411491,India,Vijayawada,Silver,2019-06-01
2296,Megan,Walton,Female,amberwilson@example.net,550-738-9212,Cambodia,Tokyo,Bronze,2016-10-30
2297,David,Waller,Male,logan77@example.com,+91-5312963744,India,Chennai,Bronze,2015-05-03
2298,Dana,Hebert,Female,bakercatherine@example.com,+91-4781655772,India,Madurai,Silver,2019-04-04
2299,Michelle,Walters,Other,tom25@example.com,+91-7806173555,India,Thiruvananthapuram,Gold,2022-11-04
2300,Jennifer,Hancock,Female,qrodriguez@example.com,(388)813-6135,Pakistan,Berlin,Silver,2017-01-03
2301,Cassandra,Cunningham,Male,clopez@example.org,+91-8054814486,India,Mysore,Bronze,2016-10-28
2302,Jason,Jones,Male,tranjamie@example.org,+91-629918037,India,Hyderabad,Bronze,2020-12-09
2303,Richard,Yu,Female,alan68@example.org,+91-1964648581,India,Hyderabad,Silver,2015-05-04
2304,George,Jackson,Other,kent55@example.org,+91-6654050364,India,Bangalore,Bronze,2024-07-30
2305,Kyle,Carter,Male,jwashington@example.org,+91-8036479627,India,Kochi,Gold,2015-06-04
2306,Ashley,Brooks,Female,robertwatson@example.net,+91-8014123182,India,Visakhapatnam,Platinum,2017-09-22
2307,Dawn,Olson,Male,jennifer07@example.net,+91-7666241797,India,Thiruvananthapuram,Silver,2022-05-30
2308,April,Armstrong,Female,irobinson@example.org,+91-251519464,India,Visakhapatnam,Silver,2019-08-21
2309,Jose,Morgan,Male,dwilson@example.org,+91-9112768965,India,Thiruvananthapuram,Gold,2019-08-07
2310,Mario,Bowen,Female,mreed@example.com,775-556-9444x14567,Afghanistan,Singapore,Gold,2018-04-18
2311,Joseph,Jenkins,Male,katelyn80@example.net,+91-3551702697,India,Visakhapatnam,Silver,2016-11-05
2312,Alexis,Garner,Female,cindywalsh@example.net,+91-3606344872,India,Kochi,Gold,2023-08-14
2313,Jennifer,Baldwin,Female,flawson@example.net,+1-276-602-5399,Seychelles,Tokyo,Bronze,2021-06-08
2314,John,Zamora,Female,lrobinson@example.net,+91-5032312868,India,Visakhapatnam,Silver,2021-02-05
2315,Danielle,Sims,Male,martinbrianna@example.com,530.826.8904x7206,Aruba,London,Silver,2023-10-04
2316,Melissa,Gonzalez,Male,rodneymejia@example.org,+91-8109754755,India,Mysore,Gold,2024-01-03
2317,Lisa,Porter,Male,richard27@example.org,(655)449-7562,Singapore,Los Angeles,Bronze,2023-04-19
2318,Lydia,Oliver,Male,cwilliams@example.org,+91-3354358623,India,Bangalore,Bronze,2016-08-07
2319,Brittany,Krause,Female,michael16@example.org,3539335620,Montserrat,Los Angeles,Gold,2023-06-05
2320,Melinda,Fitzgerald,Female,angela51@example.org,955.562.1440,Antarctica (the territory South of 60 deg S),Sydney,Silver,2020-05-29
2321,Tina,Martinez,Other,breed@example.com,+91-9444571007,India,Mysore,Gold,2016-06-22
2322,Phillip,Gonzales,Male,andersongary@example.net,+91-9029358416,India,Thiruvananthapuram,Silver,2016-04-08
2323,Courtney,Valentine,Other,angela16@example.com,+91-8489253261,India,Chennai,Bronze,2020-07-31
2324,John,Scott,Male,joshualewis@example.org,+91-4284350271,India,Kochi,Silver,2018-11-20
2325,Jessica,Smith,Other,qmoore@example.net,(608)937-0674x827,Slovenia,Paris,Bronze,2016-04-25
2326,Chad,Clark,Male,hacosta@example.org,+91-3040893588,India,Thiruvananthapuram,Bronze,2018-11-15
2327,Dennis,Phillips,Male,michael30@example.org,+91-8153936499,India,Thiruvananthapuram,Silver,2022-11-27
2328,Mary,Johnson,Male,scottmorgan@example.org,(452)889-4530x357,Argentina,Dubai,Bronze,2021-12-01
2329,Amy,Patton,Female,smithjames@example.org,+91-4505257124,India,Madurai,Silver,2020-02-19
2330,Paul,Ramirez,Male,sbrown@example.com,+91-3009078778,India,Madurai,Bronze,2020-03-23
2331,Denise,Johnson,Female,lynchjoseph@example.org,+91-4123779435,India,Madurai,Gold,2016-04-23
2332,Michael,Richardson,Other,sandrasandoval@example.org,+91-4612558023,India,Chennai,Bronze,2017-03-26
2333,Tyler,Brown,Female,sprice@example.com,+91-1880635187,India,Chennai,Silver,2016-07-23
2334,Gregory,Horton,Other,andrewrodriguez@example.net,+91-8039497383,India,Coimbatore,Bronze,2022-07-26
2335,John,Thomas,Other,cisnerosyesenia@example.net,+91-3253365496,India,Kochi,Bronze,2023-12-01
2336,Tamara,Hall,Female,cynthiagonzalez@example.com,+91-3917879626,India,Visakhapatnam,Silver,2023-08-02
2337,Daniel,Mcdaniel,Male,vweaver@example.net,+91-2146985904,India,Visakhapatnam,Bronze,2016-12-25
2338,Robert,Conley,Male,lindseyhunt@example.org,+91-5210577639,India,Vijayawada,Platinum,2015-09-10
2339,Tina,Patterson,Other,wolfeevan@example.org,+91-6030313051,India,Kochi,Bronze,2021-02-02
2340,Zachary,Weeks,Male,nicole51@example.com,+91-4203142342,India,Madurai,Silver,2024-05-14
2341,Susan,Petersen,Female,maria29@example.com,+91-9244521265,India,Vijayawada,Bronze,2021-12-14
2342,Jacob,Cox,Female,lharrington@example.com,+91-1565919982,India,Hyderabad,Silver,2016-01-25
2343,Jennifer,Miller,Female,robertswendy@example.com,+91-3756696105,India,Vijayawada,Bronze,2025-01-15
2344,Teresa,Martinez,Female,john26@example.net,(760)370-6642,Mozambique,Dubai,Platinum,2015-08-31
2345,Megan,Harrison,Male,oreed@example.net,+91-1698682242,India,Thiruvananthapuram,Gold,2023-08-01
2346,Sarah,Holmes,Male,stephen89@example.net,+91-5079450373,India,Mysore,Bronze,2023-09-17
2347,Paul,Combs,Other,kylebell@example.com,+91-9291857869,India,Vijayawada,Bronze,2016-11-03
2348,Noah,Simmons,Female,hansenemily@example.net,+91-9057472415,India,Vijayawada,Silver,2018-03-11
2349,Kristin,Tran,Other,stuart72@example.com,+91-7911801850,India,Mysore,Silver,2016-10-17
2350,Chad,Cochran,Male,riveraamanda@example.net,+91-4992621068,India,Thiruvananthapuram,Silver,2018-03-15
2351,Adam,Lewis,Male,garciajorge@example.net,001-719-420-9364,Eritrea,New York,Silver,2015-11-09
2352,Joshua,Smith,Male,gbarker@example.net,+91-2302031005,India,Coimbatore,Platinum,2016-07-23
2353,Natasha,Roman,Male,riverachristopher@example.com,+91-413209643,India,Madurai,Gold,2019-10-23
2354,Joyce,Rivera,Male,sandersjeffrey@example.net,243.540.5735x2716,Macao,Los Angeles,Platinum,2023-07-04
2355,David,Anderson,Other,zperez@example.org,+91-1019819214,India,Bangalore,Bronze,2020-07-30
2356,Sara,Maldonado,Female,floresnicole@example.com,+91-9782663389,India,Chennai,Silver,2018-08-04
2357,Peter,Mccarthy,Female,tpatterson@example.net,+91-8440843455,India,Madurai,Platinum,2017-11-14
2358,Janet,Smith,Other,schultzsteven@example.org,+91-2902432284,India,Hyderabad,Bronze,2024-04-17
2359,Ryan,Romero,Other,harriskelsey@example.com,+91-926311063,India,Kochi,Gold,2018-11-08
2360,Nicole,Swanson,Other,connor69@example.org,+91-4838720825,India,Hyderabad,Silver,2021-01-31
2361,Kara,Day,Other,rachel48@example.com,+91-5482655849,India,Bangalore,Silver,2020-09-16
2362,Lori,Barnes,Other,lindseysmith@example.com,+91-7120625853,India,Bangalore,Bronze,2022-05-17
2363,Jimmy,Snyder,Other,hlutz@example.org,+91-2830127280,India,Madurai,Bronze,2020-02-04
2364,Matthew,Barron,Male,bennettcindy@example.net,473.723.3408x4893,Netherlands Antilles,Berlin,Silver,2017-01-26
2365,Patricia,Hoffman,Male,lgarcia@example.net,+91-8565122370,India,Coimbatore,Silver,2015-05-12
2366,Jeremy,Hawkins,Other,ohanson@example.com,+91-9865183745,India,Thiruvananthapuram,Silver,2022-08-11
2367,Amy,Cole,Male,rhodescarrie@example.org,+91-9865797405,India,Thiruvananthapuram,Bronze,2017-09-12
2368,Anthony,Ingram,Female,barrydavis@example.org,+91-8749808026,India,Madurai,Silver,2015-06-20
2369,Shawn,Shepherd,Male,amyoconnell@example.net,+1-550-620-6900,Bulgaria,Dubai,Bronze,2018-11-08
2370,Cameron,Welch,Other,hjohnson@example.com,+91-8601827943,India,Hyderabad,Silver,2021-11-24
2371,Jackson,Larson,Female,nicholasthomas@example.net,+91-4494161729,India,Hyderabad,Gold,2016-04-05
2372,Deborah,Mendez,Other,maryhernandez@example.com,+91-4284831459,India,Kochi,Bronze,2020-05-16
2373,Jeremy,Hayes,Female,cprice@example.org,+91-3428409427,India,Coimbatore,Bronze,2024-01-20
2374,James,Boyd,Male,bbright@example.org,+91-5731184402,India,Thiruvananthapuram,Bronze,2021-11-12
2375,Michael,Ramsey,Male,donaldlee@example.net,+91-3960784206,India,Coimbatore,Silver,2017-03-11
2376,Jeffrey,Flowers,Other,maymark@example.net,+91-3207350134,India,Mysore,Bronze,2023-11-08
2377,Mark,Barnett,Male,smithamanda@example.net,+91-1037089555,India,Madurai,Bronze,2018-09-03
2378,Ruben,Miller,Male,apriljackson@example.com,001-823-568-3753x89682,Svalbard & Jan Mayen Islands,New York,Bronze,2018-08-07
2379,Nicholas,Poole,Other,fstevens@example.com,+91-8908656431,India,Hyderabad,Gold,2023-03-11
2380,Robert,Santiago,Male,phart@example.com,+91-7162515738,India,Mysore,Bronze,2020-04-19
2381,Jasmin,Brown,Female,scottboyd@example.com,+91-8558217456,India,Visakhapatnam,Gold,2020-05-20
2382,Susan,Foster,Female,lorisnow@example.net,+91-1287713796,India,Mysore,Platinum,2017-01-07
2383,Jennifer,Johnson,Female,fisherclaudia@example.com,+91-3745736919,India,Chennai,Platinum,2022-05-02
2384,Jeffrey,Cherry,Male,kingmichael@example.com,+91-2473238958,India,Visakhapatnam,Bronze,2022-01-05
2385,Stephen,Oliver,Female,lopezsarah@example.com,+91-5866490399,India,Chennai,Silver,2018-08-28
2386,Stephanie,Jackson,Male,kelseyjuarez@example.org,+91-2691402477,India,Vijayawada,Bronze,2015-12-31
2387,Maria,Scott,Male,wkelly@example.org,+91-561127643,India,Thiruvananthapuram,Silver,2016-08-28
2388,Mark,Hernandez,Female,jhernandez@example.com,+91-5485672683,India,Visakhapatnam,Bronze,2021-04-28
2389,Nathan,Ellis,Female,matthewbowman@example.com,8072582316,Sri Lanka,London,Bronze,2024-10-03
2390,Thomas,Fisher,Other,cheryl09@example.net,+91-9569327810,India,Thiruvananthapuram,Bronze,2024-09-20
2391,Thomas,Hurst,Other,michaelherrera@example.net,678.663.0675,Sri Lanka,Toronto,Silver,2021-11-16
2392,Kevin,Johnson,Male,torresjay@example.org,+91-8211952888,India,Vijayawada,Gold,2021-01-16
2393,Corey,Smith,Male,hwhite@example.com,(808)389-5822x2396,Liechtenstein,Dubai,Bronze,2018-04-11
2394,David,Leblanc,Male,maryrodriguez@example.net,+91-7091368267,India,Mysore,Bronze,2023-01-25
2395,Kerry,James,Other,josebarber@example.org,+91-9274105249,India,Hyderabad,Gold,2023-05-02
2396,Scott,Snyder,Other,utaylor@example.net,+91-7849329381,India,Hyderabad,Bronze,2016-07-19
2397,Christopher,Stone,Other,sydney25@example.net,811-312-1794x7864,India,Tokyo,Silver,2020-05-13
2398,Isabel,Patterson,Other,melissa52@example.org,+91-2934569049,India,Bangalore,Bronze,2020-06-25
2399,Jeremy,Oliver,Female,gonzalezjeffrey@example.com,609-283-0065x3963,Sierra Leone,Tokyo,Bronze,2021-10-27
2400,Carol,Sanders,Female,amber77@example.net,+91-7247929268,India,Kochi,Platinum,2018-10-28
2401,Connor,Nielsen,Other,zruiz@example.net,+91-1493178803,India,Chennai,Silver,2016-07-20
2402,Dana,Mcdonald,Male,kevin94@example.com,+91-5079422008,India,Mysore,Gold,2022-03-07
2403,Samantha,Martin,Female,martineztyler@example.com,+91-408947712,India,Hyderabad,Platinum,2020-09-27
2404,Mark,Black,Other,deanromero@example.com,7956951196,Montserrat,New York,Bronze,2023-09-21
2405,Samuel,Wood,Female,chambersbrandy@example.net,+91-8303043521,India,Kochi,Silver,2022-10-17
2406,Sean,Mendez,Other,jerome55@example.org,+91-3007821748,India,Thiruvananthapuram,Gold,2019-10-05
2407,Matthew,Lewis,Female,robert01@example.net,(449)234-1839,Canada,Paris,Gold,2016-02-02
2408,Allen,Garcia,Other,nathan83@example.com,+91-9040539180,India,Kochi,Silver,2020-03-18
2409,Rachel,Russell,Female,elizabeth53@example.net,+91-6413931590,India,Kochi,Bronze,2019-10-08
2410,Derek,Goodwin,Female,martinezbrandon@example.org,+91-7520224017,India,Kochi,Bronze,2015-12-01
2411,Veronica,Keith,Male,masseyrachel@example.com,+91-238657907,India,Visakhapatnam,Bronze,2024-05-09
2412,Melanie,Nelson,Male,cwoodward@example.com,+91-7058226046,India,Hyderabad,Gold,2025-04-04
2413,Kelly,Kelly,Male,joshuarice@example.net,+91-7716446092,India,Hyderabad,Silver,2022-08-17
2414,Patricia,Adkins,Male,ronaldbraun@example.com,+91-5849994546,India,Hyderabad,Bronze,2024-07-11
2415,Sheila,Anderson,Other,jesse10@example.org,+91-1151369890,India,Chennai,Silver,2021-01-31
2416,David,Bernard,Female,hernandezryan@example.org,+91-7782489039,India,Mysore,Gold,2024-02-23
2417,Jessica,Jones,Female,jacobjones@example.com,842.703.9894,Myanmar,New York,Gold,2020-05-03
2418,Dylan,Rivera,Other,shawn49@example.org,+91-1481173050,India,Hyderabad,Gold,2018-10-23
2419,Brittany,Sanchez,Other,garciathomas@example.org,+91-1443352010,India,Madurai,Bronze,2016-01-13
2420,Lee,Johnson,Male,wisedonna@example.com,+91-7647942758,India,Hyderabad,Silver,2018-10-24
2421,Angela,Craig,Other,tyronesuarez@example.com,+91-4661485824,India,Coimbatore,Bronze,2017-12-20
2422,Elizabeth,Robinson,Male,deanhayes@example.com,+91-8157604620,India,Kochi,Gold,2018-08-22
2423,Brandy,Boyd,Other,monique00@example.net,+91-3459827401,India,Chennai,Platinum,2019-06-05
2424,Sarah,Bush,Male,roytimothy@example.org,+91-4070795493,India,Visakhapatnam,Bronze,2024-08-11
2425,Thomas,Fox,Male,cooperjohn@example.net,001-457-208-8974,South Georgia and the South Sandwich Islands,Sydney,Platinum,2018-01-16
2426,Jennifer,Bailey,Female,laceydougherty@example.com,+91-1130866273,India,Coimbatore,Bronze,2022-02-08
2427,Jason,Cunningham,Other,amy85@example.com,+91-6744677187,India,Vijayawada,Bronze,2019-08-07
2428,Judy,Randall,Male,johnny15@example.net,+1-636-968-7262x89209,Haiti,Sydney,Bronze,2016-08-08
2429,Kathleen,Owens,Male,moraleschristopher@example.net,788-777-4610,Italy,Dubai,Bronze,2018-08-20
2430,James,Francis,Male,smithalexis@example.com,+91-4983454552,India,Vijayawada,Gold,2019-08-15
2431,Gregory,Berger,Other,rcarter@example.org,+91-5150499314,India,Visakhapatnam,Gold,2019-06-01
2432,Victoria,Garcia,Female,whitenancy@example.net,+91-8360889242,India,Vijayawada,Gold,2016-03-11
2433,Michael,Baker,Other,sthornton@example.com,+91-6703212023,India,Bangalore,Gold,2023-02-03
2434,Sarah,Patel,Male,bford@example.net,+91-3172603335,India,Bangalore,Gold,2019-07-22
2435,Brittany,Buckley,Female,stacey38@example.org,+91-7253923938,India,Mysore,Platinum,2018-06-25
2436,Phillip,Howard,Male,john79@example.net,+91-103601464,India,Madurai,Bronze,2017-03-25
2437,Wayne,Gillespie,Other,snorris@example.org,+91-6434397742,India,Mysore,Bronze,2016-02-15
2438,David,Miller,Male,mthompson@example.com,+91-6660729383,India,Mysore,Bronze,2023-04-26
2439,Nicholas,Wang,Other,pattersonsandra@example.com,+91-262983178,India,Madurai,Silver,2024-05-31
2440,Barbara,Dixon,Male,yvonne05@example.net,+91-3383429927,India,Mysore,Silver,2015-05-05
2441,Gloria,Webb,Female,nmiles@example.net,+91-9704039432,India,Vijayawada,Bronze,2021-01-20
2442,Nicholas,Mcdowell,Male,nathanjimenez@example.com,+91-9435679297,India,Madurai,Bronze,2019-01-16
2443,Julie,Jackson,Female,kkim@example.org,+91-6060648933,India,Vijayawada,Silver,2015-05-20
2444,Julia,Moore,Male,loripark@example.com,+91-6883948688,India,Vijayawada,Gold,2024-11-30
2445,Tracy,Brady,Other,roy07@example.com,+91-1287464257,India,Madurai,Bronze,2020-03-09
2446,Sean,Newman,Female,jmiller@example.org,+91-9596387641,India,Madurai,Gold,2017-04-28
2447,Adam,Mitchell,Male,ufrank@example.org,(349)860-0649,Niger,Dubai,Gold,2020-11-13
2448,Carrie,Castro,Other,sgarcia@example.net,+91-4035417682,India,Madurai,Bronze,2020-12-26
2449,Ashley,Roberts,Male,solisdeanna@example.net,+91-4508116010,India,Vijayawada,Bronze,2024-02-14
2450,Nancy,Prince,Other,crystal50@example.com,+91-4361890383,India,Thiruvananthapuram,Bronze,2020-03-14
2451,Daniel,Pitts,Other,dmitchell@example.net,465-845-8766,Tokelau,London,Gold,2015-07-31
2452,Michael,Flores,Male,toddmeyer@example.org,+91-3418164960,India,Vijayawada,Platinum,2023-10-31
2453,Dennis,Burton,Male,michaelajohnson@example.com,609-362-0560x4462,Madagascar,Los Angeles,Bronze,2018-07-29
2454,Eric,Gutierrez,Male,cathyharris@example.com,+91-4982645461,India,Coimbatore,Gold,2021-08-11
2455,John,Wagner,Other,joshuasullivan@example.com,+91-1609162281,India,Chennai,Bronze,2025-03-19
2456,Brandi,Jennings,Male,dmartinez@example.org,+91-8533553027,India,Vijayawada,Silver,2021-04-24
2457,Kyle,Morrow,Female,gkramer@example.com,(798)424-6697x200,Switzerland,Tokyo,Bronze,2021-11-09
2458,Ann,Green,Other,gilbertromero@example.com,+91-4468580448,India,Kochi,Bronze,2017-04-02
2459,Michael,Jones,Male,fernandowilliamson@example.net,+91-4689966318,India,Mysore,Silver,2017-11-02
2460,Timothy,Lewis,Other,erikhart@example.org,+91-1082152713,India,Visakhapatnam,Gold,2022-05-12
2461,Mary,Evans,Female,osbornenoah@example.com,+91-6490040679,India,Kochi,Bronze,2015-08-08
2462,Sheila,Wright,Female,kimberlythomas@example.com,001-239-304-3026x7717,Malta,Berlin,Silver,2018-11-06
2463,Jose,Mathis,Male,henry86@example.org,+91-806640744,India,Bangalore,Bronze,2017-08-06
2464,William,Daniels,Other,michelle37@example.org,+91-9471767899,India,Visakhapatnam,Bronze,2015-08-18
2465,Jerome,Floyd,Male,gbarrera@example.com,+1-405-527-8672x30342,Andorra,New York,Platinum,2021-06-27
2466,William,Small,Male,ywarren@example.com,421.405.4915,Saudi Arabia,Dubai,Bronze,2016-08-26
2467,Jeffrey,Moore,Other,kimberly59@example.com,001-374-709-4069x54629,Thailand,Singapore,Silver,2015-09-09
2468,Michael,Garza,Female,rodriguezbrenda@example.com,+91-3997875028,India,Thiruvananthapuram,Gold,2022-07-14
2469,Cindy,Wright,Male,carrieedwards@example.com,+91-2425585487,India,Coimbatore,Gold,2022-08-05
2470,Amanda,Shepherd,Other,markgarcia@example.net,+91-7436687586,India,Madurai,Gold,2024-07-25
2471,Jeffrey,Martinez,Other,steven02@example.net,+91-8160727229,India,Hyderabad,Bronze,2021-08-07
2472,Danny,Green,Other,websternicole@example.com,+91-2589270530,India,Kochi,Bronze,2021-03-02
2473,Joseph,Smith,Male,erikagallegos@example.com,(519)420-8551,Croatia,Dubai,Silver,2023-09-01
2474,Carl,Kim,Female,sharris@example.com,+91-9936376948,India,Hyderabad,Silver,2018-10-20
2475,Cheryl,Sanchez,Female,julia05@example.com,+91-6982486887,India,Visakhapatnam,Bronze,2016-11-30
2476,Brittany,Smith,Other,elizabeth42@example.org,+91-6050102356,India,Mysore,Platinum,2015-06-18
2477,Ethan,Lewis,Male,regina51@example.com,+91-8188835652,India,Hyderabad,Bronze,2023-09-27
2478,Rachel,Hamilton,Male,lindahenderson@example.org,+91-1791521884,India,Hyderabad,Gold,2016-12-12
2479,Mason,Barton,Female,robertrichardson@example.com,+91-8650559511,India,Coimbatore,Bronze,2025-03-04
2480,Breanna,Riley,Male,jamestaylor@example.com,+91-4643328849,India,Bangalore,Gold,2017-02-23
2481,Jill,Sellers,Other,dickersontroy@example.net,+91-2250027979,India,Chennai,Silver,2024-08-22
2482,Anthony,Wong,Female,christinesandoval@example.com,+91-1261540380,India,Chennai,Silver,2020-12-25
2483,Alexandra,Jackson,Female,hsnyder@example.net,+91-8156376732,India,Coimbatore,Silver,2020-07-18
2484,Jerry,Smith,Other,anthony53@example.com,+91-4320035831,India,Vijayawada,Silver,2025-02-28
2485,Megan,Stone,Female,barbara06@example.org,+91-9354385064,India,Hyderabad,Bronze,2021-10-05
2486,Joel,Obrien,Other,kmiller@example.com,+91-9294531732,India,Bangalore,Silver,2016-08-25
2487,Tamara,Spencer,Female,marialopez@example.org,+91-5584137753,India,Chennai,Bronze,2019-05-04
2488,Theresa,Barker,Male,ywilson@example.com,+91-6318210366,India,Kochi,Bronze,2015-08-27
2489,Stacy,Greene,Male,csingh@example.com,382.369.3918x9508,Burundi,London,Platinum,2021-08-03
2490,Stacy,Banks,Male,emyers@example.net,+91-1767107355,India,Bangalore,Bronze,2018-06-27
2491,Michael,Wilcox,Male,andersonnicole@example.org,(265)489-4424x0762,Mauritius,Berlin,Platinum,2024-08-03
2492,Margaret,Hampton,Other,jason01@example.com,+91-2666683914,India,Madurai,Gold,2021-09-18
2493,Joseph,Floyd,Female,umcintosh@example.net,+91-7173070304,India,Bangalore,Gold,2024-07-23
2494,Michael,Campbell,Male,linda74@example.org,(979)740-7065x191,Turkey,Paris,Gold,2019-10-13
2495,Stacy,Jimenez,Male,manuel04@example.net,+91-5064489606,India,Bangalore,Platinum,2018-06-17
2496,Carlos,Simmons,Other,hinesmaria@example.net,+91-518460232,India,Hyderabad,Bronze,2023-12-28
2497,Colleen,Walker,Female,gary43@example.com,+91-1078192825,India,Chennai,Bronze,2022-02-07
2498,Jeremy,Keith,Male,ncooper@example.org,+91-6065184597,India,Chennai,Silver,2021-05-29
2499,Blake,Cook,Other,greensusan@example.org,537.431.1643x925,Honduras,New York,Bronze,2020-08-17
2500,Brandon,Singh,Female,daniel02@example.com,+91-7712398140,India,Bangalore,Bronze,2016-04-18
2501,Rebecca,Brown,Other,morrisryan@example.org,+91-2486528436,India,Vijayawada,Gold,2021-09-16
2502,Jason,Wright,Female,jeffrey28@example.net,+91-9570186510,India,Chennai,Gold,2022-03-31
2503,Laura,Harrison,Male,david83@example.com,+91-5276070393,India,Chennai,Bronze,2016-06-21
2504,Kathy,Barnes,Female,virginiajackson@example.net,+91-9068387437,India,Thiruvananthapuram,Platinum,2015-09-24
2505,Krystal,Peterson,Female,dawnhill@example.org,7975235241,Nicaragua,Tokyo,Platinum,2023-09-03
2506,Shane,Adams,Female,bgarcia@example.net,+91-5963695783,India,Chennai,Silver,2016-07-28
2507,Taylor,Horton,Female,freemanhailey@example.net,+91-508870187,India,Chennai,Bronze,2015-11-22
2508,Jeffery,Murray,Female,holtandrew@example.net,+91-8962462661,India,Vijayawada,Silver,2023-09-11
2509,Theresa,Wells,Female,harrisheather@example.org,730.511.4259,Spain,Los Angeles,Bronze,2015-06-24
2510,Christopher,Church,Male,bmartinez@example.com,+91-9496027496,India,Vijayawada,Bronze,2019-04-27
2511,Sandra,Powell,Other,rhughes@example.com,+91-6829098507,India,Bangalore,Platinum,2017-11-28
2512,Walter,Bell,Female,schneiderbrian@example.com,327-392-3063,Hong Kong,Dubai,Bronze,2023-06-04
2513,Gary,Stewart,Male,jennifer95@example.net,537.714.5010x765,Oman,Paris,Bronze,2017-02-25
2514,Tim,Murphy,Male,matthew65@example.com,+91-249934972,India,Vijayawada,Bronze,2019-01-26
2515,Donna,Ryan,Other,tatepamela@example.org,001-218-905-2559x23039,Dominica,New York,Bronze,2019-03-28
2516,Rickey,Myers,Female,edwardayers@example.net,+91-5369899192,India,Thiruvananthapuram,Silver,2018-02-27
2517,Bianca,Smith,Female,barbaraowens@example.net,+91-7852239041,India,Coimbatore,Silver,2017-02-04
2518,Emily,Taylor,Male,aedwards@example.com,+91-8882416766,India,Vijayawada,Bronze,2015-08-08
2519,Latoya,Rangel,Other,vrichard@example.com,+91-1690484104,India,Visakhapatnam,Bronze,2019-08-13
2520,Jeffery,Livingston,Female,josephsmith@example.org,+91-1270858653,India,Visakhapatnam,Platinum,2016-02-10
2521,Sean,Griffin,Other,christianallen@example.net,001-382-903-7576,Panama,Toronto,Bronze,2020-04-23
2522,Cynthia,Bridges,Other,johnpalmer@example.net,+91-6581528479,India,Hyderabad,Bronze,2015-09-23
2523,Andrea,Jacobs,Other,jacksondaniel@example.net,+91-4614215907,India,Bangalore,Gold,2021-08-08
2524,Timothy,Waters,Other,deborahramirez@example.com,+91-3980745084,India,Hyderabad,Silver,2018-11-01
2525,Monica,Hanson,Other,fieldsstephen@example.com,+91-584314113,India,Visakhapatnam,Silver,2024-09-18
2526,Michael,Taylor,Male,jeffmason@example.net,+91-5362489092,India,Hyderabad,Silver,2016-02-06
2527,Shannon,Berry,Other,jessica53@example.net,296-637-7130x334,Haiti,Toronto,Bronze,2022-06-10
2528,James,Carpenter,Male,xhansen@example.net,+91-3291754533,India,Bangalore,Bronze,2021-11-23
2529,David,Cook,Male,hcaldwell@example.net,+1-484-683-4172x5884,Belize,Sydney,Silver,2021-12-07
2530,Jeremy,Beard,Female,debraherrera@example.com,438-585-8137x790,Aruba,Toronto,Bronze,2025-02-20
2531,Jesse,Zavala,Female,bradshawjeremy@example.com,+91-8536307290,India,Vijayawada,Bronze,2016-10-03
2532,Tracy,Morales,Male,qfarrell@example.org,+91-5010950846,India,Thiruvananthapuram,Platinum,2024-03-18
2533,Chelsey,Bowen,Male,matthew72@example.com,+91-7835019877,India,Bangalore,Silver,2016-07-13
2534,Jennifer,Gilmore,Male,james43@example.org,+91-3855766204,India,Chennai,Gold,2024-06-20
2535,Alex,Jackson,Other,timothyjohnston@example.org,8489543079,Swaziland,London,Silver,2024-02-14
2536,Darren,Spencer,Other,tiffany67@example.org,+91-8291702697,India,Visakhapatnam,Platinum,2024-09-27
2537,Jennifer,Young,Female,dustin68@example.org,+91-5436548832,India,Coimbatore,Bronze,2017-06-01
2538,Amy,Esparza,Male,heather98@example.org,+91-9193265031,India,Visakhapatnam,Bronze,2024-08-10
2539,Linda,Perez,Male,nataliespencer@example.net,+91-6143526869,India,Visakhapatnam,Platinum,2015-05-27
2540,Lisa,Garcia,Female,johnsontaylor@example.com,+91-6039632936,India,Chennai,Gold,2019-03-05
2541,Kim,Leach,Other,tchambers@example.org,+91-4117998914,India,Kochi,Gold,2021-07-21
2542,Alicia,Green,Female,cooklisa@example.org,+91-4380085133,India,Thiruvananthapuram,Silver,2022-05-09
2543,Aaron,Miller,Other,epalmer@example.com,+91-1352507799,India,Chennai,Silver,2015-09-04
2544,Margaret,Dudley,Male,david75@example.com,+91-3592870112,India,Chennai,Silver,2024-11-24
2545,Dennis,Huerta,Other,rroberts@example.com,001-747-293-8331x258,Sao Tome and Principe,Sydney,Gold,2019-02-15
2546,David,Torres,Male,christophermiller@example.net,+91-6230763168,India,Kochi,Gold,2020-04-26
2547,Nichole,Smith,Male,kking@example.org,+91-4209940914,India,Vijayawada,Gold,2021-06-13
2548,Thomas,Allen,Female,tgarcia@example.org,+91-6277646222,India,Vijayawada,Bronze,2019-09-24
2549,Danielle,Rice,Male,jeffrey64@example.org,+91-6807026532,India,Hyderabad,Platinum,2017-08-18
2550,Laura,King,Male,reyesjenny@example.net,+91-589196149,India,Mysore,Bronze,2024-02-24
2551,Kelly,Williams,Male,davistimothy@example.com,001-830-344-8687x802,Kiribati,Singapore,Bronze,2015-12-02
2552,Deborah,Harris,Female,jenna13@example.com,+91-2452312456,India,Visakhapatnam,Silver,2022-11-20
2553,Rebecca,Fisher,Female,ivelasquez@example.com,+91-1882290024,India,Thiruvananthapuram,Bronze,2020-03-11
2554,William,Sandoval,Other,garrisonanthony@example.com,+91-9274909366,India,Thiruvananthapuram,Silver,2025-04-06
2555,Olivia,Robertson,Female,mcdonaldstephanie@example.com,+91-8207572962,India,Vijayawada,Bronze,2021-06-26
2556,David,Johns,Other,gilljamie@example.com,+91-6064974560,India,Visakhapatnam,Gold,2018-06-04
2557,Daniel,Brown,Male,lmcmahon@example.net,241.857.0173,Belarus,Los Angeles,Bronze,2020-05-05
2558,Abigail,Rice,Male,joshua24@example.org,+91-9630134048,India,Chennai,Bronze,2020-09-20
2559,Michelle,Fletcher,Female,qgreen@example.net,+1-949-862-8874x711,Burundi,New York,Gold,2018-02-27
2560,Daniel,Stanley,Female,stephanie91@example.org,739-207-9720x2248,Nauru,Toronto,Bronze,2023-03-06
2561,Sheila,Warren,Female,qdunn@example.org,+91-9527125426,India,Hyderabad,Silver,2023-04-13
2562,Melinda,Rogers,Female,zrobinson@example.org,+91-4646530970,India,Vijayawada,Bronze,2018-02-14
2563,Cory,Johnson,Other,hughesmadison@example.org,+91-5200407673,India,Madurai,Bronze,2017-10-23
2564,Janet,George,Other,hilljulie@example.com,+91-9808344870,India,Mysore,Platinum,2016-10-13
2565,Daniel,Brooks,Male,joycemueller@example.com,+91-7329679373,India,Bangalore,Bronze,2021-12-26
2566,Kristen,Solomon,Female,deborahwashington@example.com,+91-8396218427,India,Mysore,Bronze,2018-04-07
2567,Thomas,Miles,Male,tylergriffin@example.com,+91-10894972,India,Kochi,Gold,2020-06-25
2568,Stephanie,Cisneros,Male,angelarobertson@example.org,+91-1656234609,India,Thiruvananthapuram,Silver,2019-11-06
2569,Sandra,Gill,Female,colenicholas@example.org,+91-2788216935,India,Thiruvananthapuram,Bronze,2019-02-28
2570,Chad,Torres,Other,qreed@example.com,+91-9899466518,India,Thiruvananthapuram,Silver,2019-01-15
2571,Lisa,Copeland,Female,chasejessica@example.org,+91-6166158648,India,Hyderabad,Gold,2023-02-27
2572,Caitlin,Spencer,Other,kenneth72@example.net,+91-6074575487,India,Bangalore,Bronze,2021-04-19
2573,April,Colon,Male,james57@example.org,+91-4076761550,India,Vijayawada,Bronze,2019-01-14
2574,Scott,Hanson,Female,michelle51@example.com,+91-5391317487,India,Bangalore,Bronze,2022-12-26
2575,Gregory,Johnston,Male,tracey41@example.org,+91-1932563150,India,Thiruvananthapuram,Gold,2024-11-11
2576,Matthew,Medina,Male,thomasclarence@example.org,+91-5108939667,India,Hyderabad,Silver,2022-10-25
2577,Ruth,Hamilton,Male,james58@example.org,+91-1629872338,India,Vijayawada,Bronze,2023-06-08
2578,Shaun,Ray,Female,torressusan@example.net,+91-2479976959,India,Bangalore,Silver,2016-09-16
2579,Raymond,Mitchell,Other,allenpaige@example.org,+91-9624852467,India,Coimbatore,Silver,2024-10-21
2580,Lisa,Quinn,Female,pgonzales@example.net,+91-9989315540,India,Kochi,Gold,2019-01-06
2581,Dominic,House,Other,tmiller@example.net,+91-1246283827,India,Hyderabad,Silver,2019-06-23
2582,Makayla,Williams,Other,dphillips@example.org,001-945-969-0042x51214,Canada,Singapore,Bronze,2015-09-26
2583,Cindy,Gardner,Female,maddoxjohn@example.net,+91-2196428906,India,Mysore,Bronze,2019-04-19
2584,Daniel,Coleman,Other,courtneypoole@example.com,+91-8880639769,India,Kochi,Bronze,2020-10-12
2585,Donna,Rodriguez,Female,youngchristie@example.net,001-937-481-7505x44120,San Marino,Toronto,Bronze,2019-09-29
2586,Gloria,Castaneda,Female,bruce47@example.org,+91-9368817004,India,Vijayawada,Bronze,2020-09-22
2587,Brady,Hunt,Other,nbell@example.net,+91-7451559685,India,Chennai,Gold,2016-08-10
2588,Deanna,Carroll,Other,janet84@example.org,+91-9885764799,India,Bangalore,Bronze,2016-09-25
2589,Derek,Briggs,Female,daviscurtis@example.net,+91-3484032646,India,Mysore,Silver,2018-10-11
2590,Melanie,Owen,Female,howellronald@example.com,786-421-9890x454,Qatar,Singapore,Silver,2020-05-16
2591,Ashley,French,Male,shall@example.org,667-529-0093,Mozambique,Tokyo,Silver,2015-07-29
2592,Shirley,Carter,Other,bsimpson@example.net,2283041360,Saint Kitts and Nevis,New York,Gold,2018-06-08
2593,Frederick,Fitzpatrick,Female,justin84@example.org,(888)957-0870x60168,Niger,Singapore,Bronze,2022-06-30
2594,Pamela,Miranda,Other,robin03@example.org,+91-4520542971,India,Kochi,Silver,2021-08-11
2595,Joshua,Williams,Male,janicejordan@example.net,+91-5284138903,India,Hyderabad,Gold,2018-10-05
2596,Margaret,Anthony,Male,harrischarles@example.net,+91-1779856645,India,Thiruvananthapuram,Silver,2022-03-06
2597,Joe,Mendoza,Female,alexis84@example.net,+91-8572596954,India,Coimbatore,Silver,2020-10-31
2598,Oscar,Leon,Male,rodriguezlisa@example.org,+91-671050158,India,Thiruvananthapuram,Silver,2019-06-11
2599,Mario,Schultz,Other,toliver@example.net,+91-7678580399,India,Madurai,Gold,2017-03-07
2600,Dustin,Moore,Female,johnelliott@example.org,+91-8026071481,India,Bangalore,Bronze,2019-08-17
2601,Carlos,Johnson,Other,mwhite@example.com,+91-8660647858,India,Madurai,Bronze,2019-01-08
2602,Jason,Gutierrez,Female,jamie75@example.com,+91-7949202330,India,Coimbatore,Platinum,2022-01-06
2603,Christopher,Robinson,Other,lindsey88@example.net,+91-8059584728,India,Vijayawada,Silver,2018-01-24
2604,Robert,Williams,Other,amycrane@example.net,+91-5519140994,India,Madurai,Platinum,2021-04-24
2605,Sara,Barajas,Male,jenniferfrost@example.net,+91-4330472619,India,Kochi,Bronze,2019-08-16
2606,Dawn,Ruiz,Male,kinglisa@example.org,+91-5337616860,India,Thiruvananthapuram,Bronze,2024-12-06
2607,David,Watkins,Male,acampbell@example.org,+91-8010005457,India,Hyderabad,Bronze,2024-02-05
2608,Danny,Johnson,Other,sarah97@example.org,+91-5903144789,India,Madurai,Platinum,2023-04-16
2609,Matthew,Farley,Female,whitetaylor@example.com,+91-2009849398,India,Visakhapatnam,Bronze,2018-05-11
2610,Jennifer,Stanton,Male,timothy46@example.org,+91-9786940209,India,Madurai,Silver,2023-06-12
2611,Brandi,Campbell,Male,zgraham@example.com,001-803-733-6923x96189,Mauritania,Tokyo,Platinum,2018-10-07
2612,Jonathan,Perez,Male,anntaylor@example.org,+91-5247617522,India,Thiruvananthapuram,Silver,2023-01-17
2613,Cassie,Smith,Male,frodriguez@example.com,+91-4659120711,India,Thiruvananthapuram,Gold,2021-01-12
2614,Jason,Salazar,Other,jenniferdillon@example.com,(323)810-6039,Faroe Islands,Singapore,Platinum,2021-01-17
2615,Martin,Bowman,Male,edwardmorgan@example.net,+91-6986335607,India,Madurai,Silver,2020-04-16
2616,Karen,Perez,Other,pamela63@example.net,+91-9350737271,India,Chennai,Bronze,2017-06-10
2617,Peter,Schroeder,Other,tyler51@example.net,+91-2702969327,India,Thiruvananthapuram,Silver,2017-04-08
2618,Timothy,Hernandez,Other,jwright@example.net,+1-300-542-8450x65892,Liberia,Toronto,Platinum,2021-02-25
2619,Melinda,Deleon,Female,daltonpaula@example.com,+91-4839556243,India,Bangalore,Silver,2022-05-28
2620,Gregory,Kennedy,Male,welchsergio@example.net,+91-2728462571,India,Madurai,Silver,2016-07-24
2621,Sharon,Medina,Other,dweeks@example.com,+91-2797617008,India,Kochi,Platinum,2019-06-20
2622,Christopher,Cardenas,Female,frances40@example.org,+91-7787167246,India,Kochi,Gold,2015-10-04
2623,Evan,Jones,Other,garysmith@example.org,+91-1746467861,India,Coimbatore,Silver,2017-12-14
2624,Jonathan,Johnson,Female,brian65@example.org,412-327-9448x3951,Mozambique,Paris,Gold,2022-01-24
2625,Martha,Morris,Male,bsolis@example.net,+91-4500759823,India,Vijayawada,Bronze,2019-08-11
2626,Todd,Walker,Other,rodriguezthomas@example.net,+91-3512443839,India,Kochi,Bronze,2022-06-27
2627,Todd,Davidson,Male,william95@example.com,+91-1600935279,India,Vijayawada,Silver,2015-06-04
2628,Brittney,Blair,Female,jacqueline13@example.com,+91-5512204890,India,Visakhapatnam,Gold,2023-09-18
2629,Darin,Cruz,Female,gcummings@example.com,+91-3886527733,India,Vijayawada,Gold,2017-10-05
2630,Jesus,Adkins,Other,amandajones@example.org,+91-8106874097,India,Mysore,Bronze,2023-12-02
2631,Robert,Williams,Other,jacob48@example.org,+91-6790746375,India,Thiruvananthapuram,Silver,2023-04-11
2632,Mariah,Walker,Female,andersonlauren@example.net,+91-5747749307,India,Mysore,Silver,2021-12-13
2633,Barbara,Cohen,Other,rharding@example.org,+91-7965262779,India,Bangalore,Bronze,2022-03-17
2634,Lynn,Gibbs,Female,matthew46@example.net,+91-8676205053,India,Mysore,Silver,2020-11-10
2635,Kevin,Watson,Male,michaelsharon@example.com,+91-7092174725,India,Madurai,Gold,2016-08-17
2636,Anthony,Buck,Male,jessicasingleton@example.com,+91-6074018570,India,Coimbatore,Gold,2018-09-18
2637,Jennifer,Gordon,Male,butlerjacob@example.com,001-658-273-7946x4062,Romania,London,Silver,2018-10-30
2638,David,Romero,Other,christinetodd@example.com,+91-2849975039,India,Hyderabad,Gold,2020-11-17
2639,Preston,Reynolds,Female,osbornejeremy@example.com,+91-143574575,India,Chennai,Gold,2020-05-02
2640,David,Schmitt,Male,danielle20@example.org,+91-2548082381,India,Thiruvananthapuram,Silver,2023-11-29
2641,James,Moore,Female,wendy47@example.com,+91-1761263023,India,Visakhapatnam,Bronze,2016-06-09
2642,Michelle,Collins,Male,sharonsantiago@example.org,+91-5516973057,India,Thiruvananthapuram,Silver,2022-11-17
2643,Steven,Owens,Male,spencer95@example.org,+91-5851109693,India,Hyderabad,Gold,2025-02-03
2644,Mark,Hurst,Other,jgarcia@example.com,+91-252152097,India,Hyderabad,Platinum,2022-03-21
2645,Rodney,Lester,Male,qfaulkner@example.org,(980)989-4387,Morocco,Berlin,Platinum,2017-01-14
2646,Curtis,Taylor,Other,lowekathryn@example.net,+91-1856596755,India,Bangalore,Bronze,2018-12-29
2647,Kevin,Steele,Male,michael62@example.org,+1-890-499-7441x684,Malawi,Dubai,Bronze,2016-08-04
2648,Taylor,Stevenson,Male,orichardson@example.net,+91-9087898962,India,Vijayawada,Silver,2024-04-09
2649,Jacqueline,Dixon,Other,thomasparrish@example.com,(776)452-0904x0949,Afghanistan,Sydney,Silver,2020-02-21
2650,Sheena,Martin,Male,hherrera@example.net,309.736.8942x62751,India,New York,Gold,2015-06-14
2651,Andrea,Gonzalez,Female,aaron26@example.com,+91-6194369011,India,Vijayawada,Bronze,2017-11-01
2652,Heather,Curtis,Female,emilybest@example.com,+91-5640167997,India,Mysore,Bronze,2019-12-15
2653,James,Robertson,Male,gramsey@example.net,+91-3485021,India,Thiruvananthapuram,Silver,2021-04-20
2654,Joshua,Perkins,Male,santiagoamanda@example.net,+91-2263638570,India,Mysore,Bronze,2020-03-13
2655,Joshua,Hebert,Female,amywhitaker@example.org,+91-6206800236,India,Bangalore,Platinum,2017-08-04
2656,Jeffery,Wright,Other,leedenise@example.org,+91-2540209228,India,Chennai,Gold,2018-05-03
2657,Cathy,Chavez,Female,kendra85@example.net,+91-847571496,India,Mysore,Silver,2022-11-30
2658,Ebony,Vasquez,Female,hcardenas@example.com,+91-7923568176,India,Bangalore,Silver,2021-10-05
2659,Brandi,White,Other,lindawalker@example.org,001-944-806-5263x225,United States Virgin Islands,Paris,Bronze,2017-12-01
2660,Mary,Gonzalez,Female,davidsmith@example.org,326.490.4376,Paraguay,Berlin,Bronze,2021-05-11
2661,Amy,Johns,Female,tammymartin@example.net,+91-4863310249,India,Mysore,Silver,2021-10-27
2662,Craig,Baker,Male,tony29@example.com,+91-7882424057,India,Mysore,Gold,2016-11-16
2663,Shannon,Lucas,Other,fmiles@example.net,+91-5772220998,India,Madurai,Bronze,2019-07-30
2664,Christopher,Hodges,Male,pamela60@example.org,487-339-4242x21645,Saint Vincent and the Grenadines,Dubai,Silver,2015-12-21
2665,Kristina,Holloway,Other,elizabethmiller@example.com,+91-2305889744,India,Vijayawada,Silver,2016-09-08
2666,Steven,Acevedo,Female,diazpaul@example.com,+91-9414324514,India,Madurai,Gold,2018-02-20
2667,Melanie,Cole,Other,kevinford@example.com,+91-3130742612,India,Bangalore,Silver,2017-06-10
2668,Sarah,Schneider,Female,amanda15@example.net,(943)603-9380x05706,Turks and Caicos Islands,Sydney,Silver,2018-09-11
2669,Amber,Walker,Other,powerswendy@example.net,+91-8390251924,India,Thiruvananthapuram,Silver,2017-04-15
2670,Candice,Holder,Other,nobleelizabeth@example.com,+91-6333566155,India,Mysore,Silver,2016-10-15
2671,Matthew,Stephenson,Male,sandra50@example.org,001-911-283-5003x7990,Palestinian Territory,Los Angeles,Silver,2024-07-29
2672,Latoya,Morris,Other,castilloscott@example.com,+91-2074508895,India,Madurai,Silver,2022-12-25
2673,Tami,Henry,Male,jonathan87@example.com,806.267.9345,Timor-Leste,Singapore,Gold,2024-12-23
2674,Jacob,Powell,Other,erica17@example.org,+91-8155015220,India,Thiruvananthapuram,Bronze,2021-10-27
2675,Allison,Blake,Female,matthewgilbert@example.com,+91-2632596515,India,Coimbatore,Bronze,2019-10-07
2676,Kaylee,Lee,Female,millerheather@example.org,+91-7542733325,India,Vijayawada,Bronze,2020-03-28
2677,Paul,Wilson,Female,john45@example.org,+91-9881787860,India,Coimbatore,Silver,2017-06-27
2678,Richard,Christian,Female,connie55@example.net,415.358.2963,Tanzania,Sydney,Silver,2022-02-24
2679,James,Adkins,Female,wandacobb@example.net,+91-2621517593,India,Visakhapatnam,Gold,2015-11-18
2680,John,Charles,Other,wross@example.org,+91-7375174207,India,Hyderabad,Bronze,2015-12-03
2681,Gary,Thomas,Other,april48@example.net,592-614-0053x3158,Christmas Island,Singapore,Gold,2020-01-22
2682,Matthew,Simpson,Other,daviskara@example.org,+91-1661410002,India,Coimbatore,Silver,2020-12-13
2683,Anthony,Evans,Male,victoria08@example.org,+91-6900279910,India,Bangalore,Bronze,2017-10-10
2684,Darius,Kent,Other,jared47@example.com,+91-29909445,India,Chennai,Silver,2023-12-19
2685,Lorraine,Cameron,Other,brownjoshua@example.com,001-839-631-7279,Monaco,Berlin,Bronze,2023-08-29
2686,Rachel,Dixon,Male,charles46@example.com,+91-1357170581,India,Visakhapatnam,Bronze,2024-02-15
2687,David,Cameron,Male,nmaldonado@example.org,+91-7448270906,India,Hyderabad,Gold,2020-08-22
2688,Nancy,Buckley,Other,jessica40@example.org,+91-5159791035,India,Madurai,Gold,2023-01-21
2689,Tammy,Wilson,Other,markpetersen@example.org,+91-7220784040,India,Bangalore,Silver,2019-08-21
2690,Matthew,Santiago,Female,nelsonlindsey@example.com,680.712.0248x535,Christmas Island,Tokyo,Bronze,2020-09-14
2691,Leslie,Lynn,Female,lewisjean@example.net,+91-2972967798,India,Bangalore,Silver,2021-08-04
2692,Katherine,Green,Female,phernandez@example.com,565-444-0627,Cayman Islands,New York,Platinum,2017-03-08
2693,Robert,Evans,Other,murphyrebecca@example.org,+91-8312030228,India,Hyderabad,Platinum,2019-06-02
2694,Amanda,Pennington,Other,dwelch@example.net,+91-6900722641,India,Bangalore,Gold,2016-01-27
2695,Erica,Douglas,Male,jessicajones@example.net,+91-3215577623,India,Madurai,Silver,2020-09-11
2696,Tammy,Hatfield,Female,pamelaschwartz@example.com,698-621-2095,Gabon,Berlin,Bronze,2021-03-07
2697,Amy,Gonzalez,Other,prattchristine@example.com,+91-9677018337,India,Hyderabad,Bronze,2021-01-03
2698,Julie,Gould,Female,cmiles@example.org,+91-7489404,India,Hyderabad,Bronze,2024-04-14
2699,Natalie,Lopez,Male,christinemorrow@example.net,+91-4714941300,India,Vijayawada,Bronze,2016-01-06
2700,Ricardo,Wright,Male,reedmichael@example.org,+91-6955441865,India,Chennai,Platinum,2019-09-11
2701,Amy,Dixon,Male,horntina@example.net,+91-6600283423,India,Madurai,Silver,2022-04-05
2702,Deborah,Campbell,Male,omurray@example.com,8907475185,Malawi,New York,Bronze,2019-05-13
2703,Valerie,Fields,Other,jtownsend@example.net,+91-4548212556,India,Bangalore,Gold,2025-02-22
2704,Jason,Mcdonald,Other,dennis67@example.org,001-619-505-4509x8135,Taiwan,Toronto,Gold,2019-04-26
2705,Breanna,Villa,Female,carrbrad@example.com,+91-7997133774,India,Thiruvananthapuram,Silver,2020-08-26
2706,Dennis,Odom,Female,wclark@example.net,001-899-781-6084x01011,Saint Kitts and Nevis,Paris,Platinum,2023-11-27
2707,Matthew,Owens,Other,matthewperry@example.net,5829712639,Central African Republic,New York,Platinum,2024-09-30
2708,Melinda,Erickson,Male,parkeraaron@example.org,+91-5553425953,India,Kochi,Bronze,2020-07-16
2709,Paul,Marquez,Female,snyderlauren@example.net,+91-9648853975,India,Bangalore,Bronze,2017-10-02
2710,Samuel,Snyder,Female,kgarcia@example.net,(897)350-2028,Saint Helena,Tokyo,Platinum,2021-05-09
2711,Joseph,Knox,Other,hornluis@example.net,+91-8751124551,India,Thiruvananthapuram,Gold,2018-05-29
2712,Christopher,Jones,Male,aliciavelasquez@example.net,+91-9985548394,India,Bangalore,Bronze,2021-08-23
2713,Kayla,Stephens,Other,scastillo@example.org,733-439-4893,Ukraine,Toronto,Gold,2016-07-13
2714,Danielle,Bernard,Female,nelsonkeith@example.net,+91-5029916154,India,Thiruvananthapuram,Bronze,2021-12-15
2715,Stephanie,Alvarado,Other,twatts@example.com,+91-1297695273,India,Coimbatore,Platinum,2017-08-04
2716,Andrea,Gomez,Male,richardpowell@example.org,+91-9285981507,India,Mysore,Bronze,2018-08-01
2717,Jennifer,Kelly,Female,donna15@example.net,+91-6196246606,India,Visakhapatnam,Silver,2019-03-02
2718,Laura,Ferguson,Female,rasmussenconnie@example.org,+91-8919078703,India,Hyderabad,Bronze,2017-04-25
2719,James,Bryant,Other,laura86@example.com,+91-5110981149,India,Mysore,Bronze,2022-11-14
2720,Scott,Baird,Female,richardfernandez@example.org,526-822-9889,Central African Republic,New York,Bronze,2017-06-22
2721,Martin,Jones,Male,yaguilar@example.org,+91-560109155,India,Mysore,Bronze,2020-04-06
2722,Lisa,Orr,Other,william45@example.net,+91-9095800170,India,Vijayawada,Gold,2024-08-09
2723,Jessica,Guerrero,Other,ewilson@example.net,+91-1926781896,India,Visakhapatnam,Silver,2021-08-03
2724,Ronald,Andrews,Other,william81@example.com,+91-7604130109,India,Chennai,Bronze,2019-12-24
2725,David,Oneal,Other,tina12@example.com,+91-7395745859,India,Chennai,Platinum,2020-03-20
2726,Megan,Morgan,Female,vickithomas@example.org,+91-8128973184,India,Thiruvananthapuram,Bronze,2024-08-31
2727,Dawn,Duran,Male,pbolton@example.org,+91-8770385478,India,Chennai,Silver,2024-07-23
2728,Paul,Stephens,Other,smiller@example.net,+91-7750448331,India,Chennai,Silver,2019-06-25
2729,Timothy,Chang,Other,francisco86@example.net,+91-714571075,India,Vijayawada,Bronze,2019-04-02
2730,Charlene,Johnson,Female,marcus27@example.net,2019827932,Montenegro,Singapore,Gold,2018-04-07
2731,Yvonne,Davis,Other,mcknighttaylor@example.net,+91-1906313178,India,Kochi,Silver,2015-11-13
2732,Amy,Mills,Male,garciatraci@example.org,+91-4719029655,India,Madurai,Bronze,2016-02-17
2733,Mary,Adams,Other,cjones@example.net,801.977.5530,United Arab Emirates,Toronto,Bronze,2019-10-25
2734,Joe,Gilbert,Other,stacy26@example.net,001-755-514-1426x8548,Cape Verde,Tokyo,Gold,2015-08-18
2735,Jacob,Wilcox,Male,kbrock@example.com,+91-6717747584,India,Visakhapatnam,Gold,2022-09-26
2736,Timothy,Snow,Female,sanchezrobert@example.net,+91-9279096997,India,Kochi,Silver,2020-10-28
2737,Aaron,Roberts,Female,weaversummer@example.org,+91-6773118721,India,Visakhapatnam,Silver,2015-10-19
2738,Michael,Lopez,Male,richard10@example.net,+91-3551240575,India,Thiruvananthapuram,Platinum,2022-12-25
2739,Ashley,Miller,Female,fgates@example.com,+91-2963329384,India,Mysore,Platinum,2020-06-06
2740,James,Zamora,Female,millsmelissa@example.net,+91-1920995172,India,Chennai,Gold,2023-04-19
2741,Maureen,Jones,Female,kjackson@example.com,+91-8710386517,India,Mysore,Silver,2017-05-28
2742,Joshua,Gilmore,Female,robinsonamy@example.com,7633929945,Guinea-Bissau,Toronto,Silver,2025-04-22
2743,Christopher,Lee,Female,oliviabradshaw@example.net,698-927-8220,Pitcairn Islands,Toronto,Silver,2019-12-08
2744,Richard,Santiago,Female,yhall@example.com,+91-1016736114,India,Chennai,Bronze,2017-08-27
2745,Ronald,Skinner,Female,osimpson@example.net,+91-8545879041,India,Hyderabad,Bronze,2017-01-29
2746,Joann,Wilson,Other,joshuachase@example.com,(209)723-6001x1005,Kyrgyz Republic,Singapore,Silver,2023-06-03
2747,Gabriel,Williams,Female,ashleyclark@example.net,001-870-874-8495x7336,Korea,Toronto,Platinum,2020-10-01
2748,Yvonne,Taylor,Female,saunderswilliam@example.com,+91-2346581324,India,Coimbatore,Bronze,2017-09-30
2749,Jody,Montgomery,Other,jonathanmueller@example.com,+91-4227315366,India,Hyderabad,Bronze,2017-09-05
2750,Evan,Smith,Other,kwiley@example.com,465-369-1316x9560,Latvia,Dubai,Bronze,2023-09-19
2751,Christy,Patrick,Female,phuerta@example.net,+91-7012253555,India,Kochi,Platinum,2021-06-24
2752,Eric,Evans,Female,sedwards@example.org,(364)771-0212x92940,Tunisia,Toronto,Silver,2018-01-12
2753,Mandy,Merritt,Other,nwatkins@example.net,+91-8748534964,India,Thiruvananthapuram,Gold,2015-09-08
2754,Melissa,Wilson,Female,qharris@example.org,(304)692-7487,South Africa,Tokyo,Bronze,2020-06-24
2755,Monica,Gilmore,Male,johnsonkathryn@example.net,+91-6241765978,India,Coimbatore,Platinum,2022-10-13
2756,Jason,Eaton,Other,kimberlyzavala@example.com,+91-4261807992,India,Thiruvananthapuram,Bronze,2016-01-10
2757,Dana,Summers,Female,rose66@example.com,+91-4805700310,India,Madurai,Platinum,2017-04-08
2758,Kimberly,Jackson,Female,teresaalvarez@example.org,+91-7786831057,India,Chennai,Silver,2022-08-19
2759,Lee,Knox,Female,carla98@example.com,+91-4526772949,India,Hyderabad,Silver,2023-12-04
2760,Sandy,Johnson,Female,eric17@example.com,+91-2127347630,India,Visakhapatnam,Bronze,2017-07-27
2761,Victor,Kennedy,Female,shermancynthia@example.net,+91-9960138103,India,Visakhapatnam,Silver,2022-02-05
2762,Natalie,Smith,Other,amandasmith@example.net,+91-6699232200,India,Chennai,Bronze,2016-05-14
2763,Donald,Spence,Male,marshalljessica@example.net,+91-3566135707,India,Vijayawada,Bronze,2024-03-23
2764,Amy,Oconnor,Female,crystalrodriguez@example.net,+91-3714430705,India,Coimbatore,Silver,2023-06-10
2765,James,Cowan,Other,williamshah@example.net,628.474.4862,Central African Republic,New York,Silver,2016-12-07
2766,Tiffany,Harris,Male,garrettangela@example.net,+91-3865876791,India,Madurai,Bronze,2023-11-07
2767,Allison,Williams,Female,nguyenkaitlyn@example.com,+91-2167785737,India,Hyderabad,Gold,2019-11-05
2768,Melanie,Gonzalez,Male,susan28@example.com,001-930-536-5292x3689,Equatorial Guinea,Toronto,Platinum,2018-09-15
2769,Matthew,Liu,Female,lucas14@example.org,3064371445,Guadeloupe,Paris,Silver,2021-03-16
2770,Julie,Allen,Female,warrenkim@example.org,+91-2250822472,India,Visakhapatnam,Bronze,2020-06-23
2771,Ryan,Foley,Other,aimee07@example.org,+91-8602507195,India,Coimbatore,Gold,2019-08-07
2772,Amanda,Stone,Other,jennifer40@example.org,+91-3628042363,India,Coimbatore,Bronze,2022-07-16
2773,Tyler,Shaw,Female,davidhamilton@example.com,+91-1516572878,India,Vijayawada,Bronze,2015-06-11
2774,Charles,Martin,Female,kathleen53@example.org,+91-5432447846,India,Coimbatore,Bronze,2025-01-07
2775,Paul,Moore,Male,pottsjohn@example.net,+91-8089755827,India,Visakhapatnam,Bronze,2023-06-17
2776,Michael,Marks,Male,ytanner@example.com,+91-2553398211,India,Kochi,Silver,2018-05-08
2777,Steven,Norton,Male,carterstephanie@example.org,+91-1476713931,India,Chennai,Gold,2024-09-01
2778,Jason,Mitchell,Female,smithterrence@example.com,+91-8764562204,India,Thiruvananthapuram,Bronze,2018-10-14
2779,Jennifer,Joseph,Female,krausejonathan@example.com,+91-5030652217,India,Chennai,Bronze,2020-10-26
2780,Christopher,Hoffman,Male,burnschristopher@example.net,+91-7236425014,India,Hyderabad,Silver,2016-10-31
2781,Amy,English,Female,eric80@example.org,+91-9665242729,India,Kochi,Gold,2022-03-31
2782,Todd,Ross,Other,davidbell@example.com,+91-57992480,India,Thiruvananthapuram,Gold,2025-02-22
2783,Leslie,Howe,Female,jasmine89@example.org,+91-4281157260,India,Hyderabad,Silver,2021-09-29
2784,Michelle,Reed,Other,dustinburns@example.org,+91-4127264378,India,Chennai,Bronze,2016-07-24
2785,William,Gray,Female,coreyjohnson@example.org,+91-8861785742,India,Kochi,Silver,2024-08-22
2786,Julie,Collins,Female,esparzamark@example.org,+91-5024084482,India,Mysore,Gold,2019-04-11
2787,Michael,Martinez,Male,juanwilliams@example.net,+1-709-357-8223x86579,Cape Verde,Sydney,Gold,2021-01-24
2788,John,Holloway,Other,james05@example.com,+91-8592784668,India,Madurai,Silver,2023-03-17
2789,Stephen,Smith,Female,lisa09@example.net,+91-1192139266,India,Mysore,Gold,2023-05-23
2790,Elizabeth,Baker,Female,debrajohnson@example.net,+91-5296339478,India,Chennai,Gold,2017-02-11
2791,Tricia,Robinson,Female,freychelsea@example.com,+91-6298098255,India,Madurai,Bronze,2019-08-29
2792,Lindsey,Hill,Male,deborah58@example.com,+91-9528214806,India,Mysore,Silver,2024-01-23
2793,Charles,Glass,Male,xbradley@example.com,+91-3688600980,India,Thiruvananthapuram,Bronze,2023-03-25
2794,David,Lewis,Male,alexis49@example.org,+91-7725350072,India,Kochi,Bronze,2020-05-31
2795,Jason,Dudley,Male,simpsontroy@example.net,+91-7189137937,India,Hyderabad,Silver,2025-04-25
2796,Marie,Sullivan,Other,darryl44@example.net,+91-5157476022,India,Thiruvananthapuram,Platinum,2022-08-08
2797,Michael,Browning,Male,sellerspaul@example.net,+91-3161152450,India,Visakhapatnam,Bronze,2016-03-23
2798,Lisa,Combs,Other,bellyolanda@example.com,+91-1577547104,India,Madurai,Bronze,2015-10-28
2799,Chad,Mcdonald,Female,guzmanlauren@example.net,+91-1780394543,India,Thiruvananthapuram,Silver,2024-11-10
2800,Stacey,Guzman,Female,thomas31@example.org,+91-1928133567,India,Coimbatore,Silver,2022-12-14
2801,Jerry,Wallace,Male,rosskathryn@example.org,+91-2851774077,India,Visakhapatnam,Gold,2022-05-06
2802,Barry,Garrett,Male,samuel46@example.net,+91-40598567,India,Vijayawada,Bronze,2022-12-28
2803,Jessica,Lee,Female,thomashicks@example.org,953.258.9229,Malta,Sydney,Bronze,2024-11-23
2804,Courtney,Roy,Male,fmorgan@example.org,+91-8356623495,India,Madurai,Gold,2018-11-14
2805,Pamela,Oconnor,Female,ginataylor@example.net,+91-4939182686,India,Coimbatore,Silver,2021-01-05
2806,Mary,Wright,Female,shawnavargas@example.org,+91-9034021713,India,Chennai,Bronze,2019-06-23
2807,Edward,Martinez,Female,michaelcassandra@example.org,+91-727235056,India,Mysore,Silver,2015-05-01
2808,Julie,Trevino,Female,robert77@example.com,+91-3144356639,India,Bangalore,Gold,2016-08-01
2809,Heather,Martin,Female,jeffreyhammond@example.net,+91-8199415535,India,Hyderabad,Bronze,2017-09-19
2810,Mike,Harper,Female,shafferchristopher@example.com,+91-9266190411,India,Coimbatore,Gold,2021-06-29
2811,Willie,Mckinney,Other,caseysmith@example.org,211-426-0833x3580,New Zealand,Los Angeles,Bronze,2018-11-30
2812,Edward,Simpson,Male,brandywilkinson@example.org,+91-6216009293,India,Thiruvananthapuram,Silver,2021-08-02
2813,Jason,Adams,Male,lauren35@example.org,001-438-376-5769,Chad,Toronto,Silver,2015-12-31
2814,Christine,Johnson,Other,griffintravis@example.org,+91-8743205889,India,Coimbatore,Gold,2017-04-17
2815,Natasha,Hogan,Male,christensenmaria@example.org,+91-2241905079,India,Coimbatore,Platinum,2021-06-06
2816,Sandra,Melton,Other,brentallen@example.net,+91-961018037,India,Visakhapatnam,Bronze,2016-01-19
2817,Colton,Fitzpatrick,Female,mariah45@example.org,+91-6700761911,India,Madurai,Gold,2015-09-01
2818,Steven,Montgomery,Other,michael23@example.org,+91-3117048369,India,Madurai,Silver,2015-08-30
2819,Tiffany,Morrison,Female,justinwilliams@example.org,+91-5020279450,India,Vijayawada,Bronze,2017-03-21
2820,Matthew,Reese,Female,lisa41@example.org,+91-1030806247,India,Mysore,Silver,2022-08-01
2821,Scott,French,Male,sanchezchristopher@example.net,+91-3369454435,India,Kochi,Gold,2018-11-28
2822,Kimberly,Smith,Male,vhoward@example.net,+91-982918841,India,Hyderabad,Bronze,2023-12-03
2823,David,Hernandez,Other,michaeldavis@example.org,+91-3290689045,India,Coimbatore,Bronze,2020-05-21
2824,Victor,Rivera,Other,gonzalescathy@example.com,+91-9706232785,India,Kochi,Gold,2023-04-24
2825,Edwin,Lewis,Female,ybarton@example.org,+91-738943037,India,Coimbatore,Bronze,2016-04-29
2826,Catherine,Johnston,Other,courtneyleonard@example.net,+91-955326817,India,Madurai,Platinum,2024-05-30
2827,Christina,Lee,Female,juliebarker@example.org,+91-2401670742,India,Mysore,Silver,2018-05-11
2828,Amber,Miller,Other,maria07@example.net,+91-9953793883,India,Hyderabad,Gold,2023-06-22
2829,Michele,Brown,Female,tina33@example.org,+91-4934613811,India,Mysore,Silver,2022-10-07
2830,Carmen,Smith,Male,michael25@example.org,437-424-0677,Peru,New York,Silver,2021-03-12
2831,Michael,Diaz,Other,millerdennis@example.com,+91-4954818351,India,Visakhapatnam,Bronze,2015-05-07
2832,Sara,Hartman,Other,davissuzanne@example.org,+91-7432260525,India,Kochi,Silver,2015-09-30
2833,Ann,Lara,Female,paynejose@example.com,(815)868-8581,India,Singapore,Platinum,2016-01-11
2834,Samuel,Shea,Male,ramirezkelly@example.org,+91-2944498368,India,Chennai,Bronze,2023-12-17
2835,Jason,Williams,Female,shaneharrison@example.com,+91-1605174870,India,Coimbatore,Bronze,2017-02-14
2836,Cameron,Barnes,Female,steeleconnie@example.net,+91-4688333579,India,Mysore,Bronze,2024-03-26
2837,Carrie,Gomez,Female,yhammond@example.com,+91-5180737598,India,Visakhapatnam,Silver,2016-02-21
2838,Carolyn,Hancock,Male,michael01@example.org,+91-2422581131,India,Madurai,Platinum,2018-09-13
2839,Evan,Yates,Female,jessemorris@example.net,(361)874-6967x5531,Bahrain,Singapore,Silver,2022-03-20
2840,Daniel,Sullivan,Female,stacyhale@example.org,+91-6045159593,India,Visakhapatnam,Bronze,2020-10-29
2841,William,Garcia,Female,teresaquinn@example.com,+91-5299798963,India,Vijayawada,Bronze,2019-05-09
2842,Robert,Simmons,Other,lisacurry@example.com,+91-330010416,India,Visakhapatnam,Silver,2023-11-06
2843,David,Smith,Female,kathy36@example.com,+91-9634340954,India,Visakhapatnam,Gold,2023-08-21
2844,Alexis,Rodriguez,Other,judy87@example.net,4447734578,Belarus,Singapore,Gold,2021-01-01
2845,Matthew,Oliver,Male,myersjohn@example.org,+91-1334050804,India,Thiruvananthapuram,Bronze,2017-03-29
2846,John,Allen,Male,hsolis@example.com,+91-5010366815,India,Chennai,Bronze,2024-09-02
2847,Cory,Smith,Other,douglasturner@example.com,+91-6944363621,India,Visakhapatnam,Bronze,2022-03-26
2848,Kim,Taylor,Female,timothy79@example.net,001-744-663-0168x2732,Dominican Republic,Tokyo,Bronze,2025-02-07
2849,Kelly,Brown,Male,pattersonkathryn@example.net,289.571.7791,Iraq,London,Gold,2019-05-23
2850,Billy,Rose,Other,amoran@example.net,(819)939-8522x16832,Jamaica,Dubai,Gold,2022-05-10
2851,Steven,Colon,Other,logan63@example.net,+91-3296116433,India,Chennai,Gold,2020-07-02
2852,Ruth,Newman,Female,rguerra@example.org,+91-6188015744,India,Bangalore,Bronze,2021-12-24
2853,Alexis,Michael,Female,dlozano@example.com,+91-1091134070,India,Madurai,Bronze,2016-05-10
2854,Nicholas,Knapp,Other,stacey11@example.com,+91-4792379648,India,Hyderabad,Bronze,2018-12-10
2855,Andrew,Mitchell,Female,scottwilliam@example.org,+91-5631334444,India,Hyderabad,Gold,2019-05-17
2856,Alexis,Williams,Other,cwade@example.com,+91-9335992127,India,Vijayawada,Silver,2023-11-30
2857,Steven,Walsh,Other,ywall@example.com,+91-5049496806,India,Vijayawada,Silver,2015-12-08
2858,Daniel,Heath,Female,sjensen@example.com,+91-880929996,India,Vijayawada,Silver,2019-01-30
2859,Crystal,Parker,Other,qwebster@example.net,+91-9563480495,India,Visakhapatnam,Gold,2021-05-11
2860,Christine,Roy,Other,jeffreykirby@example.com,+91-9955429030,India,Coimbatore,Platinum,2021-01-06
2861,Michael,Jennings,Other,richardsjeffrey@example.net,+91-9185391415,India,Visakhapatnam,Bronze,2023-02-17
2862,Heather,Walters,Male,lbecker@example.org,+91-7871260519,India,Chennai,Bronze,2021-02-21
2863,Zachary,Johnson,Male,dana05@example.net,+91-5627835987,India,Vijayawada,Platinum,2016-11-16
2864,Tony,Hamilton,Male,perezdillon@example.net,+91-8910262771,India,Kochi,Gold,2024-10-14
2865,Kathleen,Hamilton,Other,richard17@example.net,+91-2822302278,India,Kochi,Silver,2016-03-07
2866,Robin,Hernandez,Female,uwells@example.net,849-829-9502x773,Turkey,New York,Bronze,2015-10-16
2867,Robert,Hernandez,Other,jessica67@example.org,+91-6764755328,India,Visakhapatnam,Bronze,2022-04-05
2868,Julie,Adams,Male,rachelgates@example.org,+91-3670868800,India,Chennai,Gold,2019-07-17
2869,Joseph,Page,Female,garrettthornton@example.org,+91-2645779956,India,Madurai,Silver,2022-04-18
2870,Monica,Hudson,Female,timothyclark@example.net,+91-2142701366,India,Hyderabad,Silver,2018-02-27
2871,Julia,Terry,Other,samanthaford@example.com,+91-7395760027,India,Mysore,Bronze,2016-11-19
2872,Gregory,Smith,Other,petersonann@example.org,+91-6706659672,India,Hyderabad,Bronze,2023-08-15
2873,David,English,Female,dmendez@example.com,(248)260-7723,Trinidad and Tobago,Tokyo,Bronze,2020-04-21
2874,Christopher,Zimmerman,Other,johnwhitehead@example.net,+91-7050107527,India,Chennai,Silver,2022-01-21
2875,Donald,Allen,Male,richardlester@example.org,001-291-428-9434x22039,Guam,Berlin,Silver,2023-04-17
2876,Paul,Odonnell,Female,ryan80@example.net,+91-5963666094,India,Visakhapatnam,Bronze,2024-10-06
2877,James,Morgan,Female,stephanie22@example.org,+91-1820596374,India,Visakhapatnam,Bronze,2021-05-02
2878,Christian,Hicks,Other,bakertracy@example.com,+91-6873854229,India,Mysore,Gold,2019-03-17
2879,Michael,Krueger,Male,william25@example.org,+91-4934009691,India,Chennai,Gold,2019-05-03
2880,Sarah,Hawkins,Male,smccullough@example.net,+91-1316246122,India,Hyderabad,Gold,2018-01-06
2881,Shannon,Garcia,Female,bruiz@example.com,+91-9825943888,India,Coimbatore,Silver,2021-01-09
2882,Matthew,Wright,Male,knightanthony@example.net,+91-73592036,India,Coimbatore,Platinum,2023-11-02
2883,Jon,Phillips,Other,jason46@example.net,+91-919108460,India,Hyderabad,Bronze,2015-09-05
2884,Hector,Johnson,Female,rcline@example.com,+91-7842192306,India,Chennai,Silver,2024-07-12
2885,Jesse,Waters,Other,townsendleslie@example.org,+91-1758966916,India,Madurai,Bronze,2017-02-17
2886,Dennis,Jenkins,Female,matthew36@example.net,+91-5881923457,India,Madurai,Gold,2017-03-08
2887,Brenda,Lopez,Female,fowlerscott@example.org,+91-4319872807,India,Hyderabad,Bronze,2024-08-24
2888,Sheryl,Wiggins,Female,howelldarryl@example.org,+91-4893210392,India,Vijayawada,Gold,2016-04-19
2889,Lauren,Jones,Other,ryanodonnell@example.com,+91-9729584758,India,Mysore,Bronze,2018-12-25
2890,Thomas,Rice,Male,ryan81@example.com,+91-1617050517,India,Vijayawada,Bronze,2017-07-07
2891,Samantha,Salinas,Female,christineturner@example.org,+91-440266368,India,Madurai,Silver,2021-12-16
2892,Anthony,Hoffman,Female,lrivas@example.org,402.598.6712,Kyrgyz Republic,Sydney,Bronze,2019-07-04
2893,Courtney,Parsons,Male,hballard@example.org,+91-9266944674,India,Bangalore,Bronze,2023-06-24
2894,Victoria,Young,Female,qjensen@example.org,+91-8663460258,India,Thiruvananthapuram,Gold,2023-02-03
2895,Sarah,Marks,Male,duffywilliam@example.com,+91-3265378423,India,Vijayawada,Silver,2018-08-27
2896,Eric,Walter,Male,raymondking@example.net,866.751.2159,Lebanon,Los Angeles,Gold,2018-09-25
2897,Richard,Snyder,Other,lisa54@example.net,+91-9825491336,India,Thiruvananthapuram,Bronze,2023-06-11
2898,Cathy,Steele,Other,yolandamontgomery@example.com,+91-1791964002,India,Coimbatore,Gold,2020-01-02
2899,Ashley,Santiago,Other,jennifer02@example.net,+91-8121509184,India,Mysore,Gold,2021-03-16
2900,Rebecca,Obrien,Female,yevans@example.com,+91-8421799314,India,Madurai,Bronze,2024-11-06
2901,Steven,Jones,Other,robertwiley@example.org,+91-9666996378,India,Bangalore,Bronze,2017-03-20
2902,Holly,Morgan,Male,cynthia87@example.com,+91-8560116188,India,Kochi,Silver,2019-07-20
2903,Brianna,Mills,Female,kirkandrea@example.net,+91-3574639278,India,Chennai,Bronze,2015-09-06
2904,Jennifer,Hopkins,Male,qfitzpatrick@example.org,+91-7916835221,India,Chennai,Platinum,2015-09-13
2905,Shane,Berry,Other,vbutler@example.com,+91-2400552628,India,Hyderabad,Bronze,2015-10-28
2906,Carol,Andrews,Female,reneeortega@example.org,+91-2948190870,India,Chennai,Silver,2024-06-03
2907,Justin,Brewer,Female,sara08@example.net,+91-7358420648,India,Madurai,Silver,2021-07-05
2908,Stephanie,Rodriguez,Other,dwillis@example.com,001-355-466-9019x737,Czech Republic,Toronto,Silver,2017-10-13
2909,Lisa,Williams,Other,othomas@example.com,246.597.4577,Rwanda,London,Silver,2018-02-28
2910,Nicholas,Woods,Male,lwilliams@example.com,(729)356-6577x665,Tokelau,Paris,Gold,2024-10-27
2911,Andrea,Higgins,Male,mark14@example.net,+1-925-710-3553x56243,Holy See (Vatican City State),New York,Silver,2022-11-22
2912,Kathleen,Saunders,Female,anthonyperez@example.org,+91-8237678485,India,Vijayawada,Gold,2017-08-29
2913,Nicole,Griffith,Other,david16@example.com,+91-4119858516,India,Vijayawada,Silver,2024-05-08
2914,Peter,Jarvis,Other,joseph49@example.com,+91-7783667923,India,Kochi,Bronze,2015-12-10
2915,Krista,Blake,Other,yvettehuynh@example.org,+91-8641699395,India,Hyderabad,Bronze,2019-09-28
2916,Renee,Gonzales,Other,anthony27@example.org,+91-8402512167,India,Visakhapatnam,Bronze,2025-03-09
2917,Gerald,Jacobs,Male,lamthomas@example.com,+91-9544607497,India,Vijayawada,Bronze,2016-02-05
2918,Jay,Hall,Male,marcussmith@example.com,+91-2867375805,India,Vijayawada,Gold,2017-10-03
2919,Veronica,Wheeler,Female,amandawood@example.net,+91-7186870268,India,Coimbatore,Silver,2021-05-11
2920,Tracie,Barrett,Male,hornalexandra@example.net,+91-4337094343,India,Chennai,Bronze,2016-01-31
2921,Jessica,Mullins,Female,dustincalderon@example.net,+91-7016379510,India,Bangalore,Bronze,2022-04-07
2922,Charlotte,Barrett,Female,debra77@example.net,+91-5918645558,India,Chennai,Silver,2017-05-31
2923,Jose,Bailey,Male,kimberly67@example.com,612.306.1095x236,Micronesia,Singapore,Bronze,2015-06-17
2924,Leah,Lopez,Female,hunter21@example.org,+91-4270903743,India,Kochi,Silver,2016-06-02
2925,Adrian,Webster,Male,james59@example.com,+91-8251345338,India,Bangalore,Silver,2024-02-08
2926,Barbara,Lawson,Other,matthewjones@example.org,001-507-636-2070x76104,Sao Tome and Principe,Dubai,Bronze,2018-09-13
2927,Todd,Murillo,Female,coledavid@example.com,+91-230895109,India,Coimbatore,Gold,2021-02-07
2928,Tony,Baker,Male,william78@example.net,(311)450-5749,Wallis and Futuna,Toronto,Bronze,2023-11-24
2929,Maureen,Clark,Male,jcampbell@example.net,+91-9448983395,India,Vijayawada,Bronze,2016-04-07
2930,Ernest,Campbell,Female,vanessa24@example.com,+91-9608386556,India,Thiruvananthapuram,Silver,2024-03-24
2931,Lisa,Bowman,Female,hwhite@example.org,+91-5900824932,India,Mysore,Bronze,2019-08-18
2932,Logan,Murillo,Female,kimberly60@example.net,+91-3552472950,India,Vijayawada,Silver,2023-08-30
2933,Blake,Olsen,Female,drocha@example.org,(741)798-1588x934,Guam,Tokyo,Gold,2016-09-28
2934,Ashley,Webb,Male,penny68@example.com,+91-6723976427,India,Bangalore,Bronze,2016-01-03
2935,Rita,Marshall,Other,keith10@example.com,+91-7155354845,India,Thiruvananthapuram,Silver,2020-11-24
2936,Brian,Munoz,Female,wattsmichelle@example.net,936-401-4394,Cape Verde,Tokyo,Gold,2023-12-28
2937,Kaitlyn,Hodge,Male,terrymichael@example.net,(450)558-2505x272,Philippines,Sydney,Bronze,2020-08-18
2938,Brent,Wallace,Other,hallmichael@example.net,+91-1307846830,India,Thiruvananthapuram,Gold,2023-07-14
2939,Dominique,Garcia,Female,smithbrandon@example.org,+91-8732044460,India,Madurai,Gold,2024-12-30
2940,Michael,Gomez,Female,vasquezlinda@example.net,+91-5860034792,India,Vijayawada,Silver,2019-04-23
2941,Julie,Bauer,Other,cwilliams@example.net,+91-5861860247,India,Vijayawada,Silver,2016-04-16
2942,Katie,Santana,Female,derek29@example.org,+91-3203942490,India,Bangalore,Gold,2019-02-12
2943,Nicholas,Luna,Other,julieweaver@example.net,001-618-566-3960,Burundi,Los Angeles,Gold,2017-08-11
2944,Cynthia,Gomez,Male,erin14@example.net,+91-72887320,India,Mysore,Gold,2015-11-07
2945,Jason,Miller,Female,michelle13@example.org,+91-7737867009,India,Vijayawada,Gold,2022-09-13
2946,Eugene,Walton,Male,teresa16@example.com,+91-9060395275,India,Thiruvananthapuram,Silver,2016-07-18
2947,Kristen,Reynolds,Male,cochranpatrick@example.com,+91-1330510195,India,Madurai,Silver,2017-02-03
2948,Richard,Smith,Female,melinda38@example.com,+91-828418907,India,Vijayawada,Gold,2020-11-03
2949,Jason,Carlson,Female,matthew91@example.com,+91-9224733693,India,Chennai,Bronze,2017-01-29
2950,Wendy,Miller,Male,francosherri@example.com,+91-9395639897,India,Bangalore,Silver,2022-01-20
2951,Felicia,Macdonald,Male,michellebarber@example.com,397-653-6529x7643,Dominica,New York,Silver,2017-02-10
2952,Denise,Holder,Male,vincentmacias@example.org,758-933-3877,Nigeria,Dubai,Silver,2017-05-27
2953,William,Martinez,Male,johnsonkim@example.net,+91-5518963180,India,Madurai,Bronze,2023-01-06
2954,Christopher,Henderson,Male,fmichael@example.com,+91-9666323290,India,Bangalore,Bronze,2020-08-25
2955,Amber,Peters,Male,jennifer90@example.net,+91-7918823108,India,Visakhapatnam,Silver,2019-10-05
2956,Whitney,Adams,Female,james91@example.com,+91-1856386516,India,Madurai,Silver,2020-08-30
2957,Tyler,Flores,Other,hholt@example.net,+91-3937444166,India,Hyderabad,Bronze,2025-03-11
2958,Ryan,Watson,Male,steven84@example.org,+1-218-980-6831x5558,Bermuda,Dubai,Bronze,2024-08-09
2959,Kimberly,Nunez,Male,davidknight@example.com,+91-1107092270,India,Madurai,Gold,2021-10-08
2960,Aaron,Kaiser,Female,lindsey37@example.net,+91-5466565817,India,Vijayawada,Bronze,2021-08-25
2961,Clarence,Stewart,Male,adam70@example.net,+91-5502411861,India,Kochi,Gold,2020-11-13
2962,Meghan,Juarez,Male,igalvan@example.org,+91-3059865521,India,Bangalore,Gold,2020-02-29
2963,Kimberly,Lucas,Other,haley76@example.com,+91-6264838389,India,Chennai,Bronze,2023-11-13
2964,Sarah,Aguirre,Male,jmyers@example.com,+91-6534935692,India,Chennai,Platinum,2023-05-25
2965,Andrew,Archer,Female,blogan@example.org,+91-3586667665,India,Hyderabad,Bronze,2016-03-18
2966,Erika,Mccormick,Male,fdean@example.net,+91-6877605838,India,Kochi,Silver,2024-05-20
2967,Michael,Coleman,Female,halllori@example.net,+91-2114831405,India,Madurai,Bronze,2020-05-09
2968,Carl,Nguyen,Other,james62@example.com,+91-6675213961,India,Mysore,Bronze,2018-11-30
2969,Katherine,Lynch,Female,zpierce@example.org,+91-1247180670,India,Coimbatore,Silver,2024-02-21
2970,Lauren,Davenport,Other,nicole33@example.com,+91-2250509091,India,Visakhapatnam,Silver,2021-08-12
2971,Daniel,Turner,Male,morganwilliams@example.com,642.644.2948x86487,Mayotte,Paris,Silver,2020-09-13
2972,George,Simmons,Other,caleb46@example.org,(556)547-1021x27316,Nauru,Dubai,Bronze,2021-07-30
2973,Ricardo,Lee,Male,millerjohn@example.com,+91-2203869384,India,Vijayawada,Platinum,2023-10-18
2974,Annette,Rivera,Female,juliamoreno@example.net,+91-1782428056,India,Visakhapatnam,Bronze,2018-04-10
2975,Marcus,Ward,Female,jgibbs@example.com,+91-207488746,India,Visakhapatnam,Bronze,2024-12-16
2976,Matthew,Lopez,Female,halljoseph@example.org,+91-7123791835,India,Mysore,Bronze,2022-10-04
2977,Michael,Miller,Female,rchavez@example.org,+91-3755951750,India,Hyderabad,Gold,2017-06-25
2978,Richard,Norton,Female,heidigarcia@example.com,+91-2582999895,India,Kochi,Bronze,2017-10-14
2979,Sabrina,Williams,Male,hcoleman@example.org,+91-5701946445,India,Kochi,Bronze,2017-01-08
2980,Anthony,Walsh,Other,cfranklin@example.com,+91-5268470570,India,Hyderabad,Bronze,2015-10-15
2981,Austin,Kelley,Other,medinaeileen@example.net,+91-6489264450,India,Chennai,Gold,2017-11-26
2982,Cassie,Bradley,Other,sgraham@example.net,+91-4404361991,India,Bangalore,Gold,2018-08-23
2983,Bryan,Johnson,Male,uaguirre@example.net,+91-1333868424,India,Bangalore,Platinum,2020-01-03
2984,Emily,Jackson,Male,christinahill@example.com,+91-491218479,India,Chennai,Silver,2023-03-25
2985,Mark,Mcmahon,Other,bridgetshah@example.net,+91-6088597077,India,Mysore,Bronze,2016-02-16
2986,Derek,Gomez,Female,williamsonsandra@example.com,885.561.8194,Albania,Paris,Silver,2018-11-30
2987,Joseph,Hunter,Male,amyjames@example.net,641.388.9367x908,Uzbekistan,Berlin,Silver,2017-09-21
2988,Dennis,Evans,Female,lvaughn@example.net,+91-1006223310,India,Coimbatore,Silver,2018-07-06
2989,Nicole,Stevens,Female,stricklandkara@example.org,+91-6136024142,India,Coimbatore,Silver,2016-02-27
2990,Anthony,Mcguire,Other,tracyharrison@example.org,+91-1528107070,India,Bangalore,Bronze,2018-12-03
2991,Elijah,Mcknight,Other,carlos18@example.org,001-894-418-3395x53094,Antigua and Barbuda,Berlin,Silver,2018-11-09
2992,Bryan,Wade,Male,johnrodriguez@example.net,+91-4225720543,India,Thiruvananthapuram,Platinum,2022-11-18
2993,Tracy,Ford,Other,johnsoncharles@example.net,+1-472-576-5039x24416,Moldova,London,Gold,2020-11-13
2994,Savannah,Hodges,Male,christophervasquez@example.com,+91-1710501449,India,Hyderabad,Bronze,2017-07-22
2995,Patricia,Smith,Female,ginagilmore@example.net,001-648-501-1947x735,Norfolk Island,Sydney,Bronze,2019-03-10
2996,Danielle,Murphy,Female,johnsonelizabeth@example.net,+91-8272268051,India,Madurai,Platinum,2023-12-27
2997,Aaron,Evans,Female,awatson@example.net,+91-5008716066,India,Madurai,Bronze,2022-02-11
2998,Keith,Morris,Female,gainesmatthew@example.net,+91-9494776889,India,Mysore,Bronze,2024-07-09
2999,James,Robinson,Female,tjackson@example.net,001-720-391-7674x657,Bolivia,Singapore,Bronze,2024-10-11
3000,Jennifer,Dunn,Other,jamesmiller@example.net,285.871.2260,Sao Tome and Principe,New York,Platinum,2020-11-29
3001,Sara,Shaw,Other,lauren36@example.org,+91-7145292772,India,Mysore,Silver,2024-11-25
3002,Darren,Huff,Male,jonathan62@example.org,+91-4832991108,India,Mysore,Gold,2017-02-09
3003,William,Padilla,Male,glawrence@example.com,8617101381,Denmark,Los Angeles,Gold,2020-04-20
3004,Rebecca,Thompson,Male,butlerdaniel@example.net,+91-5160435567,India,Vijayawada,Gold,2018-10-28
3005,Jason,Johns,Other,briana99@example.com,+91-516280644,India,Hyderabad,Bronze,2020-09-26
3006,Cynthia,Wong,Other,samantharoy@example.org,+91-9573800166,India,Mysore,Platinum,2025-04-19
3007,Jose,Rosario,Male,codymoss@example.org,001-487-238-2906x7455,Greece,Sydney,Silver,2020-02-20
3008,Brianna,Santiago,Other,ashley57@example.org,572-506-0757x78504,Guadeloupe,Berlin,Bronze,2025-04-23
3009,Brett,Murphy,Other,kimberlybridges@example.net,+91-7863067444,India,Hyderabad,Silver,2018-10-14
3010,Frances,Thompson,Male,brittany05@example.net,+91-9583132288,India,Bangalore,Gold,2018-12-31
3011,Elizabeth,Peterson,Male,jenkinskarina@example.com,+91-823967845,India,Madurai,Bronze,2023-07-08
3012,David,Sanders,Other,jonathan91@example.com,+91-8640114705,India,Hyderabad,Bronze,2024-01-09
3013,Charles,Martinez,Male,williamsandrea@example.com,+91-261070885,India,Thiruvananthapuram,Gold,2019-04-16
3014,Karen,Garcia,Male,edwardscollin@example.org,+91-9675786948,India,Visakhapatnam,Platinum,2021-08-24
3015,Ronald,Johnson,Male,serranorobert@example.org,+91-588446978,India,Vijayawada,Bronze,2022-12-11
3016,Michael,Barton,Male,theresa48@example.net,+91-5431669607,India,Bangalore,Silver,2016-10-21
3017,Ashley,Villanueva,Male,bethany46@example.com,+91-5246118625,India,Bangalore,Bronze,2017-08-01
3018,Jonathon,Cross,Male,csteele@example.net,+91-9209181965,India,Madurai,Silver,2022-02-20
3019,Douglas,Decker,Other,besttyler@example.com,+91-5768782639,India,Thiruvananthapuram,Silver,2024-11-06
3020,Jessica,Graves,Other,nicolesmith@example.net,381.813.6298x35048,Uganda,Singapore,Platinum,2022-10-27
3021,Stephanie,Evans,Male,susan02@example.org,4442070211,Guinea-Bissau,Singapore,Bronze,2022-09-12
3022,Shannon,Leon,Female,zhancock@example.org,+91-9274861375,India,Chennai,Bronze,2023-11-23
3023,Reginald,Wyatt,Other,pdalton@example.org,+91-9742464615,India,Vijayawada,Silver,2023-06-20
3024,Christian,Contreras,Male,gholloway@example.net,+91-9976332556,India,Hyderabad,Bronze,2021-10-13
3025,Brenda,Leon,Male,kelly02@example.com,+91-6716366339,India,Vijayawada,Bronze,2023-07-24
3026,Eugene,Johnson,Other,morrisjames@example.org,+91-9529669684,India,Vijayawada,Silver,2022-07-26
3027,Charles,Salinas,Female,charlesgriffin@example.com,+91-4787645503,India,Visakhapatnam,Silver,2015-12-26
3028,Brian,Martinez,Male,salazarsandra@example.org,+91-4167006608,India,Coimbatore,Bronze,2017-12-07
3029,Jennifer,Gomez,Male,ryannelson@example.net,989.834.0892x5578,Oman,Berlin,Bronze,2021-05-21
3030,Michelle,Vaughan,Female,julie72@example.com,+91-3133645490,India,Chennai,Bronze,2015-12-07
3031,Aaron,Saunders,Other,jeffrey72@example.org,+91-7671008438,India,Madurai,Gold,2024-07-05
3032,Julie,Guzman,Other,jenniferturner@example.com,+91-7403188957,India,Mysore,Silver,2015-11-19
3033,Susan,Holmes,Other,andrea39@example.net,001-735-476-7606x8236,Barbados,London,Silver,2023-06-30
3034,Sheryl,Whitney,Other,shannon97@example.net,+91-5688342752,India,Hyderabad,Bronze,2021-01-02
3035,Steven,Clark,Other,phelpskristin@example.com,6638947799,Madagascar,Sydney,Gold,2020-06-18
3036,Hunter,Vasquez,Other,taravillegas@example.net,+91-9515914262,India,Bangalore,Silver,2017-01-04
3037,Olivia,Schroeder,Male,elizabethruiz@example.net,+91-5160583929,India,Chennai,Silver,2019-02-09
3038,Wesley,Mendez,Female,scott84@example.org,+91-6615659665,India,Visakhapatnam,Bronze,2020-11-13
3039,Bryan,Miller,Female,amandahester@example.net,+91-1521015893,India,Mysore,Silver,2016-03-17
3040,Maria,Rivas,Other,smithjustin@example.org,+91-7756478149,India,Thiruvananthapuram,Bronze,2020-07-13
3041,Nicholas,Mcneil,Other,anthony35@example.com,+91-1454377092,India,Chennai,Gold,2022-11-16
3042,Jessica,Sanchez,Other,scott82@example.com,+91-3218261393,India,Bangalore,Bronze,2023-05-31
3043,Jamie,Holmes,Other,seanalexander@example.org,+91-4377781915,India,Bangalore,Bronze,2016-05-26
3044,Victoria,Atkinson,Female,anthonyhorne@example.net,+91-6153176128,India,Visakhapatnam,Bronze,2016-04-14
3045,Alicia,Patrick,Female,danielgarrett@example.org,+91-6590535200,India,Thiruvananthapuram,Silver,2018-11-03
3046,David,Bowman,Female,tyler60@example.org,+91-1712811654,India,Coimbatore,Silver,2023-01-04
3047,Kristin,Jackson,Other,jeffery75@example.org,+91-9241375830,India,Chennai,Gold,2016-03-05
3048,Laura,Mullins,Male,michael06@example.com,+91-8101385042,India,Bangalore,Bronze,2021-06-21
3049,Cynthia,Brooks,Female,dawnschroeder@example.org,+91-6488143601,India,Madurai,Silver,2017-03-25
3050,Wendy,Fisher,Other,eileenwerner@example.com,+91-920137385,India,Mysore,Platinum,2018-05-10
3051,Lisa,Thomas,Male,jhunter@example.org,+91-539766085,India,Madurai,Bronze,2018-08-04
3052,Rodney,White,Male,christina57@example.net,+91-8504601497,India,Madurai,Bronze,2019-07-24
3053,Jeffrey,Moses,Male,danielle56@example.net,+91-5414438422,India,Chennai,Silver,2020-03-23
3054,Jennifer,Jackson,Other,jonathanpierce@example.org,2215364829,Philippines,Sydney,Bronze,2019-06-11
3055,Kathy,Wilson,Other,cardenaselizabeth@example.com,+91-5373054551,India,Madurai,Bronze,2020-10-28
3056,Robert,Williams,Female,brittanysimpson@example.net,947-954-5415x20745,Somalia,Paris,Silver,2015-11-05
3057,Jennifer,Maynard,Male,lindsayjohnson@example.org,+91-46045885,India,Bangalore,Silver,2015-11-07
3058,Brittany,Orr,Male,elizabeth49@example.com,+91-3139671381,India,Madurai,Bronze,2020-06-17
3059,Darren,Johnson,Other,xrobinson@example.com,001-735-924-6159x923,Hong Kong,London,Bronze,2018-04-10
3060,Rachel,Jackson,Other,hhart@example.net,+91-8025550855,India,Vijayawada,Gold,2023-07-22
3061,Adam,Davis,Female,hinesrobin@example.org,+91-6314855188,India,Thiruvananthapuram,Platinum,2020-10-31
3062,Christopher,Foster,Male,richard92@example.net,+91-6285451380,India,Hyderabad,Gold,2018-03-13
3063,Kristen,Mason,Female,isabella56@example.com,425-730-4552,Saint Vincent and the Grenadines,Dubai,Bronze,2023-02-27
3064,Tina,Miller,Female,robertconrad@example.net,+91-906901018,India,Mysore,Platinum,2024-03-11
3065,Andrea,Berry,Other,sloandouglas@example.net,+91-5497919240,India,Mysore,Bronze,2020-04-25
3066,Brenda,Guerrero,Male,julie18@example.com,+91-8701453169,India,Visakhapatnam,Silver,2018-01-14
3067,Jonathan,Sweeney,Male,ybishop@example.org,+1-723-591-3965,Mauritania,Dubai,Silver,2019-06-22
3068,Michael,Turner,Other,xjones@example.net,+91-8364585537,India,Hyderabad,Platinum,2024-12-08
3069,Richard,Johnson,Female,robert87@example.com,+91-6763244078,India,Vijayawada,Bronze,2020-04-02
3070,Joanna,Esparza,Other,fosterpatrick@example.net,+91-6142702137,India,Mysore,Gold,2018-08-13
3071,Daniel,Malone,Female,brian81@example.com,9985800661,Cape Verde,Dubai,Gold,2019-10-07
3072,Michelle,Frazier,Male,tommy87@example.com,+91-955743813,India,Thiruvananthapuram,Silver,2024-04-30
3073,Melissa,Lee,Female,jholland@example.org,+91-1766266903,India,Mysore,Gold,2023-03-12
3074,Tina,Decker,Male,melinda98@example.org,+91-5400853212,India,Thiruvananthapuram,Platinum,2024-12-14
3075,Stephanie,Boyle,Other,joshuabutler@example.org,374-644-9053x3551,Angola,Los Angeles,Gold,2017-11-27
3076,Christina,Casey,Male,jsmith@example.net,+91-445167118,India,Hyderabad,Gold,2021-08-14
3077,Stephanie,Bradley,Other,cherylgould@example.com,+91-9873688539,India,Mysore,Gold,2018-01-23
3078,Sheri,Clay,Male,wcampbell@example.com,+91-8038029233,India,Thiruvananthapuram,Platinum,2016-02-08
3079,Julia,Simpson,Male,alexanderbradley@example.com,+91-1999226422,India,Visakhapatnam,Silver,2023-05-03
3080,Benjamin,Villanueva,Female,matthew36@example.com,+91-6620455062,India,Chennai,Gold,2020-10-21
3081,Jonathan,Mclaughlin,Male,meganramirez@example.com,+91-5609073532,India,Visakhapatnam,Silver,2016-04-30
3082,Kevin,Hunter,Other,anthony05@example.com,+1-228-292-2248x9962,Christmas Island,Paris,Silver,2021-11-25
3083,Todd,Cooper,Other,odonaldson@example.org,570.399.8245,Bahrain,Dubai,Silver,2023-05-26
3084,Jennifer,Gaines,Male,bonnierobinson@example.net,766-775-7311x077,Dominican Republic,New York,Bronze,2018-01-05
3085,Michelle,Scott,Male,ylowery@example.com,+91-6732657193,India,Thiruvananthapuram,Platinum,2018-06-13
3086,Alan,Sharp,Male,rgray@example.net,+91-8873511296,India,Hyderabad,Bronze,2016-03-25
3087,Craig,Gutierrez,Male,jonesgarrett@example.com,(427)338-9080x716,Moldova,Toronto,Platinum,2022-07-13
3088,Lynn,Williams,Other,christophernash@example.com,+91-3472259080,India,Hyderabad,Gold,2017-10-17
3089,Marcus,Wilson,Other,fhall@example.com,+91-8035223406,India,Thiruvananthapuram,Silver,2021-09-18
3090,Michael,Lee,Female,maynoah@example.net,350-956-2415x610,Northern Mariana Islands,Tokyo,Platinum,2016-12-04
3091,Theresa,Ramos,Other,lhoover@example.net,+91-4653336878,India,Kochi,Gold,2016-09-30
3092,Corey,Johnson,Male,erinswanson@example.com,+91-296904030,India,Hyderabad,Bronze,2020-12-17
3093,Janet,Webster,Female,alexandriacunningham@example.net,+91-6805650847,India,Visakhapatnam,Platinum,2015-08-19
3094,Greg,Morse,Female,armstrongconnie@example.org,+91-8044135969,India,Kochi,Silver,2017-02-04
3095,Craig,Lewis,Other,hoganangela@example.com,+91-5789449558,India,Bangalore,Platinum,2015-10-30
3096,Christopher,Yang,Female,lhammond@example.com,+1-803-860-1385x712,Thailand,Tokyo,Silver,2024-08-06
3097,Holly,Jones,Other,smithdaniel@example.com,+91-6547934845,India,Thiruvananthapuram,Silver,2025-04-08
3098,Roberto,Watkins,Female,ebuchanan@example.com,+91-4873231458,India,Kochi,Gold,2025-04-24
3099,Deborah,Riggs,Female,jonespatricia@example.org,+1-456-498-8116x585,Ghana,Singapore,Gold,2018-01-28
3100,Jennifer,Collins,Other,msanders@example.com,+91-3924441099,India,Chennai,Silver,2021-11-25
3101,James,Snyder,Male,hamiltonwhitney@example.net,+91-8080327411,India,Bangalore,Bronze,2025-02-11
3102,Veronica,Barrett,Other,hutchinsonjennifer@example.org,+91-369638288,India,Thiruvananthapuram,Silver,2019-11-02
3103,Austin,Mathis,Female,josedyer@example.com,522.336.6268x86159,Oman,Sydney,Silver,2022-11-02
3104,Briana,Robinson,Other,ncarter@example.net,+91-2575239301,India,Thiruvananthapuram,Silver,2023-08-22
3105,Max,Moyer,Male,wattsdillon@example.net,+91-3085139615,India,Hyderabad,Bronze,2022-07-06
3106,Michael,Lopez,Female,thomasharry@example.net,+91-1488804075,India,Mysore,Bronze,2016-10-02
3107,Jacob,Thompson,Male,rangeleric@example.com,+91-3347997139,India,Chennai,Gold,2021-02-06
3108,Robert,Quinn,Other,browneric@example.com,+91-9982113362,India,Bangalore,Gold,2024-05-18
3109,Christine,Robbins,Other,taylornavarro@example.org,(865)364-3253x51878,Christmas Island,Sydney,Silver,2020-07-20
3110,Carrie,Taylor,Female,mlewis@example.com,+91-2942853901,India,Kochi,Gold,2023-05-23
3111,Elijah,Hill,Male,elizabeth47@example.net,+91-2709451573,India,Vijayawada,Platinum,2018-08-09
3112,Monica,Cooper,Other,ctodd@example.org,+91-8715285479,India,Madurai,Gold,2016-04-17
3113,David,Wolf,Female,williamskaren@example.net,+91-1909540793,India,Kochi,Silver,2017-09-15
3114,Robert,Santana,Female,crystalsolomon@example.com,4519325599,Mongolia,Berlin,Silver,2016-09-02
3115,Larry,Johnson,Other,brianmason@example.net,+91-3625906188,India,Chennai,Platinum,2023-10-11
3116,Raven,Pennington,Male,jonesdaniel@example.org,+91-3761113101,India,Mysore,Silver,2023-09-04
3117,Kelly,Rice,Male,scottharold@example.org,+91-8582690872,India,Kochi,Silver,2015-11-08
3118,Chelsea,Morris,Female,sanchezwilliam@example.com,+91-906787346,India,Coimbatore,Bronze,2016-11-17
3119,Anthony,Rodriguez,Male,thomasnash@example.net,+91-9483799375,India,Vijayawada,Silver,2023-07-25
3120,William,Jimenez,Female,leebrian@example.net,+91-2009954451,India,Mysore,Platinum,2017-08-29
3121,Kayla,Brooks,Female,laura75@example.com,+91-7612138468,India,Visakhapatnam,Bronze,2022-05-16
3122,Lisa,Chavez,Male,samuel34@example.org,+91-9899936112,India,Mysore,Bronze,2021-12-26
3123,Eric,Foley,Female,chadlara@example.com,+91-3799668004,India,Madurai,Bronze,2015-08-31
3124,Kelly,Stout,Male,aaronkelly@example.net,+91-6315379502,India,Mysore,Bronze,2019-12-09
3125,Diane,Torres,Other,hunter38@example.org,+91-4171922666,India,Bangalore,Silver,2019-02-16
3126,Corey,Cruz,Male,qandrews@example.net,+91-8570937086,India,Madurai,Silver,2017-12-07
3127,Robert,Heath,Other,maria28@example.net,+91-4117206502,India,Bangalore,Bronze,2015-12-21
3128,Audrey,Flynn,Male,joel45@example.org,+91-5401030029,India,Hyderabad,Silver,2024-08-09
3129,Kevin,Stein,Other,marycherry@example.com,+91-2382184657,India,Visakhapatnam,Silver,2023-10-23
3130,Paul,Stanton,Male,deckermichelle@example.net,(448)686-9391x348,Tonga,Tokyo,Silver,2021-01-22
3131,Brendan,Martin,Male,angelapatel@example.org,+91-3306017671,India,Coimbatore,Bronze,2022-09-09
3132,Tanya,Cantrell,Male,nharris@example.org,+91-5917214059,India,Coimbatore,Platinum,2024-08-17
3133,Shannon,Collins,Female,edward68@example.net,3807058175,Paraguay,Toronto,Bronze,2015-11-23
3134,Michael,Moore,Female,gutierrezstefanie@example.net,+91-3934403061,India,Vijayawada,Gold,2022-08-24
3135,Peter,Johnston,Other,jnash@example.net,+91-4370897917,India,Mysore,Silver,2015-12-12
3136,Kerri,Nguyen,Male,douglas81@example.org,+91-9178037617,India,Hyderabad,Bronze,2021-11-24
3137,Mariah,Miller,Male,stuartlauren@example.com,+91-8524394027,India,Thiruvananthapuram,Gold,2017-12-14
3138,Ann,Woods,Male,dana52@example.org,+91-9105575765,India,Coimbatore,Platinum,2021-12-18
3139,Scott,Medina,Male,laranicolas@example.com,+91-8751172808,India,Hyderabad,Silver,2023-06-15
3140,Mary,Parrish,Female,lanecrystal@example.com,+91-2717314243,India,Vijayawada,Bronze,2021-06-17
3141,Jacob,Hartman,Other,jasonramirez@example.net,+91-621906918,India,Visakhapatnam,Bronze,2017-05-02
3142,Mark,Bailey,Female,megan18@example.org,+91-1296466362,India,Madurai,Silver,2019-09-23
3143,Jessica,Johnson,Male,mooretracy@example.net,+91-2077482191,India,Coimbatore,Bronze,2022-09-17
3144,Shawna,Lawrence,Other,swansonthomas@example.com,+91-7090756854,India,Mysore,Bronze,2019-06-26
3145,Tracy,Pruitt,Other,gutierreztravis@example.org,+91-8822084840,India,Coimbatore,Platinum,2017-07-27
3146,Sara,Jackson,Female,dsavage@example.com,+91-8441783440,India,Coimbatore,Gold,2018-11-29
3147,John,White,Male,cathy82@example.org,+91-137210197,India,Visakhapatnam,Bronze,2015-11-18
3148,Cody,Henry,Other,cruzblake@example.org,+91-5488556323,India,Chennai,Bronze,2017-07-03
3149,Tracy,Welch,Male,athomas@example.net,+91-9340063307,India,Visakhapatnam,Bronze,2015-12-15
3150,Alexandria,Klein,Other,dwilliams@example.net,470-808-8414x13096,Dominican Republic,Paris,Silver,2018-05-23
3151,Theresa,Reyes,Female,nathanielkelley@example.net,+91-5834777859,India,Bangalore,Silver,2025-03-04
3152,David,Hall,Male,marie83@example.com,+91-4840804542,India,Chennai,Bronze,2022-07-11
3153,Billy,Lewis,Other,jonathan61@example.com,+91-2456082742,India,Thiruvananthapuram,Silver,2021-03-26
3154,Sarah,Perkins,Male,radams@example.com,+91-9645096927,India,Kochi,Gold,2023-11-19
3155,Erika,Daniels,Female,james95@example.org,+91-3117266474,India,Coimbatore,Platinum,2017-05-24
3156,Michael,Gonzalez,Female,shelly58@example.net,+91-5994973363,India,Vijayawada,Bronze,2019-10-17
3157,Danielle,Blankenship,Female,eddie65@example.com,+91-5202577885,India,Coimbatore,Bronze,2016-06-24
3158,Melanie,Hines,Male,ewalters@example.com,+91-1970989147,India,Kochi,Gold,2022-11-07
3159,Connie,Barrett,Female,murraychristian@example.org,+1-376-336-8822x78627,Latvia,Toronto,Silver,2025-01-09
3160,Jacqueline,Kelly,Female,loridelgado@example.com,+91-3974854157,India,Visakhapatnam,Bronze,2016-12-31
3161,Ashley,Crawford,Other,millercourtney@example.org,+91-1810876826,India,Vijayawada,Bronze,2015-06-12
3162,Kelly,Henderson,Other,sanchezjoshua@example.org,+91-3444321701,India,Bangalore,Bronze,2017-07-01
3163,Raymond,Solis,Other,diana70@example.org,+91-6475026844,India,Hyderabad,Bronze,2019-09-18
3164,Lisa,Morton,Other,howardkeith@example.org,+91-7927461638,India,Visakhapatnam,Bronze,2021-01-17
3165,Alyssa,Sanchez,Female,thomasmunoz@example.net,337.897.1976,Uruguay,Tokyo,Bronze,2022-03-26
3166,Scott,Clark,Female,fsutton@example.org,4552542675,Heard Island and McDonald Islands,Berlin,Gold,2016-07-17
3167,Andrew,Melton,Female,harrisonsamantha@example.com,+91-292316707,India,Kochi,Bronze,2022-07-07
3168,Emily,Sanchez,Other,danielrussell@example.org,+91-3138254642,India,Hyderabad,Bronze,2018-04-02
3169,Michael,Gutierrez,Male,jessica35@example.com,+91-6346529071,India,Mysore,Silver,2020-01-12
3170,Donald,Evans,Female,williefoster@example.com,+91-6884226754,India,Coimbatore,Bronze,2019-05-31
3171,Billy,Smith,Other,murrayjames@example.net,9323683730,Lesotho,Berlin,Silver,2024-11-15
3172,Matthew,Henry,Female,jamesgrant@example.org,+91-6123140880,India,Madurai,Bronze,2023-10-11
3173,Michael,Walls,Other,zlawson@example.org,284.430.3911,Greenland,Sydney,Gold,2025-01-24
3174,Mary,Rodriguez,Other,millercourtney@example.com,+91-3795280457,India,Bangalore,Bronze,2023-08-21
3175,Jared,Perez,Female,markhughes@example.com,001-454-659-8660x95439,Greece,Berlin,Platinum,2018-05-04
3176,Eric,Foley,Female,carolinepearson@example.org,999.600.2512,Luxembourg,Dubai,Platinum,2020-12-07
3177,Lindsay,Garza,Male,kristinandrews@example.net,+91-3876328736,India,Bangalore,Gold,2019-12-14
3178,Stacy,Hall,Male,pcook@example.net,+91-4333755682,India,Bangalore,Bronze,2017-08-28
3179,Tina,Hoffman,Male,bduncan@example.net,+91-4664031521,India,Madurai,Gold,2021-12-03
3180,Lisa,Nguyen,Male,dominiquebartlett@example.com,+91-7964692781,India,Visakhapatnam,Bronze,2021-01-13
3181,Daniel,Bailey,Other,scott97@example.com,+91-9452756992,India,Madurai,Bronze,2020-08-25
3182,Austin,Cantu,Male,martinezmary@example.net,+91-6703491319,India,Visakhapatnam,Bronze,2023-01-07
3183,Briana,Carlson,Other,francisco74@example.org,+91-5872638952,India,Vijayawada,Bronze,2015-06-12
3184,Ralph,King,Male,zchung@example.com,+91-2400010336,India,Coimbatore,Bronze,2022-01-09
3185,James,Wood,Other,nicole17@example.net,+91-7606444387,India,Vijayawada,Gold,2020-07-09
3186,Charlene,Rodriguez,Male,ronaldhowell@example.org,+91-2986662473,India,Visakhapatnam,Bronze,2022-04-09
3187,Sean,Pham,Other,kaitlin89@example.org,+91-910110005,India,Bangalore,Bronze,2021-12-12
3188,Jeanne,White,Other,pamela93@example.org,+91-3151074282,India,Visakhapatnam,Silver,2023-02-04
3189,Devon,Gonzales,Female,alexandrawhite@example.com,+91-5587281832,India,Bangalore,Silver,2020-03-31
3190,Maria,Bishop,Other,kellibruce@example.net,+91-5705761867,India,Madurai,Bronze,2017-02-21
3191,Christina,Gutierrez,Female,raybrandon@example.com,+91-4551110466,India,Thiruvananthapuram,Silver,2015-08-22
3192,Patricia,Mitchell,Female,shelia41@example.org,+91-4147803906,India,Hyderabad,Gold,2016-02-14
3193,Robert,Palmer,Male,ashley73@example.com,+91-948522278,India,Mysore,Gold,2021-11-06
3194,Robert,Frederick,Male,sweeneytoni@example.com,+91-8126233407,India,Thiruvananthapuram,Gold,2019-08-31
3195,Brian,Shaw,Male,terri95@example.net,+91-6377352357,India,Hyderabad,Bronze,2019-05-20
3196,Frank,Jacobs,Female,lopezanthony@example.org,+91-9468464147,India,Mysore,Platinum,2019-07-09
3197,Stephen,Rogers,Other,bgallagher@example.com,+91-652384539,India,Mysore,Silver,2018-05-23
3198,Mary,Smith,Other,ocoleman@example.com,206.777.7894x6600,Dominica,Dubai,Platinum,2021-01-19
3199,Caroline,Moreno,Female,david54@example.org,+91-6826401524,India,Kochi,Platinum,2018-09-21
3200,Kurt,Campos,Female,twilliams@example.net,+91-4357910975,India,Visakhapatnam,Silver,2022-12-29
3201,Claire,Mahoney,Male,sstewart@example.org,+91-5188909985,India,Kochi,Silver,2016-07-01
3202,Melissa,Davis,Male,katieaguilar@example.org,+91-3974078999,India,Chennai,Silver,2023-01-21
3203,Travis,Lewis,Female,robertnelson@example.net,+91-708643911,India,Vijayawada,Gold,2021-06-24
3204,Jonathan,Lee,Other,adamcampos@example.net,+91-3710865987,India,Vijayawada,Bronze,2022-10-12
3205,Beverly,Ward,Other,butlerbrenda@example.org,+91-8270669984,India,Vijayawada,Gold,2019-11-25
3206,Melissa,Klein,Male,holmesapril@example.com,+1-539-839-3045x4004,Cape Verde,Los Angeles,Silver,2019-06-05
3207,Valerie,Smith,Male,hrodriguez@example.org,+91-2498494021,India,Coimbatore,Platinum,2019-07-13
3208,Andrew,Watkins,Other,awaller@example.org,+91-5480886768,India,Mysore,Silver,2023-03-05
3209,Billy,Garcia,Other,christian74@example.org,(805)863-0347,Mongolia,Sydney,Gold,2019-07-05
3210,Scott,Thompson,Other,corychan@example.net,+91-1805090903,India,Kochi,Platinum,2018-05-10
3211,Joshua,Hoffman,Female,wallacematthew@example.net,+91-923948944,India,Chennai,Bronze,2016-11-18
3212,Lori,Gomez,Other,dustin83@example.org,+91-2848265154,India,Hyderabad,Bronze,2019-12-01
3213,Joseph,Jones,Female,lmartinez@example.net,+91-4570314157,India,Chennai,Silver,2016-03-22
3214,Kevin,Stevenson,Male,atkinsbradley@example.com,+1-217-482-8314x97294,British Virgin Islands,Dubai,Platinum,2019-06-29
3215,Kyle,Palmer,Male,vcarroll@example.net,+91-8455817075,India,Thiruvananthapuram,Bronze,2020-05-26
3216,Tammy,Jordan,Male,oross@example.org,+91-7024242189,India,Visakhapatnam,Platinum,2019-02-17
3217,Christopher,Bauer,Female,owennatalie@example.com,+91-395067307,India,Coimbatore,Bronze,2024-04-09
3218,Kelly,Schwartz,Female,justin93@example.org,+91-8311856222,India,Hyderabad,Silver,2020-09-14
3219,Randall,Ochoa,Female,wmiranda@example.net,+91-1972871789,India,Visakhapatnam,Platinum,2018-03-07
3220,Zachary,Moore,Male,edward41@example.com,+91-4510724057,India,Hyderabad,Platinum,2019-10-13
3221,Timothy,Tucker,Other,veronica42@example.net,435-835-9287,Anguilla,Sydney,Platinum,2020-01-04
3222,Nicholas,Smith,Other,nchase@example.net,001-813-415-0988,Sri Lanka,Dubai,Platinum,2020-03-23
3223,Chad,Campbell,Female,anna58@example.com,+91-1895529275,India,Mysore,Bronze,2025-02-08
3224,Ashley,Hawkins,Female,crystalpacheco@example.org,+1-680-871-7738,Burundi,Sydney,Gold,2018-11-21
3225,Kevin,Burton,Female,rachel86@example.org,+91-1952408048,India,Mysore,Silver,2017-03-21
3226,Yolanda,Johnson,Female,ebishop@example.com,894.627.2556x199,Saint Kitts and Nevis,Singapore,Silver,2019-02-21
3227,Krystal,Smith,Other,vwiggins@example.net,+91-2419396429,India,Coimbatore,Bronze,2016-03-17
3228,Mary,Brewer,Male,philipmartinez@example.org,+91-961085442,India,Thiruvananthapuram,Bronze,2020-02-17
3229,Carl,Nelson,Male,reedstacie@example.org,+91-6792950213,India,Chennai,Bronze,2020-05-15
3230,Sarah,Pitts,Male,rebeccamann@example.com,+91-6487800225,India,Mysore,Silver,2024-06-08
3231,Krista,Martinez,Female,ibrown@example.com,+91-3897872138,India,Hyderabad,Bronze,2023-11-11
3232,Kelly,Ruiz,Male,davidmartinez@example.com,+91-3174463081,India,Visakhapatnam,Silver,2020-09-23
3233,Anthony,Bailey,Female,david87@example.net,+91-375277873,India,Bangalore,Bronze,2020-06-08
3234,Jacob,Mays,Female,katherinerobinson@example.net,+91-825770284,India,Thiruvananthapuram,Gold,2017-04-03
3235,Samuel,Lindsey,Female,jessewilliams@example.org,+91-4031004956,India,Vijayawada,Bronze,2023-09-14
3236,Kimberly,Richardson,Male,millerchristopher@example.com,+91-8963482015,India,Madurai,Platinum,2016-03-09
3237,Christopher,Richardson,Other,masonpaul@example.net,(879)800-8508,Argentina,Singapore,Bronze,2021-04-09
3238,James,Oneill,Male,butlerrachael@example.org,+91-8058229925,India,Chennai,Silver,2019-06-01
3239,Michael,Fowler,Other,ashleyward@example.com,+91-5773575866,India,Hyderabad,Platinum,2020-06-21
3240,Gabriel,Harrell,Other,madelinethornton@example.org,+91-6350559411,India,Bangalore,Bronze,2019-01-08
3241,Michael,Warner,Female,jenniferjames@example.org,+91-6221331190,India,Kochi,Bronze,2019-03-05
3242,Kathryn,Montgomery,Female,balexander@example.com,+91-941156405,India,Visakhapatnam,Bronze,2015-12-17
3243,Samantha,Johnson,Female,patriciastewart@example.org,511-713-1105x2711,Myanmar,Toronto,Silver,2016-03-03
3244,Steven,Kirk,Other,joshua53@example.net,+91-1624524854,India,Kochi,Silver,2024-01-14
3245,Derek,Johnson,Female,djackson@example.com,+91-5523357127,India,Kochi,Gold,2023-08-04
3246,Collin,Mitchell,Other,mrose@example.net,+91-2865766260,India,Visakhapatnam,Gold,2020-05-09
3247,Brenda,Kelly,Other,eric24@example.net,+91-451841823,India,Mysore,Gold,2024-10-27
3248,Jennifer,Jones,Female,rodriguezwilliam@example.net,+91-8716122806,India,Thiruvananthapuram,Silver,2024-07-18
3249,Michaela,Moreno,Female,andre02@example.org,+91-7374773790,India,Mysore,Bronze,2017-12-17
3250,Kelsey,Nguyen,Female,chansamantha@example.net,+91-3298122864,India,Chennai,Silver,2023-07-31
3251,Debra,Miller,Other,zramos@example.net,408-580-4953x19002,Bulgaria,Singapore,Bronze,2021-02-11
3252,Mary,Smith,Other,ojohnson@example.org,+91-7154133088,India,Coimbatore,Bronze,2021-09-27
3253,Kristi,Cuevas,Male,shelia44@example.com,+91-5260580071,India,Bangalore,Silver,2017-07-28
3254,Michelle,Floyd,Other,thomas37@example.org,+91-1842237978,India,Thiruvananthapuram,Bronze,2016-08-25
3255,Jon,Collier,Female,janethall@example.com,+91-8616281493,India,Thiruvananthapuram,Platinum,2015-06-29
3256,Phyllis,Williams,Female,teresa31@example.com,+91-2325646254,India,Chennai,Gold,2022-02-07
3257,Timothy,Wright,Female,scottmcclure@example.com,+91-8415720516,India,Thiruvananthapuram,Silver,2019-07-06
3258,Amanda,Thompson,Other,lorirodriguez@example.com,+91-9944378440,India,Coimbatore,Silver,2015-12-24
3259,Stephanie,Hart,Other,elizabethcox@example.org,+91-9543652033,India,Coimbatore,Bronze,2015-08-13
3260,Jill,Haney,Other,cole54@example.net,+91-1033655832,India,Madurai,Silver,2017-08-04
3261,Aaron,Short,Female,julia46@example.net,+91-8925794054,India,Coimbatore,Silver,2017-06-30
3262,Cheryl,Porter,Other,millerjoseph@example.net,+91-1976909651,India,Chennai,Silver,2022-04-23
3263,Janice,Pope,Female,michael87@example.org,+91-5766108739,India,Madurai,Silver,2024-10-05
3264,April,Howell,Male,aaron11@example.net,+1-504-885-0011x390,Burundi,Singapore,Bronze,2024-09-21
3265,Ralph,Conley,Other,mhunt@example.org,+91-7920819366,India,Coimbatore,Bronze,2016-03-21
3266,Alex,Smith,Female,shawnprince@example.org,567.734.9642,Guinea-Bissau,New York,Silver,2016-01-26
3267,Brenda,Blevins,Male,crosbymichael@example.net,+91-8766267747,India,Madurai,Platinum,2018-06-05
3268,Amanda,Harvey,Female,kmiller@example.com,001-655-986-6961x41573,Lesotho,New York,Gold,2019-03-28
3269,Joseph,Ramos,Female,ydavis@example.net,+91-1360432021,India,Hyderabad,Gold,2016-04-09
3270,Abigail,Miller,Other,kimberly89@example.net,+91-5833513477,India,Chennai,Bronze,2023-07-11
3271,Dean,Atkins,Male,justin79@example.org,001-564-352-6689x55419,Cote d'Ivoire,Tokyo,Bronze,2024-05-22
3272,Carrie,Parrish,Other,stephanieandrade@example.com,+91-3478915185,India,Mysore,Silver,2021-05-26
3273,Allison,Wright,Female,meganbarber@example.net,+91-5973637387,India,Visakhapatnam,Bronze,2022-03-07
3274,Jeremy,Lynn,Male,elizabeth57@example.org,+91-7139265752,India,Thiruvananthapuram,Bronze,2020-11-06
3275,Evan,Payne,Male,matthewfreeman@example.net,+91-417860988,India,Bangalore,Bronze,2024-04-05
3276,Jasmine,Herrera,Female,colemandonald@example.com,+91-8810734738,India,Coimbatore,Gold,2015-12-20
3277,Nicole,Howell,Other,brucewang@example.net,+91-7192170298,India,Hyderabad,Bronze,2015-09-29
3278,Debbie,Allen,Male,reginaldgutierrez@example.net,+91-4016470806,India,Mysore,Platinum,2020-05-03
3279,George,Barry,Other,jennifergonzalez@example.net,+91-9394325729,India,Chennai,Bronze,2021-02-06
3280,Justin,Hernandez,Male,cpacheco@example.com,+91-8007364653,India,Bangalore,Gold,2018-04-17
3281,Marcus,Chase,Other,cynthiabrown@example.net,+91-449848442,India,Thiruvananthapuram,Gold,2021-07-07
3282,Stephen,Jenkins,Other,grivera@example.org,+91-7454217487,India,Chennai,Bronze,2017-06-06
3283,Derrick,Cooper,Other,tannerlisa@example.com,+91-2156933026,India,Thiruvananthapuram,Platinum,2021-01-31
3284,Melissa,Gonzalez,Other,deannaho@example.com,+91-160804390,India,Vijayawada,Gold,2020-10-02
3285,Adam,Ortiz,Other,brownjennifer@example.net,+91-974935291,India,Hyderabad,Platinum,2023-05-23
3286,Terrance,Ramirez,Male,nsmith@example.net,+91-1521790186,India,Coimbatore,Gold,2017-04-01
3287,Alan,Mccarthy,Female,terrybaker@example.org,+91-997333568,India,Mysore,Gold,2018-06-08
3288,Heather,Baker,Other,michelle10@example.com,+91-8848135136,India,Coimbatore,Silver,2023-02-26
3289,Perry,Dean,Other,uwinters@example.net,+91-6839004336,India,Mysore,Bronze,2016-02-19
3290,Ariel,Thompson,Other,warrenbrian@example.org,+91-1989111963,India,Visakhapatnam,Bronze,2019-08-15
3291,Michael,Brady,Male,mary98@example.com,+91-9938447039,India,Hyderabad,Silver,2020-02-22
3292,Lisa,Bartlett,Other,smeyers@example.net,8548850796,Cuba,Singapore,Silver,2020-04-05
3293,Cindy,Frazier,Other,haley08@example.com,+91-2063574010,India,Vijayawada,Bronze,2024-07-26
3294,Justin,Donovan,Other,nicolelewis@example.net,+91-9624833894,India,Madurai,Silver,2021-07-24
3295,Nicholas,Morris,Female,ronaldsmith@example.org,001-233-523-3317x687,Armenia,Tokyo,Bronze,2020-11-07
3296,Lauren,Pierce,Female,stephanieaustin@example.net,+91-3084680607,India,Bangalore,Bronze,2019-02-24
3297,Margaret,Hall,Other,wardmaurice@example.com,+91-6033520388,India,Thiruvananthapuram,Gold,2020-05-17
3298,Jason,Greene,Other,goulddaniel@example.org,+91-3100636618,India,Mysore,Platinum,2025-02-14
3299,Evelyn,Baker,Female,whitejonathan@example.org,001-340-288-5525x10371,Palau,New York,Gold,2018-10-10
3300,Lisa,Stephens,Female,allison00@example.com,+91-7284171950,India,Hyderabad,Gold,2021-02-05
3301,Nancy,Jimenez,Female,naguilar@example.com,(414)754-8963x18999,Cote d'Ivoire,Los Angeles,Bronze,2023-11-12
3302,Derek,Gonzales,Other,anthony38@example.net,+91-3946888892,India,Thiruvananthapuram,Bronze,2018-08-15
3303,Susan,Hardy,Other,paynebrittany@example.com,+91-1269630316,India,Thiruvananthapuram,Gold,2016-05-13
3304,Jennifer,Duncan,Female,matthewhansen@example.net,2245497711,Nauru,New York,Bronze,2025-04-23
3305,Teresa,Jenkins,Female,ashleydennis@example.net,+91-1593747596,India,Kochi,Gold,2018-04-11
3306,Paul,Perez,Male,ijones@example.com,+91-1461617082,India,Coimbatore,Silver,2015-12-29
3307,Ernest,Mcbride,Other,graylisa@example.net,+91-5464014336,India,Hyderabad,Bronze,2017-04-14
3308,Robert,Davis,Male,gordonharris@example.org,+91-2428471521,India,Vijayawada,Gold,2017-10-30
3309,Christopher,Choi,Male,cody99@example.org,+91-8844114375,India,Kochi,Platinum,2019-12-25
3310,Jonathan,West,Other,anita04@example.net,+91-4495191857,India,Thiruvananthapuram,Silver,2020-03-13
3311,Nicholas,Hensley,Other,lisasnyder@example.com,+91-1717892840,India,Bangalore,Bronze,2022-07-10
3312,Danielle,Friedman,Female,zturner@example.com,+91-8414989183,India,Thiruvananthapuram,Platinum,2018-06-03
3313,Jason,Rojas,Other,charlesyoung@example.com,+91-9679324201,India,Madurai,Bronze,2021-03-13
3314,Dwayne,Aguilar,Male,wadescott@example.com,+91-3458591731,India,Chennai,Silver,2021-08-28
3315,James,Mora,Other,khayes@example.net,+91-4765142953,India,Vijayawada,Bronze,2021-07-18
3316,Patrick,Lowery,Female,heidi48@example.com,+91-1433874946,India,Chennai,Silver,2021-12-31
3317,Kyle,Boyle,Female,ferrellamber@example.org,+91-1941628119,India,Madurai,Gold,2016-06-06
3318,Andrew,Flowers,Male,kimberlyroman@example.com,(452)581-1708x4616,Morocco,Singapore,Bronze,2023-08-30
3319,Dorothy,Turner,Other,garycooper@example.org,+91-9854927218,India,Mysore,Bronze,2023-06-06
3320,Tina,Payne,Female,carrdebra@example.com,+91-2976663419,India,Bangalore,Silver,2017-02-10
3321,Dorothy,Ryan,Female,leslie93@example.org,001-965-200-7979x700,Norway,Sydney,Gold,2020-06-28
3322,Tabitha,Long,Male,angel29@example.com,+91-6287830984,India,Madurai,Silver,2020-08-16
3323,Rebecca,Lopez,Other,catherine17@example.net,893.506.5207x489,Nauru,Los Angeles,Bronze,2019-01-28
3324,Scott,Gilmore,Female,lisaroberts@example.net,+91-5491327621,India,Bangalore,Gold,2021-09-26
3325,Michael,Baker,Male,ovelasquez@example.org,+91-4407202825,India,Mysore,Silver,2022-04-19
3326,David,Stephenson,Female,millerkyle@example.net,+91-3606516573,India,Madurai,Bronze,2024-08-21
3327,Tyler,Cruz,Female,kevin68@example.org,436.779.4752,Tonga,Los Angeles,Gold,2018-02-19
3328,Dawn,Wiggins,Male,melvinweber@example.net,+91-5012310101,India,Mysore,Bronze,2019-06-23
3329,Raymond,Nelson,Male,thomasrobert@example.net,+91-3750455310,India,Vijayawada,Silver,2024-06-28
3330,Shawn,Payne,Male,richardsonpaul@example.net,+91-838210073,India,Coimbatore,Platinum,2015-12-22
3331,Natalie,Pierce,Female,ericafowler@example.net,+91-7037319308,India,Thiruvananthapuram,Bronze,2015-11-15
3332,Shawn,Myers,Female,wallstaylor@example.com,+91-2697509127,India,Coimbatore,Silver,2020-03-01
3333,Michael,Reyes,Male,billymoore@example.net,+91-867540610,India,Mysore,Silver,2023-10-11
3334,Autumn,Anderson,Other,seth69@example.net,+91-6388029321,India,Vijayawada,Bronze,2022-10-11
3335,Tyler,Brown,Female,moniquebradley@example.org,+91-5221597793,India,Visakhapatnam,Silver,2021-06-18
3336,Richard,Romero,Female,xgibson@example.com,+91-2958214033,India,Visakhapatnam,Silver,2024-01-22
3337,Lisa,Crane,Other,bwalker@example.net,+91-3000327983,India,Coimbatore,Silver,2023-03-26
3338,Joseph,Kennedy,Male,megan15@example.org,+91-9666633494,India,Hyderabad,Gold,2019-11-20
3339,Adam,Barker,Female,diana26@example.com,+91-5273245091,India,Madurai,Bronze,2022-03-05
3340,Alan,Hall,Female,wbailey@example.org,+1-718-392-4296x60007,Honduras,Paris,Bronze,2022-12-08
3341,Cynthia,Fletcher,Female,awebb@example.org,+91-3193144108,India,Thiruvananthapuram,Bronze,2018-11-22
3342,Grant,Ellis,Male,carterheather@example.org,+91-6932704364,India,Vijayawada,Gold,2019-05-12
3343,Joanna,Parker,Male,johnrodriguez@example.net,+91-8293977669,India,Hyderabad,Silver,2022-12-21
3344,Brittany,Hoffman,Male,smithdiana@example.net,+91-3579660271,India,Chennai,Gold,2025-03-03
3345,Meghan,Crane,Male,katherinejones@example.net,+91-7273726236,India,Chennai,Platinum,2017-03-18
3346,Russell,Lee,Male,christopherelliott@example.net,+91-9378023784,India,Vijayawada,Bronze,2023-06-20
3347,Tina,Adams,Other,bchristensen@example.net,+91-995278132,India,Kochi,Silver,2018-10-08
3348,Chelsea,Riley,Other,carlperez@example.net,+91-3766032657,India,Mysore,Bronze,2016-11-10
3349,Christina,Perkins,Male,joan73@example.org,+1-899-926-9836x80024,Tajikistan,Sydney,Bronze,2015-06-04
3350,Jeff,Olson,Female,nwood@example.com,+91-8743690756,India,Hyderabad,Bronze,2017-02-27
3351,James,Brown,Other,millsmatthew@example.org,+1-783-455-5248x7152,Argentina,Sydney,Bronze,2024-04-26
3352,Stephanie,Nelson,Male,kentarmstrong@example.com,442-308-1474x2555,Japan,Los Angeles,Platinum,2016-06-19
3353,Nicholas,Daniel,Male,ayalachristina@example.com,001-777-683-5131,Bangladesh,Singapore,Gold,2021-02-19
3354,Raymond,Rogers,Other,jprice@example.org,+91-192391346,India,Mysore,Gold,2022-06-27
3355,Cindy,Larson,Other,rachel77@example.net,(733)414-1352,Saint Barthelemy,Singapore,Silver,2019-10-10
3356,Angela,Torres,Female,amanda47@example.org,+91-1991967983,India,Madurai,Gold,2019-06-24
3357,Phillip,Townsend,Female,juliajackson@example.org,9543623328,Zimbabwe,Toronto,Gold,2018-11-10
3358,John,Williams,Male,qharrington@example.com,+91-5484783744,India,Kochi,Platinum,2018-02-08
3359,Sarah,Chan,Male,william59@example.com,+91-246988794,India,Vijayawada,Bronze,2018-05-21
3360,Veronica,Gardner,Other,jessicabarrett@example.org,+91-4167939928,India,Visakhapatnam,Silver,2024-05-07
3361,Michael,Shields,Male,gardnerjennifer@example.org,+91-7946385205,India,Visakhapatnam,Silver,2021-01-19
3362,Roger,Rodgers,Other,autumnfisher@example.org,784.770.5728x5531,Heard Island and McDonald Islands,Dubai,Silver,2022-05-29
3363,Charles,Ferguson,Male,kramerbrianna@example.org,268.626.6133x78900,Armenia,Tokyo,Gold,2022-10-18
3364,Peter,Pace,Other,michele07@example.net,708.661.0590,Cocos (Keeling) Islands,Dubai,Bronze,2017-03-09
3365,Edward,Monroe,Other,cgraves@example.com,310-427-1756,Jersey,New York,Silver,2019-08-08
3366,Theresa,Coleman,Female,xjones@example.net,+91-5257172186,India,Kochi,Platinum,2021-03-11
3367,Michael,Martin,Male,shawscott@example.org,(781)407-5806,Mali,Singapore,Bronze,2020-04-16
3368,Morgan,Adams,Male,savannahmaynard@example.net,+91-6371778900,India,Visakhapatnam,Gold,2020-02-27
3369,Erin,Saunders,Other,sarahwhite@example.net,+91-2828978618,India,Mysore,Bronze,2021-02-23
3370,Jackie,Vasquez,Male,danieldouglas@example.net,+91-3633831759,India,Bangalore,Silver,2020-09-30
3371,Darlene,Howard,Male,kwright@example.net,+91-288209441,India,Vijayawada,Gold,2025-03-06
3372,Troy,Smith,Other,latasha02@example.net,+91-1966853418,India,Chennai,Gold,2019-10-13
3373,Rachel,Singleton,Female,toddwilson@example.com,+91-7936372228,India,Coimbatore,Bronze,2020-04-08
3374,Sarah,Meyers,Other,danielsutton@example.org,+91-7123433754,India,Kochi,Bronze,2020-09-11
3375,Kim,Rhodes,Other,rhayes@example.org,+91-4949323600,India,Visakhapatnam,Gold,2015-08-23
3376,Jeffery,Lynch,Male,jessicawheeler@example.com,564-714-2634x617,Monaco,London,Silver,2018-03-03
3377,Alex,Myers,Female,dbowen@example.net,+91-8150903052,India,Madurai,Bronze,2023-08-22
3378,Kevin,Roman,Female,julieallen@example.org,+91-8931508196,India,Thiruvananthapuram,Platinum,2020-02-29
3379,Katherine,Kirk,Other,ijohnson@example.org,+1-654-251-9803x75180,French Guiana,London,Gold,2019-08-13
3380,Jennifer,Smith,Male,amccormick@example.net,5907482480,Morocco,Berlin,Bronze,2020-02-28
3381,Emily,Lopez,Other,michaelmunoz@example.org,(498)896-1709x814,Malaysia,Dubai,Platinum,2025-03-20
3382,Patricia,Giles,Male,smithnancy@example.org,+91-6999835215,India,Chennai,Gold,2023-01-27
3383,Victoria,Holland,Female,kirkhogan@example.net,+91-8864386832,India,Kochi,Platinum,2017-09-02
3384,Sara,Yang,Other,brianmoon@example.com,+91-6013131046,India,Chennai,Bronze,2024-07-04
3385,Kathryn,Mason,Male,paula76@example.org,+91-7068235894,India,Bangalore,Gold,2020-06-09
3386,Gabriel,Jackson,Other,igarcia@example.net,+91-7559111575,India,Coimbatore,Silver,2018-01-21
3387,Paige,Griffith,Other,luishughes@example.com,+91-507246994,India,Coimbatore,Silver,2019-03-14
3388,Mary,Graham,Female,ksantos@example.org,+91-4187841633,India,Bangalore,Platinum,2017-11-05
3389,Ashley,Hughes,Other,brian45@example.org,(615)768-5904x349,Senegal,Tokyo,Bronze,2022-03-29
3390,Steven,Hull,Female,mathisbarbara@example.org,+91-57622196,India,Coimbatore,Silver,2021-04-21
3391,Krystal,Morris,Male,cantrellangela@example.com,+91-6052965158,India,Madurai,Silver,2017-12-16
3392,Amanda,Campos,Other,umiller@example.net,+1-843-912-4606x5042,United States Minor Outlying Islands,Los Angeles,Silver,2018-07-24
3393,Ann,Sanchez,Female,elizabethmurphy@example.com,(292)654-7359,Estonia,Dubai,Bronze,2015-11-30
3394,Robin,Davis,Female,chungfrederick@example.net,+91-7753450738,India,Madurai,Gold,2018-04-10
3395,Nathan,Campbell,Male,brittney40@example.net,+91-916363642,India,Chennai,Silver,2023-12-16
3396,Chelsea,Sanchez,Male,pwilliams@example.com,594-212-0843x680,Myanmar,Sydney,Silver,2025-01-11
3397,Lori,Brown,Male,nstone@example.org,762-684-4550x204,Portugal,New York,Bronze,2019-11-14
3398,Raven,Murphy,Male,stewartbarbara@example.net,+91-4419330422,India,Visakhapatnam,Bronze,2025-04-11
3399,Jason,Moore,Female,paulhernandez@example.net,544.357.8633x176,Togo,Los Angeles,Gold,2021-07-27
3400,Peter,Wolf,Other,qchambers@example.net,+91-345603986,India,Mysore,Silver,2018-11-29
3401,Dawn,Garza,Female,karengarza@example.net,+91-752612833,India,Hyderabad,Bronze,2020-01-11
3402,Todd,Tucker,Other,adrianclark@example.com,670-830-9658,Cayman Islands,Tokyo,Bronze,2016-01-30
3403,Rebecca,Reynolds,Other,jsimmons@example.com,+91-7034610148,India,Coimbatore,Gold,2018-06-23
3404,Shane,Cox,Male,sperez@example.com,+91-2372611181,India,Vijayawada,Gold,2015-11-12
3405,Samantha,Jordan,Male,karen41@example.net,+91-2159903406,India,Thiruvananthapuram,Platinum,2018-08-22
3406,Spencer,Ramirez,Female,dstanley@example.org,+91-1926195403,India,Madurai,Silver,2015-10-23
3407,Annette,Mcmahon,Other,charles64@example.com,+91-641960139,India,Bangalore,Bronze,2024-06-21
3408,Brandon,Patel,Male,zpatterson@example.net,+91-6272556485,India,Madurai,Silver,2021-11-27
3409,Jessica,Velasquez,Other,michaelrose@example.com,491.428.7348,Zimbabwe,Toronto,Bronze,2020-05-03
3410,Thomas,Stone,Other,johnyoder@example.com,+91-3224137408,India,Mysore,Platinum,2018-03-27
3411,Samuel,Spencer,Other,barnesmichael@example.org,+91-3441447663,India,Thiruvananthapuram,Gold,2020-07-15
3412,Brian,Kim,Male,piercepaula@example.net,+91-7634667899,India,Thiruvananthapuram,Platinum,2020-10-01
3413,Brenda,Smith,Female,scruz@example.net,+91-774170536,India,Vijayawada,Bronze,2024-08-01
3414,Ryan,Crosby,Other,nharrington@example.org,3164725682,Bangladesh,Paris,Platinum,2017-01-21
3415,Julia,Avery,Female,perezkimberly@example.com,+91-5510331892,India,Coimbatore,Silver,2020-07-23
3416,Ashley,Osborn,Other,fergusondavid@example.org,+91-5234572976,India,Bangalore,Bronze,2016-03-02
3417,Jessica,Blackwell,Female,mindy02@example.com,6426571473,Ireland,Toronto,Silver,2023-05-12
3418,Christopher,Perez,Female,jason52@example.net,001-845-876-4729x71896,Croatia,Paris,Silver,2016-03-28
3419,Angela,Jones,Female,nstone@example.net,+91-8347585239,India,Kochi,Bronze,2020-04-14
3420,Robert,Sanchez,Female,mendezkristina@example.com,+91-9630130824,India,Kochi,Bronze,2018-04-02
3421,Monique,Hayes,Female,brittanyschmidt@example.net,+91-3232862302,India,Coimbatore,Bronze,2020-11-15
3422,George,Wright,Male,robertsmary@example.org,+91-8141475204,India,Bangalore,Bronze,2019-03-31
3423,Marie,Kramer,Female,barmstrong@example.net,+91-1275946011,India,Hyderabad,Bronze,2023-10-21
3424,Katie,Goodwin,Male,ccollins@example.com,+91-4626892832,India,Hyderabad,Silver,2018-06-08
3425,Adam,Johnson,Female,wvelazquez@example.org,+91-5772473340,India,Vijayawada,Bronze,2021-04-18
3426,Rodney,Sloan,Female,nwilliams@example.net,+91-8848183470,India,Chennai,Silver,2016-11-23
3427,Yolanda,Duarte,Male,gutierrezbruce@example.net,+91-2280560977,India,Chennai,Gold,2019-04-25
3428,Jennifer,Fuentes,Other,sherylmcpherson@example.com,+91-955509430,India,Chennai,Silver,2015-09-15
3429,Matthew,Morse,Female,jerryguerrero@example.org,+91-1314327940,India,Thiruvananthapuram,Bronze,2016-11-13
3430,Larry,Castillo,Other,hrobinson@example.com,564.354.1505,Japan,London,Silver,2016-12-21
3431,Ryan,York,Female,qmatthews@example.org,+91-6110427484,India,Bangalore,Bronze,2018-08-06
3432,Andrew,Palmer,Male,jennifermosley@example.net,+91-5746429740,India,Hyderabad,Gold,2015-06-16
3433,Dustin,Blankenship,Other,fosterdaniel@example.net,+91-4568437352,India,Kochi,Gold,2018-04-05
3434,Diana,Thompson,Other,umartin@example.net,+91-8722072066,India,Bangalore,Bronze,2021-11-03
3435,Amanda,Hays,Female,walshpatrick@example.com,+91-3250563741,India,Thiruvananthapuram,Bronze,2024-08-11
3436,Thomas,Davis,Other,sullivanrebecca@example.org,+91-9119072199,India,Chennai,Bronze,2018-11-03
3437,Susan,Jones,Other,rachelhardin@example.net,+91-7860731289,India,Visakhapatnam,Bronze,2020-08-21
3438,Chad,Edwards,Other,kennethpark@example.org,+91-1701053294,India,Hyderabad,Gold,2023-07-18
3439,Karen,Turner,Female,kristen55@example.net,+91-616336621,India,Visakhapatnam,Platinum,2022-12-01
3440,Paige,Castillo,Male,lopezdebra@example.com,+91-5164962579,India,Kochi,Platinum,2023-05-26
3441,Mark,Rice,Male,hamiltondonna@example.com,+91-6628854588,India,Kochi,Silver,2019-01-14
3442,Joshua,Shaw,Other,jamesbaker@example.com,+91-9618878103,India,Hyderabad,Silver,2021-05-05
3443,Martin,Andersen,Female,patricia25@example.com,+91-7280576599,India,Kochi,Bronze,2016-03-22
3444,Alex,King,Male,sonia86@example.org,+91-8763395976,India,Madurai,Gold,2020-09-15
3445,Paul,Powell,Other,zmcguire@example.com,+91-1945066125,India,Madurai,Gold,2016-01-06
3446,Christopher,Andrews,Female,markwillis@example.com,+91-3525550975,India,Madurai,Bronze,2017-07-15
3447,Linda,Pena,Male,barrerajanice@example.com,+91-6626487858,India,Madurai,Bronze,2021-03-13
3448,Jason,Johnson,Other,wilsonronald@example.net,+91-4434110681,India,Kochi,Gold,2018-03-14
3449,Andrea,Cardenas,Female,lwilson@example.net,+91-2339964271,India,Kochi,Silver,2025-01-17
3450,Nicole,Jones,Male,john09@example.com,+91-8768018367,India,Vijayawada,Silver,2024-05-16
3451,Laura,Dennis,Female,jasminebarron@example.net,+91-6381867284,India,Coimbatore,Bronze,2019-05-09
3452,Lisa,Krause,Male,wjohnson@example.org,+91-8556067397,India,Mysore,Bronze,2017-07-25
3453,Paul,Barrett,Other,stewartcarol@example.net,+91-9215421205,India,Thiruvananthapuram,Silver,2019-04-30
3454,Donald,Mclaughlin,Other,kenneth10@example.org,+91-9937118260,India,Kochi,Silver,2020-04-20
3455,Briana,Fowler,Female,rivasrobert@example.com,+91-7949725708,India,Bangalore,Bronze,2018-08-15
3456,Ralph,Dean,Male,richardjackson@example.net,756-524-6423,Turks and Caicos Islands,Singapore,Bronze,2019-09-19
3457,John,Walker,Other,sotojohn@example.net,(726)701-6713x568,Oman,London,Platinum,2023-10-10
3458,Victoria,Barrett,Male,ymolina@example.org,+91-419794582,India,Madurai,Gold,2022-09-07
3459,Madison,Brandt,Other,rachel80@example.net,+91-7359576591,India,Bangalore,Bronze,2019-01-02
3460,Samuel,Randall,Female,iansullivan@example.org,+91-6093345945,India,Kochi,Bronze,2017-12-01
3461,Courtney,Wiggins,Female,tmason@example.net,+91-7527144633,India,Thiruvananthapuram,Bronze,2022-06-06
3462,Michael,Raymond,Female,michaelcarroll@example.org,+91-7831918822,India,Madurai,Gold,2024-05-30
3463,Natalie,Bowman,Other,mcox@example.org,+91-1791503912,India,Madurai,Platinum,2020-11-13
3464,Lisa,West,Male,proman@example.com,+1-372-690-764,Qatar,Dubai,Bronze,2019-06-03
3465,Reginald,Andrade,Female,tbell@example.com,+91-369719660,India,Vijayawada,Bronze,2024-03-19
3466,Daniel,Lawrence,Female,blanchardjustin@example.org,+91-3686861852,India,Thiruvananthapuram,Bronze,2025-04-15
3467,Marilyn,Jones,Other,shannon99@example.com,+91-153595978,India,Madurai,Platinum,2023-08-10
3468,Seth,Brewer,Male,lopezemily@example.com,+91-7857634747,India,Vijayawada,Bronze,2024-01-25
3469,Barbara,Stanley,Other,monicasantiago@example.net,+91-3500887325,India,Coimbatore,Bronze,2019-10-25
3470,Maria,Wolf,Male,danielweiss@example.net,+91-1167121856,India,Thiruvananthapuram,Gold,2025-03-15
3471,Jon,Cooper,Female,hollyherring@example.net,+91-7251440375,India,Bangalore,Bronze,2024-03-27
3472,Andrea,Sellers,Male,nicholaspennington@example.com,+91-4854971341,India,Visakhapatnam,Bronze,2025-03-10
3473,Eric,Jordan,Other,jennifer68@example.org,+91-5830996633,India,Visakhapatnam,Gold,2020-05-25
3474,Brenda,Johnson,Male,petermoore@example.org,+91-3690903554,India,Chennai,Platinum,2015-10-19
3475,Julie,Glenn,Female,curtis20@example.net,(227)914-8471,Netherlands Antilles,Sydney,Silver,2025-01-16
3476,Mark,Davies,Male,ashley29@example.org,+91-9712960056,India,Vijayawada,Gold,2016-10-27
3477,Christopher,Davis,Male,briannabarker@example.org,+91-2760595189,India,Vijayawada,Platinum,2015-12-18
3478,Benjamin,Dominguez,Female,codykennedy@example.com,+91-2236702642,India,Bangalore,Bronze,2018-05-31
3479,Shannon,Lewis,Female,williamsstephen@example.net,+91-5239482452,India,Chennai,Gold,2018-07-15
3480,Benjamin,Avila,Female,michaelburns@example.com,+91-2806749907,India,Coimbatore,Bronze,2015-12-06
3481,Krystal,Jackson,Other,igraham@example.net,+91-109866221,India,Kochi,Silver,2023-05-31
3482,Abigail,Sloan,Other,brandonwebb@example.net,+91-7955586668,India,Visakhapatnam,Silver,2016-06-19
3483,Kenneth,Sandoval,Male,nruiz@example.net,+91-5592428739,India,Coimbatore,Silver,2018-03-23
3484,Jeff,Hall,Female,allisonjackson@example.com,+91-7376391472,India,Vijayawada,Gold,2019-05-05
3485,John,Rodriguez,Male,johncox@example.com,+91-8790054872,India,Chennai,Silver,2018-10-30
3486,Antonio,Russell,Other,jacquelineferrell@example.org,302-252-4728,Benin,Dubai,Bronze,2018-01-28
3487,Nancy,Freeman,Male,michaelmiller@example.net,778-997-6468x0067,Uganda,Tokyo,Bronze,2023-01-24
3488,Cody,Patterson,Female,stephenortiz@example.net,+91-2009644466,India,Vijayawada,Bronze,2024-11-09
3489,Louis,Smith,Female,ian94@example.net,+91-8253067156,India,Coimbatore,Bronze,2020-08-16
3490,Carlos,Kramer,Male,morrisoncheryl@example.net,+91-6022825007,India,Hyderabad,Bronze,2025-02-16
3491,Sean,Gonzales,Male,jason66@example.com,+91-5074608400,India,Vijayawada,Platinum,2020-12-02
3492,Julie,Martin,Female,campbellanne@example.org,+91-9322905309,India,Hyderabad,Silver,2021-04-22
3493,Steven,Gibson,Female,shannonbrown@example.org,+91-2692093175,India,Madurai,Gold,2019-11-24
3494,Carolyn,Wong,Male,walshtimothy@example.net,+91-306240795,India,Thiruvananthapuram,Gold,2016-02-04
3495,Kathleen,Castro,Male,nicoledavis@example.net,(291)658-7632,China,Paris,Gold,2015-08-15
3496,Kim,Rodriguez,Other,andrew08@example.com,246.884.2432x6893,South Africa,Dubai,Bronze,2021-09-10
3497,George,Allen,Female,wendy85@example.net,+91-1998630359,India,Visakhapatnam,Gold,2017-11-21
3498,Kelly,Gutierrez,Other,lindathomas@example.com,+91-5772842333,India,Hyderabad,Bronze,2023-08-20
3499,Gary,Ellis,Other,loweryjames@example.com,(859)659-3510x0560,Vietnam,Dubai,Platinum,2020-10-04
3500,Kelsey,Anderson,Female,margaret82@example.net,358.238.3315x235,Finland,Berlin,Gold,2017-06-04
3501,Rodney,Austin,Other,tammyroman@example.net,+91-7457938851,India,Kochi,Platinum,2024-11-11
3502,Howard,Hall,Male,vmiller@example.com,+91-7613616469,India,Bangalore,Platinum,2024-08-20
3503,Michael,Mathis,Male,robertsonjohn@example.com,+91-4300035541,India,Visakhapatnam,Bronze,2022-09-07
3504,Rachel,Saunders,Female,suttonthomas@example.net,+1-490-626-4521x3587,Uzbekistan,Tokyo,Gold,2022-05-24
3505,Heidi,Graves,Other,ujohnson@example.org,+91-883880567,India,Thiruvananthapuram,Bronze,2024-09-20
3506,Laurie,Vasquez,Female,daniel03@example.com,+91-1604105380,India,Visakhapatnam,Silver,2018-07-18
3507,Debra,Pham,Other,kaylamartin@example.net,+91-229403725,India,Bangalore,Gold,2021-07-26
3508,Elijah,Russell,Female,curtisramos@example.net,+91-4378882541,India,Bangalore,Bronze,2016-11-11
3509,William,Castillo,Female,hayessean@example.net,001-304-307-6927,Greenland,Paris,Gold,2018-12-18
3510,Ryan,Henry,Other,penny17@example.net,+91-9154651188,India,Visakhapatnam,Gold,2019-12-02
3511,Susan,Smith,Other,robert66@example.org,+91-9068396486,India,Madurai,Platinum,2020-10-07
3512,Erin,Anthony,Other,lstrong@example.com,+91-6952241146,India,Coimbatore,Gold,2024-01-14
3513,Christopher,Burch,Female,kurtjimenez@example.org,+91-2159437671,India,Visakhapatnam,Silver,2025-03-05
3514,Crystal,Kennedy,Male,smithjoseph@example.net,+91-6059088823,India,Mysore,Platinum,2023-05-06
3515,Jesse,Scott,Male,brittany07@example.org,918-331-9824,Ghana,Sydney,Silver,2015-07-17
3516,John,Knox,Male,michael15@example.org,(823)453-7810,Moldova,New York,Gold,2023-06-08
3517,Eileen,Frazier,Female,washingtonabigail@example.org,+91-3090971219,India,Thiruvananthapuram,Bronze,2022-08-27
3518,Stephen,Delgado,Male,yferguson@example.com,+91-7633102924,India,Hyderabad,Gold,2025-02-04
3519,Harold,Mcdonald,Other,harold29@example.org,+91-3255773898,India,Vijayawada,Bronze,2020-06-25
3520,Brian,Zimmerman,Female,ejohnson@example.org,001-583-417-2909,Bahamas,Los Angeles,Silver,2022-01-19
3521,Carolyn,Martinez,Other,donna15@example.com,+91-291955087,India,Vijayawada,Gold,2023-09-25
3522,Deborah,Adams,Other,bglenn@example.net,+91-9884051453,India,Madurai,Bronze,2017-10-10
3523,Monica,Nguyen,Other,lauren33@example.net,+91-416520383,India,Thiruvananthapuram,Bronze,2017-12-16
3524,Diane,Schmidt,Other,parnold@example.org,+91-3881332117,India,Hyderabad,Silver,2018-04-10
3525,Brittney,Maxwell,Male,lawsonkaitlin@example.net,+91-6598177253,India,Visakhapatnam,Bronze,2018-07-01
3526,Samantha,Leon,Male,jsellers@example.com,+91-543037541,India,Kochi,Bronze,2022-03-09
3527,Barbara,Mcdonald,Female,psteele@example.org,+91-7129272488,India,Thiruvananthapuram,Bronze,2016-08-29
3528,Kathy,Clayton,Other,houstonjamie@example.org,390.402.9967x554,Saint Lucia,London,Bronze,2015-07-01
3529,Samantha,Lopez,Male,williamscarl@example.net,+91-4552646725,India,Kochi,Gold,2019-12-28
3530,Angela,Gomez,Other,angela08@example.com,222-229-0647x8191,Ghana,London,Bronze,2017-12-30
3531,Michael,Myers,Male,lawrencedaniel@example.net,+91-6032550522,India,Hyderabad,Bronze,2016-11-04
3532,Christopher,Murphy,Other,tonygordon@example.com,+91-5524514761,India,Hyderabad,Silver,2024-12-30
3533,Briana,Roberts,Female,mathismichael@example.com,+91-5163605852,India,Visakhapatnam,Gold,2019-02-07
3534,Kevin,Gross,Female,vyoung@example.com,+91-6839901643,India,Madurai,Silver,2022-10-08
3535,Tyler,Reed,Other,sgriffith@example.org,+91-9328818133,India,Hyderabad,Bronze,2017-09-01
3536,Miranda,Fowler,Female,zhunter@example.com,+91-3750814934,India,Visakhapatnam,Bronze,2022-02-02
3537,Jeanette,Terrell,Female,chapmanruth@example.org,+91-6764059908,India,Visakhapatnam,Silver,2020-10-17
3538,Alison,Collins,Other,efletcher@example.com,+91-7192211450,India,Madurai,Gold,2021-03-28
3539,Christina,Adams,Female,christopher96@example.org,+91-6978051860,India,Mysore,Bronze,2024-08-31
3540,Melinda,Morrison,Other,usmith@example.net,001-280-779-4840,South Africa,Los Angeles,Bronze,2016-04-01
3541,Randall,Moore,Male,uguzman@example.com,407-597-4273x6458,Rwanda,Los Angeles,Bronze,2023-11-07
3542,Justin,Medina,Male,manderson@example.net,+91-4296123740,India,Thiruvananthapuram,Gold,2021-05-10
3543,Kimberly,Arnold,Female,shannoncastro@example.org,+91-5046553316,India,Coimbatore,Bronze,2024-10-14
3544,Scott,Mcgee,Other,reevesdaniel@example.com,+91-6511947144,India,Thiruvananthapuram,Silver,2018-05-08
3545,Tara,Holloway,Other,jacqueline85@example.com,863.547.8426x1353,Saint Helena,Dubai,Bronze,2024-08-15
3546,David,Phillips,Female,erica94@example.org,+91-2299508399,India,Vijayawada,Silver,2018-09-15
3547,Tina,Anderson,Male,ybarnes@example.org,001-481-378-5383x553,Sao Tome and Principe,Singapore,Silver,2023-02-12
3548,Teresa,Robinson,Male,daviscarolyn@example.org,866-689-7094x33530,Trinidad and Tobago,Tokyo,Gold,2018-04-15
3549,Michael,Carter,Other,martinapril@example.com,+91-1390182314,India,Visakhapatnam,Gold,2017-03-28
3550,James,Reeves,Female,awelch@example.org,+91-3225034074,India,Madurai,Platinum,2023-10-17
3551,Jasmine,Hawkins,Male,walkerbrittany@example.org,+91-660798913,India,Thiruvananthapuram,Bronze,2022-02-13
3552,Dawn,Glass,Male,waltonjohn@example.com,+91-678881656,India,Kochi,Bronze,2021-12-02
3553,Jasmine,Bradford,Other,yleach@example.net,+91-403328168,India,Bangalore,Gold,2020-07-01
3554,Anna,Kennedy,Other,contrerasbrooke@example.org,+91-4779358773,India,Vijayawada,Silver,2016-03-06
3555,April,Rollins,Female,michelle02@example.net,+91-7571005373,India,Kochi,Bronze,2019-07-11
3556,Emma,Murphy,Female,joerodriguez@example.com,+91-2545628958,India,Madurai,Bronze,2019-10-11
3557,John,Lyons,Male,smithsabrina@example.net,+91-1663923505,India,Thiruvananthapuram,Silver,2015-05-07
3558,Alyssa,Mcgee,Other,troymiller@example.net,+91-9638073608,India,Vijayawada,Silver,2021-11-13
3559,Patricia,Bauer,Male,margaret65@example.org,001-549-637-5123x3446,Nepal,Singapore,Bronze,2024-10-20
3560,Emily,Cobb,Female,davidross@example.com,+91-4280755298,India,Mysore,Bronze,2019-10-15
3561,Kimberly,Morris,Other,maldonadobrian@example.net,+91-3324131097,India,Chennai,Gold,2021-09-30
3562,Kelly,Newman,Other,javierrodgers@example.com,+91-1874010124,India,Hyderabad,Silver,2017-11-02
3563,Jennifer,Parker,Other,berryjohn@example.net,+91-2389846313,India,Mysore,Gold,2023-05-09
3564,Ryan,Flores,Male,roberta22@example.org,+91-61628469,India,Bangalore,Gold,2023-06-27
3565,Michael,Jones,Other,aramsey@example.com,+91-1106640193,India,Vijayawada,Platinum,2016-03-18
3566,Noah,Martin,Male,thomasadam@example.org,+91-6115788984,India,Coimbatore,Bronze,2022-07-19
3567,Kyle,Gentry,Female,christopher17@example.net,+91-2438689550,India,Thiruvananthapuram,Silver,2016-04-15
3568,Susan,Watkins,Male,asmith@example.net,+91-9729598024,India,Thiruvananthapuram,Silver,2024-05-25
3569,Rodney,Weber,Female,kurt64@example.com,+91-1374898518,India,Thiruvananthapuram,Silver,2023-07-10
3570,Brandy,Maddox,Female,fprice@example.org,+91-6188162917,India,Chennai,Bronze,2017-08-24
3571,Stephanie,Scott,Male,jbridges@example.net,+91-6414516536,India,Bangalore,Platinum,2017-09-26
3572,Christina,Brown,Male,kennethferguson@example.com,+91-7689247261,India,Vijayawada,Platinum,2017-10-28
3573,Heidi,Harris,Other,hbuckley@example.com,+91-9174963517,India,Coimbatore,Silver,2016-07-25
3574,Lawrence,Thomas,Other,jacquelinehouston@example.net,+91-6785769262,India,Hyderabad,Gold,2019-11-28
3575,Albert,Herring,Male,courtneystewart@example.net,960.820.7776x38779,Greenland,Toronto,Gold,2022-05-11
3576,Darrell,Bond,Other,amanda63@example.com,+91-9021259725,India,Mysore,Gold,2022-07-30
3577,Lori,Lynn,Female,jillian32@example.org,+91-8781218086,India,Madurai,Bronze,2024-09-01
3578,Justin,Nelson,Other,suzanne49@example.org,+1-599-572-77,Norfolk Island,Dubai,Bronze,2022-01-09
3579,Jeremy,Martin,Other,nicholas94@example.com,+91-1887239938,India,Hyderabad,Gold,2019-12-03
3580,Alisha,Nash,Other,qkennedy@example.net,+91-7875549397,India,Hyderabad,Bronze,2018-09-12
3581,Sergio,Guerrero,Female,richmonddavid@example.org,+91-8822809992,India,Bangalore,Bronze,2018-09-06
3582,Mary,White,Female,amanda23@example.com,001-566-334-6850x06987,Slovakia (Slovak Republic),Singapore,Silver,2015-09-02
3583,Jessica,Garcia,Female,raygeoffrey@example.net,+91-3883138794,India,Madurai,Silver,2015-06-04
3584,Jonathan,Wallace,Other,brianwatson@example.com,+91-5944618362,India,Madurai,Gold,2017-12-02
3585,Joshua,Wood,Other,bgay@example.org,850.984.1098x8374,Suriname,Berlin,Bronze,2020-10-17
3586,Lisa,Diaz,Male,smithcurtis@example.org,+91-507097392,India,Mysore,Bronze,2015-12-05
3587,Daniel,Hill,Other,crystal41@example.net,+91-5764695598,India,Thiruvananthapuram,Bronze,2024-05-25
3588,Lauren,Taylor,Male,charlessmith@example.com,+91-4689294464,India,Madurai,Platinum,2022-11-27
3589,Nicholas,Gordon,Other,archermatthew@example.net,606-603-1537x58554,Solomon Islands,Los Angeles,Gold,2023-03-27
3590,Robert,Boyd,Male,lori50@example.com,+91-95146581,India,Visakhapatnam,Gold,2023-12-26
3591,Linda,Hayes,Other,carriemccoy@example.com,+91-2849150613,India,Thiruvananthapuram,Platinum,2022-10-28
3592,Jose,Scott,Female,amanda46@example.net,+91-2119844119,India,Kochi,Silver,2018-07-05
3593,Stephanie,Peters,Other,rodrigueztravis@example.net,001-295-405-9685x89638,Morocco,Paris,Platinum,2019-02-07
3594,Elizabeth,Johnson,Male,ygonzales@example.net,(840)341-6568x2272,Western Sahara,New York,Bronze,2016-12-07
3595,Evan,Perry,Male,kellydavidson@example.com,518-269-5451x7843,Egypt,Toronto,Bronze,2022-07-24
3596,David,Moore,Female,justinklein@example.org,+91-9338331437,India,Vijayawada,Gold,2016-07-23
3597,Jeremy,Pittman,Female,sheila38@example.net,(391)795-3922x245,Congo,London,Gold,2024-06-04
3598,Seth,Harris,Other,wparker@example.org,+91-1692894137,India,Mysore,Silver,2024-04-29
3599,Elizabeth,Jones,Female,gleonard@example.com,+91-9095077341,India,Vijayawada,Platinum,2021-08-12
3600,Michael,Burgess,Other,rjordan@example.com,+91-2780458696,India,Thiruvananthapuram,Silver,2023-06-24
3601,Ashley,Ward,Male,landerson@example.org,+91-8896683455,India,Madurai,Silver,2017-01-07
3602,Sharon,Rosario,Female,rgibson@example.com,+91-3851440194,India,Madurai,Bronze,2020-11-30
3603,Brian,Burton,Female,pestrada@example.com,+1-297-239-1118x328,Wallis and Futuna,Berlin,Gold,2015-11-11
3604,Janet,Lee,Male,landrysheri@example.net,+91-3352484338,India,Coimbatore,Silver,2019-05-01
3605,Michelle,Conner,Female,laurierobinson@example.net,+91-6034246801,India,Madurai,Bronze,2020-04-19
3606,Theresa,Mcmillan,Female,rallen@example.org,+91-8002906359,India,Thiruvananthapuram,Bronze,2016-04-21
3607,Alexander,Holt,Female,brenda60@example.net,+91-7861112884,India,Kochi,Platinum,2021-05-07
3608,Paul,Shepherd,Male,charlene38@example.com,+91-8333255847,India,Thiruvananthapuram,Gold,2019-11-11
3609,Monica,Nguyen,Other,johnsonelizabeth@example.org,276-345-1935,South Africa,Tokyo,Platinum,2021-10-17
3610,Lisa,Harris,Other,rowechris@example.org,+91-7794515233,India,Vijayawada,Bronze,2019-01-11
3611,Debbie,George,Male,psmith@example.com,(544)658-7106x419,Denmark,New York,Bronze,2019-01-23
3612,Amanda,Lewis,Female,fgray@example.com,+91-9901337446,India,Chennai,Silver,2022-11-28
3613,Ann,Patterson,Other,nancy81@example.org,001-500-601-9698,Svalbard & Jan Mayen Islands,Los Angeles,Gold,2017-01-07
3614,Tyler,Moreno,Male,flowersconnor@example.net,+91-1489185259,India,Thiruvananthapuram,Silver,2015-10-13
3615,Jacqueline,Welch,Male,cassandralewis@example.net,783-735-6600,American Samoa,Tokyo,Silver,2017-10-05
3616,Brianna,Torres,Other,andrewedwards@example.net,+91-6897948225,India,Thiruvananthapuram,Bronze,2024-04-02
3617,Heather,Robinson,Other,wking@example.com,+91-3905110102,India,Madurai,Bronze,2017-05-14
3618,Dawn,Johnson,Other,rita33@example.com,+91-5842006925,India,Chennai,Silver,2021-05-21
3619,Dillon,Moran,Other,peterdillon@example.org,+91-6194002767,India,Madurai,Bronze,2016-01-12
3620,Victoria,Jackson,Male,ramirezemily@example.org,+91-1096084472,India,Visakhapatnam,Gold,2015-11-06
3621,Michael,Wood,Other,garciamegan@example.net,+91-3672663667,India,Thiruvananthapuram,Silver,2016-06-03
3622,Dominique,Brown,Male,reneegonzales@example.org,+91-4799231365,India,Visakhapatnam,Platinum,2022-11-19
3623,Brandon,Mccarthy,Other,harrisrobert@example.com,+91-5071524585,India,Vijayawada,Silver,2024-11-13
3624,Seth,Young,Female,frederickjulie@example.net,532-268-7346x4762,Malta,Dubai,Bronze,2020-10-24
3625,Tara,Peters,Male,ccollins@example.org,+91-8739168463,India,Kochi,Bronze,2021-02-01
3626,Brittany,Cabrera,Female,cjohnson@example.com,+91-7800396837,India,Bangalore,Gold,2020-04-17
3627,Cindy,Murphy,Male,matthewfisher@example.com,+91-3118538341,India,Bangalore,Silver,2017-03-24
3628,Christopher,Robbins,Other,williamsgabriela@example.org,+91-5520940230,India,Thiruvananthapuram,Gold,2024-11-13
3629,Patrick,Moore,Other,benjamin26@example.net,+91-8875349090,India,Bangalore,Gold,2024-05-11
3630,Russell,Stephenson,Male,kennethwebb@example.org,(878)490-7239,Lebanon,Tokyo,Gold,2016-07-12
3631,Andrea,Owens,Other,fordrichard@example.org,+91-4622179898,India,Bangalore,Bronze,2021-07-04
3632,Erica,Atkinson,Female,kristinahart@example.com,+91-2632402720,India,Chennai,Silver,2017-02-18
3633,Shelly,Hester,Other,sjohnson@example.net,+91-540757402,India,Mysore,Bronze,2021-02-15
3634,Rachel,Knight,Male,bellsusan@example.com,+91-3430991071,India,Hyderabad,Gold,2015-10-05
3635,Amanda,Gomez,Male,qgarcia@example.org,+91-3577004544,India,Visakhapatnam,Gold,2018-12-31
3636,Jennifer,Herring,Male,owilliams@example.com,994.642.8859x27635,Netherlands,Los Angeles,Silver,2025-01-31
3637,Gene,Erickson,Male,martinezbruce@example.org,+91-8321796270,India,Coimbatore,Silver,2018-05-15
3638,Tyler,Hill,Male,jgonzalez@example.net,+91-3087707798,India,Visakhapatnam,Gold,2025-01-21
3639,Samantha,Quinn,Female,turnerjared@example.org,+91-4074149913,India,Coimbatore,Bronze,2015-11-20
3640,Monica,Sanchez,Male,debbievazquez@example.org,+91-4450223612,India,Madurai,Bronze,2016-04-03
3641,Sarah,Ramirez,Other,sarah77@example.com,001-818-658-6995,Italy,Singapore,Platinum,2018-03-18
3642,Aaron,Smith,Male,tanner59@example.org,+91-9320719168,India,Vijayawada,Bronze,2023-06-10
3643,Christian,Castillo,Female,washley@example.org,+91-9765703855,India,Mysore,Bronze,2021-09-22
3644,Cindy,Bryant,Other,urobinson@example.com,428.620.0918x172,Guadeloupe,New York,Silver,2019-03-30
3645,Kathryn,Solis,Other,gutierrezcarrie@example.org,+91-3277223283,India,Thiruvananthapuram,Silver,2015-04-30
3646,Cole,Camacho,Female,jamiesimpson@example.net,+91-9279154443,India,Chennai,Silver,2016-12-03
3647,Natalie,Douglas,Male,kchaney@example.net,+91-4538596333,India,Madurai,Bronze,2015-07-10
3648,Amanda,Pittman,Other,garciadeanna@example.org,+91-731174847,India,Mysore,Silver,2015-12-29
3649,Tara,Powers,Male,hgrimes@example.org,+91-3699004280,India,Visakhapatnam,Gold,2019-02-11
3650,Anne,Blevins,Male,danielrodriguez@example.org,+91-7991869221,India,Thiruvananthapuram,Gold,2022-02-26
3651,Daniel,Moore,Male,ehernandez@example.com,+91-496215511,India,Mysore,Bronze,2023-01-01
3652,Melanie,Walker,Male,keverett@example.org,+91-340281472,India,Vijayawada,Gold,2015-12-25
3653,Joseph,Vaughan,Female,jasmine78@example.org,+91-5987892225,India,Coimbatore,Bronze,2016-07-20
3654,John,Reese,Male,xmitchell@example.org,+91-467689233,India,Vijayawada,Silver,2018-10-17
3655,Melody,Nash,Female,theresa39@example.net,+91-2391670461,India,Kochi,Silver,2015-05-08
3656,Samuel,Peterson,Female,galvanelizabeth@example.org,+91-7027010150,India,Hyderabad,Gold,2018-02-25
3657,Jeffrey,Ruiz,Male,uatkins@example.com,+91-5500272491,India,Vijayawada,Gold,2018-03-02
3658,Billy,Cantrell,Male,millerbrandon@example.com,+91-4687540199,India,Madurai,Gold,2016-03-29
3659,Robert,Brown,Other,lechristian@example.org,+91-1210873613,India,Hyderabad,Gold,2021-06-24
3660,Edward,Hernandez,Other,millsmatthew@example.org,+1-541-793-8499,Macao,Los Angeles,Bronze,2019-01-30
3661,Amanda,Reynolds,Other,hburns@example.org,+91-4520996434,India,Thiruvananthapuram,Bronze,2020-02-18
3662,Aaron,Johnson,Other,fflynn@example.org,+91-8262319401,India,Hyderabad,Silver,2016-06-04
3663,Elizabeth,Hickman,Other,woodmelanie@example.com,+91-2779916344,India,Coimbatore,Silver,2016-09-17
3664,Mary,Wolf,Other,rasmussenjeremy@example.com,+91-9238383103,India,Vijayawada,Gold,2019-09-11
3665,Lisa,Bennett,Male,morganlarson@example.net,+1-817-288-4953x6535,Denmark,Tokyo,Gold,2018-08-25
3666,Elizabeth,Lewis,Female,diane57@example.com,+91-3876559660,India,Hyderabad,Bronze,2023-12-21
3667,Julie,Brown,Other,ucarr@example.org,001-984-223-0719,Belgium,Toronto,Bronze,2023-01-07
3668,Natalie,Adams,Other,michelle20@example.org,+91-9425734387,India,Kochi,Gold,2020-09-27
3669,Joe,Johnson,Female,tgonzalez@example.net,(613)402-0940,Cote d'Ivoire,New York,Bronze,2018-11-14
3670,Betty,Webb,Female,mariethompson@example.net,+91-7939783870,India,Vijayawada,Silver,2023-12-16
3671,Madison,Espinoza,Female,nicole64@example.net,+91-8657252517,India,Kochi,Bronze,2024-09-04
3672,Christopher,Shaw,Female,spencer79@example.net,+91-2409105864,India,Visakhapatnam,Gold,2022-06-27
3673,Penny,Fleming,Female,stanley73@example.com,+91-5893410968,India,Visakhapatnam,Bronze,2021-09-07
3674,Jared,Lewis,Female,casey55@example.org,+91-6147477780,India,Hyderabad,Bronze,2024-02-23
3675,Craig,Hunter,Other,rochalogan@example.net,+91-7392692907,India,Kochi,Bronze,2020-06-11
3676,Ashley,Hernandez,Female,fprice@example.org,+91-8161303379,India,Mysore,Gold,2021-01-30
3677,Keith,Lee,Male,tina03@example.org,+91-7483350205,India,Visakhapatnam,Silver,2022-08-22
3678,Alexis,Levine,Male,zcabrera@example.org,+91-7193921429,India,Coimbatore,Bronze,2015-10-03
3679,Rachel,Villanueva,Male,hoodmichael@example.com,+91-3664563701,India,Chennai,Gold,2019-09-12
3680,Carolyn,Whitehead,Other,wigginsmonica@example.net,+91-7032062211,India,Madurai,Silver,2016-05-28
3681,Benjamin,Lane,Other,hudsonrobyn@example.com,+91-3513574251,India,Bangalore,Silver,2019-09-02
3682,Adrian,Alvarez,Other,ashley94@example.net,(429)727-8397x31302,Guinea,Dubai,Bronze,2021-07-08
3683,Mary,Gill,Other,greenamanda@example.net,+91-3483670639,India,Kochi,Bronze,2023-12-19
3684,Ashley,Marquez,Other,blackrobert@example.org,+91-9053074428,India,Madurai,Bronze,2020-11-26
3685,David,Horton,Male,mooresteven@example.net,+91-507495258,India,Vijayawada,Bronze,2021-01-11
3686,Jerry,Rogers,Female,julia71@example.net,+91-7971313744,India,Hyderabad,Bronze,2015-07-17
3687,Kristi,Finley,Female,marcusshea@example.org,+91-2617445346,India,Vijayawada,Silver,2021-08-15
3688,Denise,Henderson,Female,allen50@example.org,+91-3340980255,India,Chennai,Silver,2015-06-26
3689,Caitlin,Colon,Female,ashleegarcia@example.org,+91-4550138950,India,Chennai,Gold,2017-09-01
3690,Tiffany,Mendez,Male,morenodakota@example.org,+91-2343267248,India,Vijayawada,Silver,2017-10-22
3691,Anna,Werner,Female,jerry85@example.org,+91-6683075224,India,Coimbatore,Gold,2016-01-24
3692,Jerry,Fox,Other,christopher67@example.net,494.708.3547x4482,Jordan,Toronto,Silver,2022-02-20
3693,Alan,Smith,Other,tylercontreras@example.com,+91-3772832372,India,Madurai,Gold,2016-01-25
3694,William,Smith,Male,michael48@example.com,+91-8812812572,India,Hyderabad,Silver,2016-01-01
3695,Dana,Robinson,Male,linda10@example.net,+91-9886552749,India,Madurai,Bronze,2021-09-04
3696,Tara,Padilla,Other,georgecollins@example.net,+91-1528130073,India,Madurai,Silver,2019-08-21
3697,Seth,Sanders,Male,aowens@example.com,+91-620962200,India,Kochi,Silver,2019-03-24
3698,Alison,Davies,Female,leeashley@example.org,+91-9816604412,India,Visakhapatnam,Bronze,2025-04-04
3699,Alex,Shelton,Other,fisherrachel@example.net,+91-3248912619,India,Hyderabad,Bronze,2015-10-12
3700,Mark,Miller,Male,dshah@example.net,594-594-0872,Cayman Islands,Paris,Gold,2024-09-16
3701,Susan,Pena,Female,santiagotammy@example.net,+91-7014400267,India,Mysore,Gold,2019-01-27
3702,Tara,Humphrey,Female,hamiltonmichael@example.com,+91-9630598079,India,Mysore,Bronze,2024-06-23
3703,Kristen,Blanchard,Female,travismartin@example.net,+91-316282068,India,Vijayawada,Silver,2022-05-30
3704,Cheryl,Coleman,Female,bennettnicholas@example.net,+91-2109492753,India,Thiruvananthapuram,Silver,2018-10-31
3705,Brandon,Hall,Female,mary16@example.com,+91-2931618532,India,Bangalore,Bronze,2018-11-23
3706,Sandra,Johnston,Female,rebecca95@example.com,+91-8052600390,India,Hyderabad,Silver,2020-08-04
3707,Joseph,Davis,Other,pgardner@example.net,868.380.5218x37162,Guinea,Berlin,Bronze,2022-01-26
3708,Olivia,Anderson,Male,melodyfrancis@example.com,+91-9241611021,India,Vijayawada,Silver,2020-08-19
3709,Vanessa,Wise,Other,thomas37@example.org,+91-4907530106,India,Chennai,Platinum,2016-11-19
3710,David,Burke,Female,marthaking@example.com,+91-8426880802,India,Kochi,Bronze,2022-10-18
3711,Rose,Cooper,Other,gregoryherrera@example.net,+91-9100677686,India,Coimbatore,Silver,2015-12-05
3712,Laura,Smith,Female,nhayden@example.org,001-798-494-0593x0340,Belize,Singapore,Silver,2021-11-18
3713,Tony,Shepherd,Female,fholloway@example.com,+91-2436600892,India,Hyderabad,Gold,2017-06-12
3714,Ryan,Robinson,Female,michael97@example.net,+91-2554020514,India,Hyderabad,Silver,2018-09-04
3715,Bethany,Taylor,Male,steven65@example.org,+91-7419880233,India,Coimbatore,Bronze,2022-03-08
3716,Norma,Bautista,Male,calvin57@example.net,+91-7813272650,India,Chennai,Platinum,2017-11-22
3717,Debbie,Smith,Female,dnelson@example.net,+91-5576909450,India,Coimbatore,Bronze,2018-08-24
3718,Stephen,Richard,Female,harmonkiara@example.org,+91-7757990163,India,Kochi,Gold,2017-06-16
3719,Richard,Brown,Male,zoe28@example.com,+91-3130597168,India,Visakhapatnam,Platinum,2024-10-07
3720,David,English,Female,russellwyatt@example.net,+91-1592472160,India,Vijayawada,Bronze,2017-09-10
3721,Lori,Martin,Female,kenneth54@example.net,+91-8529767757,India,Vijayawada,Gold,2024-10-12
3722,Kristina,Hamilton,Female,samanthajohns@example.com,+91-9326284333,India,Vijayawada,Bronze,2019-08-13
3723,Kenneth,Chung,Female,jamesmccormick@example.com,+91-1605574550,India,Chennai,Gold,2023-12-17
3724,Julie,Reed,Female,zjones@example.org,+91-2300989154,India,Bangalore,Gold,2018-09-10
3725,John,Payne,Female,michaelwilson@example.com,+91-3768755071,India,Thiruvananthapuram,Silver,2019-02-10
3726,Michael,Rogers,Male,cadams@example.org,+91-1715782442,India,Coimbatore,Bronze,2022-01-19
3727,Thomas,Garcia,Other,ymorales@example.org,+91-5857865174,India,Visakhapatnam,Silver,2019-04-15
3728,Walter,Mcpherson,Male,dgrant@example.net,+91-9188630463,India,Kochi,Bronze,2022-06-04
3729,Kimberly,Garcia,Male,laurensmith@example.net,+91-4599964422,India,Chennai,Bronze,2020-09-29
3730,Lindsey,Ibarra,Male,sara10@example.net,+91-6668557325,India,Bangalore,Silver,2017-12-29
3731,Thomas,Holt,Male,alewis@example.org,3154394601,French Guiana,London,Silver,2023-04-14
3732,Brian,Miller,Other,iholmes@example.org,001-762-762-3678,Benin,Singapore,Silver,2024-10-18
3733,Roy,Taylor,Male,huynhralph@example.net,+91-416360743,India,Hyderabad,Bronze,2017-03-12
3734,Grace,Martin,Other,jhopkins@example.net,+91-5010468789,India,Thiruvananthapuram,Bronze,2019-11-06
3735,Jacob,Jackson,Female,jennifercastillo@example.org,+91-689842152,India,Vijayawada,Gold,2024-11-13
3736,Cristian,Castillo,Other,galexander@example.com,+91-3981858701,India,Mysore,Platinum,2018-07-04
3737,Michele,Morrison,Male,ypowell@example.net,001-395-794-6694x632,Cape Verde,Los Angeles,Platinum,2024-09-08
3738,Nancy,Gilbert,Female,logan70@example.org,+91-8363928047,India,Madurai,Bronze,2024-04-30
3739,Lisa,Hicks,Male,elizabeth95@example.net,+91-8060011106,India,Bangalore,Platinum,2016-02-27
3740,Sarah,Armstrong,Male,cherylrivas@example.net,+91-1947385369,India,Bangalore,Bronze,2025-03-31
3741,Sandra,Johnston,Other,kennedyrebekah@example.org,(237)661-7867x5327,Libyan Arab Jamahiriya,Dubai,Silver,2019-02-15
3742,Aaron,Warner,Other,perezalison@example.org,+91-2787778026,India,Hyderabad,Bronze,2022-10-19
3743,Hunter,Alvarado,Male,wrichards@example.net,+91-3492943557,India,Chennai,Silver,2024-01-05
3744,Kimberly,Kramer,Other,trodriguez@example.net,+91-2220943043,India,Coimbatore,Bronze,2021-01-23
3745,Alexander,Wright,Other,lesliefisher@example.org,+91-5402843923,India,Coimbatore,Silver,2018-10-31
3746,Anthony,Oconnor,Male,zgutierrez@example.net,+91-4285496859,India,Kochi,Gold,2016-10-30
3747,Maria,Hurley,Female,james83@example.org,+91-5853477073,India,Thiruvananthapuram,Silver,2015-08-19
3748,Carlos,Brown,Male,harpercatherine@example.net,464-938-3187,Eritrea,Singapore,Gold,2016-07-30
3749,Sandra,Davis,Female,washingtonanna@example.net,+91-1789743410,India,Madurai,Silver,2024-03-29
3750,Mitchell,Gallegos,Other,mendezwilliam@example.com,+91-8879134872,India,Hyderabad,Silver,2019-09-20
3751,Keith,Lopez,Other,smartin@example.net,+91-5393441169,India,Vijayawada,Gold,2017-03-22
3752,Lisa,Howard,Other,susan79@example.org,+91-3337385076,India,Hyderabad,Silver,2024-05-10
3753,Linda,Thompson,Male,ealvarez@example.org,+91-73540577,India,Kochi,Bronze,2022-08-29
3754,Eddie,Carson,Other,myerspeter@example.com,+91-9125066832,India,Chennai,Silver,2019-08-14
3755,Ryan,Ponce,Male,steven50@example.com,971-667-9040,Denmark,Tokyo,Silver,2020-10-24
3756,Mark,Nelson,Female,cunninghamkristin@example.net,+91-452484015,India,Madurai,Bronze,2017-08-31
3757,Brandy,Chambers,Male,kchavez@example.com,+91-8731001235,India,Mysore,Bronze,2017-02-01
3758,William,Beard,Other,eduarte@example.org,+91-8552775021,India,Vijayawada,Bronze,2023-03-21
3759,Angela,Berg,Other,efranco@example.org,+91-6102439696,India,Madurai,Gold,2023-05-29
3760,Melissa,Foster,Male,bevans@example.org,+91-6954097500,India,Visakhapatnam,Bronze,2025-03-13
3761,Theresa,Kelley,Other,brad98@example.net,+91-6189971111,India,Vijayawada,Bronze,2022-11-07
3762,Thomas,Forbes,Other,nathan46@example.net,+91-1724363854,India,Vijayawada,Silver,2017-08-23
3763,Eric,Jones,Female,lsexton@example.net,001-469-388-0884x8553,Russian Federation,New York,Bronze,2022-01-13
3764,Brian,Wilson,Female,dorothy41@example.net,+91-5739047786,India,Kochi,Silver,2019-02-20
3765,Morgan,Johnson,Male,serranocrystal@example.org,218-810-9087x90800,Jordan,New York,Bronze,2015-07-13
3766,Rachel,Hoffman,Male,yorksean@example.com,+91-9638774594,India,Coimbatore,Silver,2021-08-28
3767,Brandon,Turner,Female,zpowers@example.com,+91-1656395330,India,Thiruvananthapuram,Bronze,2024-11-22
3768,Jake,Wagner,Female,parsonsjoseph@example.net,+91-4987628454,India,Visakhapatnam,Gold,2021-09-04
3769,Martin,Bauer,Male,tdillon@example.net,+91-7830765606,India,Madurai,Silver,2024-04-22
3770,Brenda,Wolf,Other,victoriamorton@example.net,+91-5439694096,India,Coimbatore,Silver,2020-12-26
3771,Jessica,Lester,Female,amcdonald@example.net,+91-1065418400,India,Vijayawada,Bronze,2020-11-19
3772,William,Kerr,Female,carl54@example.net,+91-2910293296,India,Thiruvananthapuram,Bronze,2022-06-20
3773,Erin,Nelson,Male,julie67@example.com,001-750-418-0385x80899,Pakistan,Tokyo,Bronze,2024-02-24
3774,Nicole,Hall,Other,deborah14@example.org,+91-2508412478,India,Kochi,Silver,2021-06-03
3775,Scott,Nichols,Other,garciaterri@example.net,+91-5282476063,India,Chennai,Gold,2017-06-12
3776,Megan,Lewis,Male,schultzryan@example.com,+91-7594699401,India,Mysore,Silver,2019-05-15
3777,Matthew,Anderson,Other,stephanie56@example.net,+91-6324748433,India,Kochi,Silver,2020-02-22
3778,Jeremy,Mcintosh,Female,brittanyhickman@example.org,+91-6872356849,India,Hyderabad,Platinum,2015-12-10
3779,Erica,Vazquez,Female,durhamjulie@example.com,+91-7532450240,India,Mysore,Gold,2020-10-24
3780,Bobby,Baxter,Other,georgesarah@example.net,+91-603350367,India,Visakhapatnam,Gold,2020-06-13
3781,Sheila,Donovan,Male,rodriguezdaniel@example.net,+91-5687505962,India,Kochi,Silver,2021-02-03
3782,Charles,Hudson,Female,iyu@example.com,+91-9525211327,India,Vijayawada,Silver,2016-05-24
3783,Michael,Little,Female,casey82@example.org,+91-1842062733,India,Bangalore,Gold,2019-08-06
3784,Alexandra,Brown,Male,lauralang@example.net,+91-7064452067,India,Hyderabad,Bronze,2022-02-05
3785,Michael,Brennan,Male,braylarry@example.net,+91-2251340345,India,Coimbatore,Gold,2018-11-25
3786,William,Morgan,Other,bradleyriley@example.com,+91-4301198861,India,Kochi,Bronze,2024-01-06
3787,John,Smith,Female,jamescoleman@example.net,+91-8114082181,India,Bangalore,Silver,2018-02-05
3788,Matthew,Sanchez,Male,cory70@example.net,+91-6174835435,India,Chennai,Silver,2019-02-06
3789,Kelly,Dixon,Male,lindsey88@example.net,+1-550-475-7714x90124,India,Paris,Gold,2021-07-04
3790,Malik,Hall,Male,jennifer21@example.com,+91-8897926642,India,Bangalore,Bronze,2022-04-03
3791,Travis,Norman,Female,quinnmaria@example.com,+91-1821019809,India,Coimbatore,Gold,2020-03-01
3792,Craig,Shah,Other,megan90@example.com,+91-8797206514,India,Kochi,Bronze,2020-10-26
3793,Michael,Jennings,Other,charlesjimenez@example.org,+91-2602851621,India,Madurai,Silver,2019-07-04
3794,Amy,Jenkins,Female,scottrebecca@example.net,+91-9168053889,India,Mysore,Silver,2022-06-03
3795,Ronald,Gardner,Other,aritter@example.com,+91-8493740628,India,Mysore,Gold,2025-03-30
3796,Mallory,Jimenez,Male,millerelizabeth@example.net,+91-5811639603,India,Kochi,Bronze,2020-01-14
3797,Jeffrey,Ali,Other,gomezdanielle@example.com,+91-6032979127,India,Coimbatore,Bronze,2018-08-20
3798,Ann,Avery,Male,cassandrawilliams@example.org,6576686938,Ecuador,Sydney,Silver,2022-06-02
3799,Steven,Flores,Male,melissa15@example.org,+91-708595269,India,Coimbatore,Gold,2024-08-07
3800,Theresa,Matthews,Male,sharonthompson@example.org,+91-2045133485,India,Mysore,Gold,2023-12-19
3801,William,Vasquez,Other,stevenbennett@example.net,+91-4346627606,India,Hyderabad,Silver,2020-05-27
3802,Emily,Watts,Female,kristen20@example.net,001-349-986-5988,Jordan,Berlin,Silver,2024-06-19
3803,Mary,Gill,Female,jamesfrench@example.net,+91-7362743410,India,Visakhapatnam,Gold,2023-03-01
3804,Adam,Dean,Other,glennmatthews@example.com,+91-8663343291,India,Chennai,Silver,2021-06-17
3805,Paul,Ortega,Female,monica87@example.com,+91-7776283900,India,Bangalore,Silver,2021-01-06
3806,Sara,Gibson,Other,keithjason@example.org,+91-7013404107,India,Visakhapatnam,Silver,2025-04-22
3807,Tammy,Hicks,Male,seth40@example.org,001-425-562-0254,Andorra,Berlin,Silver,2015-04-30
3808,Jennifer,Boyd,Male,ltaylor@example.net,635-743-5582x69970,Hong Kong,Tokyo,Bronze,2021-09-11
3809,James,Burton,Other,kgutierrez@example.com,+91-5670387458,India,Kochi,Silver,2018-10-25
3810,Deborah,Young,Male,lenicholas@example.com,+91-7591753441,India,Hyderabad,Gold,2016-09-26
3811,Eric,Jones,Male,alexander08@example.com,4015286453,Equatorial Guinea,Dubai,Bronze,2021-07-17
3812,Michelle,Riley,Male,aguirreearl@example.net,(614)664-8768,Kenya,Sydney,Bronze,2020-03-17
3813,Brian,James,Other,beardmichael@example.org,+91-1582067468,India,Thiruvananthapuram,Silver,2024-12-17
3814,Tammy,Christensen,Other,samantha41@example.com,499.635.0299,Somalia,Tokyo,Silver,2024-05-12
3815,Matthew,Herring,Male,laura13@example.org,+91-5517824487,India,Mysore,Silver,2017-10-17
3816,Nathan,Spencer,Other,fosteralicia@example.org,+91-6200149773,India,Mysore,Bronze,2016-08-02
3817,Claudia,Clements,Female,robertserin@example.org,+91-9749111788,India,Visakhapatnam,Bronze,2020-10-08
3818,Eric,Johnson,Male,wendylopez@example.org,+91-3088238024,India,Chennai,Silver,2017-01-22
3819,Dwayne,Wilson,Male,patricia54@example.org,001-906-744-2048x66513,Uruguay,Berlin,Silver,2023-07-15
3820,Christopher,Williams,Female,nathan85@example.net,+1-959-479-0705x4982,Macao,Tokyo,Silver,2017-10-20
3821,Benjamin,Martinez,Female,festrada@example.org,+91-5877607223,India,Kochi,Silver,2021-04-27
3822,Brian,Rosario,Female,gmaldonado@example.net,+91-9766624029,India,Bangalore,Bronze,2024-01-06
3823,Jennifer,Holder,Other,heather31@example.net,+91-8337143600,India,Kochi,Gold,2016-06-27
3824,Andrea,Taylor,Male,amy47@example.net,+91-6837273231,India,Mysore,Bronze,2024-03-11
3825,David,Stephens,Other,davidsimon@example.org,+91-5726686318,India,Mysore,Gold,2023-08-15
3826,Jenna,Thornton,Male,traceythomas@example.com,+91-7870311653,India,Bangalore,Platinum,2017-10-26
3827,Nicholas,Cooper,Other,davisjeffrey@example.org,+91-9580488546,India,Vijayawada,Silver,2020-04-01
3828,Eric,Berry,Male,daypatricia@example.com,+1-322-595-4216x243,Moldova,New York,Platinum,2023-09-25
3829,Anthony,Kelly,Male,richardvanessa@example.net,224-644-8910x374,Moldova,Berlin,Silver,2016-01-30
3830,Robert,Tucker,Male,kjohnson@example.com,498.746.0721,Saint Martin,New York,Silver,2021-01-25
3831,Wendy,Page,Female,kmurphy@example.net,+91-8763284206,India,Chennai,Bronze,2019-04-12
3832,Derek,Frazier,Female,robert34@example.com,+91-3136864468,India,Madurai,Silver,2015-07-25
3833,Jeffrey,Riggs,Female,lisajones@example.com,+91-7037681870,India,Mysore,Silver,2018-02-17
3834,Aaron,Bailey,Male,davisjohn@example.net,+91-6094876703,India,Vijayawada,Gold,2022-10-31
3835,Jacob,Mendoza,Male,drewgregory@example.org,+91-4332249030,India,Visakhapatnam,Bronze,2017-01-03
3836,Shannon,Dominguez,Female,osingleton@example.com,+91-2188929738,India,Vijayawada,Bronze,2021-04-07
3837,Henry,Carter,Male,richardlarson@example.org,+91-4521531437,India,Bangalore,Gold,2022-04-21
3838,Billy,Mayer,Male,michael27@example.com,+91-6830121207,India,Madurai,Bronze,2021-05-24
3839,Anne,Rodriguez,Male,daniellemoore@example.org,+91-8806470393,India,Madurai,Gold,2017-03-27
3840,Philip,Ramirez,Other,sandra93@example.net,+91-1941574973,India,Hyderabad,Bronze,2017-07-04
3841,Robert,Lin,Female,restrada@example.org,+91-3488889933,India,Chennai,Bronze,2016-07-03
3842,Erin,Robertson,Other,george17@example.net,700.203.2307,Sao Tome and Principe,Singapore,Gold,2020-05-29
3843,Sarah,Ortiz,Other,steven03@example.com,+91-5089047370,India,Chennai,Bronze,2016-10-14
3844,Peter,Williams,Other,traceymayer@example.com,+91-4686375603,India,Bangalore,Bronze,2020-07-13
3845,Thomas,Carrillo,Male,colonkatherine@example.net,+91-7184723566,India,Mysore,Gold,2020-12-01
3846,Anthony,Hood,Other,donnacurtis@example.net,+91-1909915829,India,Coimbatore,Platinum,2021-08-22
3847,Austin,Clark,Male,dtaylor@example.com,+91-7213444278,India,Coimbatore,Silver,2018-04-19
3848,Devin,Maddox,Female,millerjason@example.com,+91-5170643986,India,Coimbatore,Platinum,2023-06-15
3849,Beverly,Medina,Male,tjohnston@example.com,+91-9831045084,India,Kochi,Silver,2024-05-21
3850,Natalie,Summers,Other,tammy48@example.org,+91-6740315192,India,Vijayawada,Silver,2016-10-12
3851,April,Cantu,Other,yescobar@example.org,+91-1991974212,India,Coimbatore,Gold,2022-02-12
3852,Jamie,Castillo,Other,smithjohn@example.net,+91-9078966294,India,Thiruvananthapuram,Platinum,2023-01-28
3853,Rebecca,Johnson,Other,ellisonmelissa@example.net,(548)578-4409,Serbia,Toronto,Bronze,2015-09-13
3854,Shawn,Sutton,Male,michelle93@example.com,+91-8892702493,India,Mysore,Bronze,2016-11-02
3855,Robin,Hill,Male,stephendavis@example.net,+91-3091056548,India,Madurai,Silver,2016-01-24
3856,Brianna,Crawford,Female,jerrysmith@example.com,+91-3586893304,India,Chennai,Platinum,2023-04-26
3857,Terri,Guerra,Other,bryan08@example.org,(847)602-5068,Western Sahara,Toronto,Gold,2021-09-08
3858,Katie,Johnson,Female,mayorebecca@example.org,001-680-753-3973x24724,Guernsey,Los Angeles,Platinum,2023-03-21
3859,Brooke,Owens,Male,sean10@example.net,+91-2178508524,India,Visakhapatnam,Bronze,2022-07-08
3860,Dennis,Sheppard,Male,adamsstephen@example.com,+91-2457776969,India,Hyderabad,Silver,2016-04-27
3861,Heather,Carter,Other,amanda69@example.net,+91-5394897475,India,Bangalore,Silver,2018-07-12
3862,Cassie,Figueroa,Other,devon36@example.net,+91-2597624191,India,Thiruvananthapuram,Bronze,2017-04-14
3863,William,Moore,Other,tannerdrake@example.net,+91-3601695489,India,Vijayawada,Bronze,2017-06-17
3864,Paige,Lee,Male,patrick55@example.com,+91-6272582421,India,Kochi,Silver,2022-03-15
3865,Christopher,Sexton,Male,andreapatterson@example.org,+91-6758610289,India,Hyderabad,Bronze,2015-09-30
3866,Carolyn,Bailey,Female,ncooley@example.org,+1-330-722-6298x15264,Falkland Islands (Malvinas),New York,Silver,2016-04-17
3867,Alexis,Jackson,Female,whopkins@example.org,+1-200-257-1030x5837,Burundi,Berlin,Bronze,2022-11-05
3868,Heather,Mercer,Female,michael27@example.org,781-446-1206,Cuba,New York,Bronze,2024-07-20
3869,Elizabeth,Miller,Other,pdaniels@example.org,+91-5935050972,India,Hyderabad,Platinum,2020-03-22
3870,Heather,Perry,Male,norrissandra@example.net,+91-1246054246,India,Mysore,Silver,2024-12-02
3871,John,Hall,Male,qhester@example.com,+91-165291784,India,Visakhapatnam,Silver,2024-06-20
3872,Dalton,Johnson,Male,zburns@example.net,(425)975-2651,Madagascar,Toronto,Bronze,2018-11-10
3873,Haley,Pearson,Male,rachelrichard@example.org,+91-2463220739,India,Vijayawada,Bronze,2023-09-16
3874,Kimberly,Edwards,Other,christian95@example.org,+91-6773881234,India,Visakhapatnam,Bronze,2023-08-15
3875,Michelle,Smith,Other,kellymartinez@example.org,+91-4863562396,India,Thiruvananthapuram,Bronze,2019-01-13
3876,Elaine,Bautista,Other,lsims@example.net,(992)403-6814,Nicaragua,Sydney,Bronze,2016-02-21
3877,Logan,Brooks,Male,vwallace@example.com,+91-5911162815,India,Vijayawada,Bronze,2021-09-08
3878,Phillip,Vega,Male,qsimpson@example.org,331.844.9810x99236,Russian Federation,Tokyo,Silver,2017-09-26
3879,Jose,Hardin,Female,myersjose@example.org,486-514-1057x3187,Senegal,Toronto,Bronze,2022-11-14
3880,Melissa,Ruiz,Other,leroy73@example.com,+91-7519107815,India,Madurai,Gold,2018-05-04
3881,Kenneth,Snyder,Other,adamrobinson@example.com,+91-1290351617,India,Madurai,Silver,2020-01-07
3882,Daniel,Suarez,Other,meredithnicholson@example.com,908.828.6030,Taiwan,New York,Platinum,2021-10-03
3883,Timothy,Hill,Other,tpollard@example.org,+91-9163829047,India,Kochi,Gold,2023-01-18
3884,Justin,Campbell,Female,martinezjustin@example.com,+91-7368066335,India,Thiruvananthapuram,Gold,2020-09-22
3885,Dennis,Hughes,Other,clarkjeremy@example.com,+91-3540720491,India,Chennai,Silver,2024-12-19
3886,Aimee,Haney,Female,bianca94@example.net,+91-2735332276,India,Bangalore,Silver,2024-11-13
3887,Matthew,Jones,Female,markmitchell@example.org,+91-9016322555,India,Thiruvananthapuram,Silver,2024-06-02
3888,Ruth,Scott,Male,robinbrown@example.com,+91-1595325522,India,Chennai,Bronze,2016-12-31
3889,Steve,Good,Female,christophergiles@example.com,+91-5368774014,India,Madurai,Silver,2019-09-23
3890,Douglas,Wade,Female,jenniferdonaldson@example.org,(486)633-4810x11966,Croatia,Tokyo,Bronze,2019-06-20
3891,Thomas,Morris,Other,ppeterson@example.net,886.728.1391x2833,Moldova,Tokyo,Gold,2022-12-30
3892,Sarah,Simpson,Female,jose41@example.org,+91-3647974040,India,Coimbatore,Gold,2021-04-02
3893,Evelyn,Maldonado,Female,zburns@example.com,+91-5641227883,India,Kochi,Bronze,2020-05-13
3894,Peter,Wagner,Male,dukekristina@example.com,+91-5582925395,India,Mysore,Platinum,2023-10-20
3895,Anna,Sullivan,Other,bclark@example.net,+91-9902243896,India,Vijayawada,Silver,2022-01-02
3896,Sarah,Anderson,Female,gabrielle19@example.net,851-213-0191,Maldives,London,Gold,2020-05-12
3897,Christian,Brown,Male,valdezlisa@example.org,+91-3790166768,India,Hyderabad,Silver,2017-01-15
3898,Diana,Smith,Female,hflynn@example.org,+91-1956717705,India,Hyderabad,Gold,2018-11-19
3899,Donald,Holland,Female,estesjennifer@example.com,+91-3568978049,India,Hyderabad,Bronze,2016-04-14
3900,Timothy,Simpson,Female,sarah55@example.net,(605)242-2974x4870,Jordan,Toronto,Silver,2015-12-02
3901,Karen,Webb,Female,autumn90@example.com,237-434-0467,Central African Republic,London,Bronze,2015-05-16
3902,Allen,Johnson,Female,tchandler@example.org,+91-619477885,India,Vijayawada,Gold,2024-01-31
3903,Bradley,Campbell,Female,patriciawhite@example.com,+91-101526878,India,Bangalore,Bronze,2019-03-08
3904,Brianna,Oliver,Female,mitchellcathy@example.com,+91-4957682609,India,Thiruvananthapuram,Bronze,2017-10-10
3905,Erica,Griffith,Other,parkersteven@example.com,252.955.8439x6815,El Salvador,Singapore,Silver,2017-09-02
3906,Jesse,Franklin,Other,stephaniefuller@example.net,+91-2981411592,India,Vijayawada,Bronze,2019-02-15
3907,Justin,Dorsey,Female,jonathonsmith@example.net,+91-5409247077,India,Madurai,Bronze,2016-05-24
3908,Trevor,King,Female,barnettpaula@example.org,836.860.0024x25567,Iran,Tokyo,Gold,2018-09-25
3909,James,Marks,Female,lammark@example.net,001-553-448-9779x93162,Wallis and Futuna,New York,Bronze,2015-12-16
3910,Robert,Hernandez,Other,william17@example.org,+91-220474979,India,Thiruvananthapuram,Gold,2023-08-22
3911,Edward,Jones,Other,jacob77@example.com,+91-2157742810,India,Madurai,Gold,2024-04-25
3912,Danny,Martinez,Other,nhaynes@example.net,+91-2697443680,India,Mysore,Silver,2019-05-18
3913,Jason,Stephens,Other,williamsjacqueline@example.org,+91-5316668893,India,Kochi,Bronze,2016-04-23
3914,Andrea,Hancock,Male,storres@example.org,+91-7412907461,India,Bangalore,Gold,2019-01-06
3915,Hector,Young,Other,benjaminwest@example.org,+91-526921407,India,Coimbatore,Platinum,2017-04-21
3916,Elizabeth,Vasquez,Female,stewartamy@example.org,+91-7027974979,India,Madurai,Bronze,2024-03-31
3917,Aaron,Rowe,Other,janice73@example.com,+1-866-224-2162x27930,Puerto Rico,Berlin,Bronze,2016-12-17
3918,Peggy,Stewart,Other,cameronsamuel@example.org,+91-5416225110,India,Vijayawada,Silver,2017-02-20
3919,Mark,Adams,Other,duncandonald@example.com,+91-9605485130,India,Chennai,Silver,2022-01-05
3920,Raymond,Delacruz,Female,lauren32@example.net,+91-3873439933,India,Chennai,Silver,2021-01-28
3921,Tara,Wagner,Male,williamsteele@example.net,+91-881300606,India,Coimbatore,Silver,2021-12-23
3922,Andrew,Owens,Other,robinbullock@example.com,650-971-4720,Tonga,Singapore,Bronze,2018-06-26
3923,James,Johnson,Female,loconnor@example.org,+91-3142493600,India,Thiruvananthapuram,Bronze,2024-09-06
3924,Norma,Payne,Male,john31@example.org,911-465-3061,France,London,Silver,2021-09-25
3925,Christopher,Johnson,Male,angel77@example.com,589.614.5266,Latvia,London,Silver,2025-02-05
3926,Jennifer,Sanchez,Male,thomas24@example.net,+91-3643241066,India,Mysore,Silver,2021-10-21
3927,Hunter,Jones,Other,epruitt@example.com,+91-8261924986,India,Visakhapatnam,Gold,2020-05-29
3928,Daniel,White,Male,daniel62@example.net,+91-3354109738,India,Hyderabad,Gold,2022-01-04
3929,Kimberly,Lopez,Male,sanderslori@example.org,+91-6318490070,India,Kochi,Bronze,2020-03-06
3930,Ronald,Reed,Male,matthewhughes@example.com,+91-7993548809,India,Vijayawada,Gold,2021-03-30
3931,Jeremiah,Adams,Female,brandi39@example.net,+91-6247952126,India,Madurai,Platinum,2022-03-24
3932,Jacob,Ford,Male,amandagood@example.net,+91-1201823926,India,Chennai,Bronze,2022-04-30
3933,Ross,Lowe,Male,jamesstephens@example.net,+91-3683221619,India,Coimbatore,Silver,2022-12-19
3934,Melissa,Tyler,Female,cbarajas@example.com,+1-997-776-2275x584,Madagascar,Toronto,Bronze,2019-01-01
3935,Vincent,Adams,Male,brandon86@example.com,+91-8908010388,India,Kochi,Bronze,2021-01-01
3936,Nicholas,Williams,Other,mlove@example.net,(485)622-8952x66416,Iran,Los Angeles,Gold,2016-02-15
3937,Richard,Gutierrez,Other,teresa34@example.net,+91-1212701398,India,Thiruvananthapuram,Bronze,2018-08-07
3938,Julie,Salazar,Female,charlotterobertson@example.com,+91-547475022,India,Visakhapatnam,Silver,2016-01-31
3939,Brandon,Collins,Female,marykirby@example.net,+91-3502902891,India,Hyderabad,Platinum,2015-12-13
3940,Brandy,Hunt,Male,dunlapchristina@example.net,+91-6401669624,India,Coimbatore,Silver,2016-04-11
3941,Courtney,Mosley,Male,simmonselizabeth@example.org,+91-4807830284,India,Bangalore,Platinum,2023-05-01
3942,Rita,Burton,Male,whoward@example.net,8814161366,Kiribati,London,Platinum,2023-12-27
3943,Daniel,Maxwell,Other,bryan94@example.net,(703)907-5210,Macao,New York,Silver,2020-05-08
3944,Todd,Rodriguez,Male,marypatterson@example.net,+91-2972484413,India,Coimbatore,Silver,2020-09-14
3945,Cynthia,Sloan,Male,fhernandez@example.net,314.313.8729,Liechtenstein,Paris,Silver,2023-04-08
3946,Timothy,Alvarado,Other,bmckee@example.net,+91-5901586943,India,Hyderabad,Silver,2016-05-29
3947,Claire,Maxwell,Male,brenda14@example.org,+91-8928570496,India,Madurai,Platinum,2022-11-20
3948,Anna,Simpson,Female,melissapeterson@example.org,+91-3720303423,India,Visakhapatnam,Silver,2017-02-03
3949,Nicole,Jones,Male,andrewarnold@example.net,+91-620237328,India,Chennai,Bronze,2017-05-03
3950,Joseph,Sheppard,Female,yguzman@example.com,+91-2567133615,India,Bangalore,Silver,2016-03-25
3951,Kevin,Mcdonald,Other,grahamtyler@example.com,+91-3574507208,India,Coimbatore,Silver,2021-03-04
3952,Christopher,Wiggins,Other,gfitzpatrick@example.net,+91-6329543454,India,Bangalore,Platinum,2016-08-30
3953,Cathy,Benjamin,Male,kathy71@example.net,+91-6326077609,India,Kochi,Bronze,2022-10-29
3954,Gina,Jordan,Other,flynnjames@example.org,+91-9256969775,India,Madurai,Bronze,2015-11-26
3955,Austin,Galloway,Male,mannanna@example.org,+91-6719767022,India,Coimbatore,Silver,2020-01-21
3956,Sharon,Potter,Other,brownnancy@example.org,+91-7309512042,India,Hyderabad,Bronze,2024-01-22
3957,Rodney,Walker,Male,patricia53@example.net,+91-8862090389,India,Kochi,Platinum,2023-12-21
3958,Jennifer,Ruiz,Female,julie47@example.org,(205)767-6322x476,Burundi,New York,Bronze,2024-09-25
3959,Emily,Lucas,Other,krosales@example.com,+91-352550150,India,Coimbatore,Bronze,2019-12-22
3960,Amber,Harris,Male,lisaperry@example.org,+91-84289254,India,Bangalore,Platinum,2019-11-05
3961,Robert,Craig,Other,orrsarah@example.net,+91-3885451896,India,Coimbatore,Silver,2016-08-17
3962,Troy,Stone,Male,dmyers@example.org,+91-1104591119,India,Thiruvananthapuram,Bronze,2023-02-05
3963,Andrew,Woods,Male,robertfisher@example.com,+91-5886232188,India,Coimbatore,Gold,2022-08-28
3964,Kenneth,Richards,Other,livingstonmartha@example.com,001-916-849-2150x1776,Monaco,London,Bronze,2025-02-22
3965,Matthew,Hernandez,Female,tiffany66@example.net,+91-6304742319,India,Kochi,Gold,2019-01-13
3966,Angela,Meyer,Male,wilsonjennifer@example.org,446-740-2200x670,Slovenia,Sydney,Bronze,2024-01-18
3967,Rickey,Johnson,Other,sarahwaters@example.net,+91-4518832295,India,Hyderabad,Silver,2019-02-28
3968,Courtney,Lara,Female,jessicahunt@example.org,+91-1321281432,India,Kochi,Platinum,2021-08-01
3969,Donna,Powell,Other,vsmith@example.net,+91-4441677771,India,Visakhapatnam,Bronze,2019-01-25
3970,Angela,Bennett,Other,jacobpearson@example.org,+91-8715566461,India,Vijayawada,Silver,2018-03-18
3971,Joe,Johnson,Other,xmaldonado@example.net,+91-292434330,India,Hyderabad,Bronze,2020-01-08
3972,Samuel,Sutton,Other,william46@example.org,+91-9898500366,India,Coimbatore,Gold,2017-12-03
3973,Stephanie,Jackson,Other,istevens@example.com,+91-1375350253,India,Hyderabad,Bronze,2022-04-02
3974,Jessica,Carlson,Other,michaelchavez@example.org,574.792.3688,Saudi Arabia,Toronto,Platinum,2021-12-08
3975,Paul,Cortez,Other,kirk94@example.com,547-799-6355,Algeria,New York,Silver,2022-01-19
3976,Tammy,West,Female,davisdanielle@example.com,+91-4243100578,India,Bangalore,Bronze,2016-04-02
3977,Kathryn,Salas,Male,nicole32@example.org,+91-5933498400,India,Bangalore,Platinum,2015-10-11
3978,Tina,Hoffman,Other,campbellwesley@example.org,+91-417960099,India,Bangalore,Bronze,2021-11-28
3979,Christina,Griffith,Female,villegasmercedes@example.com,+91-1528587533,India,Coimbatore,Gold,2015-07-01
3980,Beth,Gomez,Female,gregory52@example.org,+91-8810847766,India,Chennai,Gold,2020-05-10
3981,Lance,Mendez,Male,ofreeman@example.com,+1-217-628-3133x2753,Lithuania,Tokyo,Bronze,2019-01-30
3982,Emily,Colon,Other,ysummers@example.com,+91-9562672931,India,Mysore,Silver,2017-01-10
3983,Beth,Krause,Male,kristin34@example.net,+91-4751233331,India,Hyderabad,Silver,2019-07-09
3984,Kimberly,Rodriguez,Other,anndaniels@example.net,+91-3959955456,India,Vijayawada,Platinum,2022-12-11
3985,Brett,Thompson,Female,mhiggins@example.net,+91-9699041471,India,Hyderabad,Bronze,2017-09-14
3986,Michael,Hardy,Male,westnicole@example.net,377.250.9896x987,Norway,Los Angeles,Silver,2024-05-11
3987,Anthony,Harper,Female,david79@example.org,+91-5507821045,India,Bangalore,Silver,2019-11-01
3988,Ronald,Fleming,Other,novakalisha@example.net,8236624759,Mali,London,Bronze,2019-10-26
3989,Ricky,Ellis,Female,udelacruz@example.com,+91-3767329035,India,Vijayawada,Silver,2019-09-22
3990,Ronald,Harvey,Male,fitzgeraldjasmine@example.org,+91-3151986245,India,Madurai,Silver,2023-10-14
3991,Gary,Williams,Female,holly95@example.net,+91-8623440552,India,Visakhapatnam,Silver,2024-05-13
3992,Dennis,Lee,Male,wilsonbrittany@example.org,+91-9730686736,India,Thiruvananthapuram,Bronze,2022-09-06
3993,Lindsey,Cardenas,Other,josepharnold@example.com,+91-8086492294,India,Mysore,Platinum,2018-04-05
3994,James,Rogers,Male,kleinjoseph@example.com,+91-9739501107,India,Coimbatore,Bronze,2022-03-02
3995,Albert,David,Other,josephdouglas@example.net,+91-9778436868,India,Coimbatore,Bronze,2016-03-09
3996,Kathleen,White,Male,thompsonamanda@example.org,+1-841-812-3623x2439,Saint Vincent and the Grenadines,Sydney,Silver,2018-07-31
3997,Douglas,Richmond,Other,kimberly57@example.org,+91-4959038935,India,Visakhapatnam,Silver,2022-04-29
3998,Adam,Smith,Male,sgarza@example.com,+91-3692196025,India,Visakhapatnam,Silver,2017-06-17
3999,David,Randall,Male,valeriehicks@example.org,+91-7009831732,India,Thiruvananthapuram,Bronze,2020-03-28
4000,Patty,Braun,Female,paulamcpherson@example.com,+91-1867240394,India,Chennai,Platinum,2015-11-23
4001,Jimmy,Brown,Other,ssmith@example.net,+91-9828384476,India,Madurai,Silver,2025-03-07
4002,Ricky,Hubbard,Other,frenchcatherine@example.com,+91-2568825624,India,Visakhapatnam,Platinum,2017-10-09
4003,James,Jordan,Female,amydelacruz@example.com,+91-9435752952,India,Visakhapatnam,Bronze,2016-06-22
4004,Robert,Curtis,Female,raymond77@example.net,+91-8428977747,India,Mysore,Bronze,2022-01-29
4005,Marilyn,Jones,Male,ccurtis@example.com,+91-9866573053,India,Madurai,Silver,2020-03-13
4006,Daniel,Herrera,Male,elizabethbutler@example.org,(563)506-7786,Guadeloupe,Berlin,Silver,2020-02-19
4007,Matthew,Evans,Other,michael09@example.org,360.653.6983x850,Finland,Los Angeles,Bronze,2023-06-25
4008,Derek,Spencer,Male,brentsmith@example.net,+91-9478771291,India,Hyderabad,Platinum,2017-05-28
4009,Jared,Hamilton,Female,zlewis@example.net,(524)419-1929x6750,United States Minor Outlying Islands,Los Angeles,Silver,2023-12-30
4010,Justin,Rios,Female,brianmurillo@example.net,+91-4080568,India,Mysore,Bronze,2016-03-03
4011,Derek,Berry,Other,bfoster@example.net,+91-3684098680,India,Madurai,Bronze,2018-08-07
4012,Andrea,Davis,Male,jenniferhill@example.org,+91-2910882435,India,Hyderabad,Silver,2018-12-27
4013,Danielle,Tran,Male,jessicagarner@example.net,001-559-563-8289,Dominican Republic,Paris,Bronze,2021-05-23
4014,John,Aguilar,Male,jason66@example.net,+91-6148266515,India,Bangalore,Bronze,2023-02-06
4015,Jeremy,Moore,Other,buckdennis@example.org,+91-7076435244,India,Kochi,Bronze,2017-11-18
4016,Donald,Edwards,Male,daniellesmith@example.net,+91-1118595647,India,Madurai,Bronze,2019-03-11
4017,Jennifer,Nguyen,Female,annetteburns@example.org,+91-1301450413,India,Visakhapatnam,Silver,2024-06-13
4018,Troy,Walls,Female,laneelizabeth@example.org,+91-1575333554,India,Coimbatore,Bronze,2021-07-05
4019,Tammy,Johnson,Other,hannah48@example.org,+91-3687701713,India,Hyderabad,Bronze,2024-11-14
4020,Erin,Pittman,Male,gnewman@example.org,+91-8633168251,India,Visakhapatnam,Platinum,2024-01-21
4021,Alyssa,Spencer,Male,elizabethstark@example.net,+91-3609115070,India,Hyderabad,Silver,2021-10-07
4022,Michael,Taylor,Male,andrew02@example.org,+91-4589674655,India,Hyderabad,Gold,2021-06-30
4023,Nicole,Matthews,Female,sweeneybrittany@example.net,+1-640-387-9994x6617,Central African Republic,Los Angeles,Bronze,2024-05-13
4024,Daniel,Bray,Female,henry09@example.org,908-421-2737x661,Bahrain,Tokyo,Silver,2017-02-22
4025,Holly,Rowland,Male,scollins@example.net,+91-9034942654,India,Mysore,Silver,2022-04-03
4026,Devin,Gonzalez,Other,bryan05@example.com,+91-7144477988,India,Bangalore,Gold,2024-06-29
4027,Jacob,Swanson,Male,jamiehawkins@example.com,+91-5364470903,India,Visakhapatnam,Bronze,2017-09-02
4028,Kelly,Hood,Female,susan58@example.com,+91-5640571886,India,Madurai,Gold,2025-04-21
4029,Shelby,Mendoza,Male,christina33@example.org,+91-479819239,India,Thiruvananthapuram,Silver,2023-11-09
4030,Hannah,Graham,Male,timhart@example.org,+91-9678216124,India,Thiruvananthapuram,Gold,2018-08-16
4031,Andrea,Weaver,Other,michellerodriguez@example.com,+91-6096829742,India,Kochi,Gold,2018-09-15
4032,Roger,Mcdonald,Male,kimberly90@example.com,+91-1962159649,India,Coimbatore,Gold,2018-09-08
4033,Timothy,Perry,Female,ftucker@example.com,+91-3872982970,India,Coimbatore,Silver,2024-08-07
4034,Theresa,Nelson,Female,nicholasreeves@example.com,+91-6324485773,India,Mysore,Silver,2016-06-21
4035,Carl,Berg,Female,oanderson@example.com,+91-5054705433,India,Vijayawada,Silver,2024-04-09
4036,Timothy,Harmon,Other,markmcdowell@example.org,(273)616-2536,Tuvalu,Sydney,Platinum,2021-02-07
4037,Catherine,Martinez,Male,sabrina17@example.com,+91-8960647054,India,Visakhapatnam,Silver,2021-07-26
4038,Amanda,Brooks,Female,hicksapril@example.org,+91-4192244663,India,Hyderabad,Bronze,2017-03-18
4039,Bradley,Esparza,Other,tammywells@example.com,+91-1816047102,India,Madurai,Gold,2024-05-20
4040,Natalie,Rodriguez,Female,staceyjones@example.org,+91-9177222649,India,Thiruvananthapuram,Bronze,2022-08-07
4041,Brendan,Rodriguez,Male,jonesmatthew@example.org,+91-8269506162,India,Bangalore,Bronze,2020-06-03
4042,Kimberly,Palmer,Male,gutierrezchristopher@example.org,001-615-807-9630x5497,North Macedonia,Paris,Gold,2016-09-12
4043,Jacob,Lambert,Other,mitchellalice@example.net,+91-3645544930,India,Bangalore,Silver,2016-02-21
4044,Rose,Parker,Female,kfrey@example.org,+91-9795089737,India,Thiruvananthapuram,Platinum,2018-04-20
4045,Latoya,Tate,Male,arivera@example.com,936-963-9235x830,Ireland,Tokyo,Gold,2017-06-09
4046,Michael,Baker,Male,lisa45@example.org,+91-9290351392,India,Hyderabad,Gold,2019-06-09
4047,Darin,Duffy,Female,qlopez@example.net,+91-9579416800,India,Madurai,Bronze,2018-09-15
4048,Jeremy,Campbell,Male,williamsalicia@example.net,+91-3601805514,India,Hyderabad,Platinum,2020-07-29
4049,Robert,Reeves,Female,perezfrank@example.com,001-601-788-2198x248,Cyprus,Los Angeles,Bronze,2015-12-16
4050,Daniel,Berg,Other,natasharobles@example.net,+91-183182617,India,Kochi,Bronze,2020-12-17
4051,Heidi,Jackson,Female,jennifer06@example.com,(285)863-1737x18482,Ukraine,Los Angeles,Silver,2017-06-20
4052,Clifford,Hernandez,Other,velasquezjoan@example.org,+91-5155120639,India,Chennai,Silver,2016-06-14
4053,Stephen,Campbell,Female,david17@example.org,+91-1387562862,India,Madurai,Bronze,2015-05-03
4054,Matthew,Castaneda,Male,torresjohn@example.org,+91-7884086332,India,Thiruvananthapuram,Silver,2017-03-05
4055,John,Wall,Male,joshua22@example.net,+91-8700258358,India,Visakhapatnam,Silver,2024-05-01
4056,Joyce,Boyd,Other,breed@example.net,+91-4048100137,India,Madurai,Platinum,2019-06-04
4057,Roger,Roberts,Other,bobbywest@example.org,903-942-4392x882,Haiti,Toronto,Bronze,2017-05-08
4058,Cassidy,Coleman,Other,haley59@example.net,+91-2587840100,India,Coimbatore,Bronze,2021-06-14
4059,Tina,Miller,Male,anna26@example.org,+91-6172083055,India,Madurai,Silver,2019-06-17
4060,Alexander,Greene,Other,xgriffin@example.net,001-280-745-8606,Kiribati,Dubai,Bronze,2020-07-16
4061,Ethan,Campbell,Other,shieldsroy@example.net,001-285-863-7932x60539,Afghanistan,Paris,Bronze,2021-02-23
4062,Michael,Garcia,Female,donald17@example.net,+91-2895445346,India,Bangalore,Bronze,2017-09-11
4063,Matthew,Butler,Female,anthonygilbert@example.org,+91-7285129851,India,Vijayawada,Bronze,2023-06-08
4064,Cynthia,Lee,Other,qhenry@example.net,+91-4545382090,India,Coimbatore,Platinum,2017-10-22
4065,Daniel,Mitchell,Male,reyesbilly@example.com,+91-7899592050,India,Coimbatore,Silver,2025-01-18
4066,Nicholas,Cohen,Other,kristinarodriguez@example.org,+1-765-964-4961,Bermuda,Los Angeles,Gold,2020-11-21
4067,Cameron,Juarez,Female,xsweeney@example.com,+91-9177982571,India,Thiruvananthapuram,Silver,2017-10-25
4068,Caitlin,Stuart,Male,sarah22@example.org,+91-1525709953,India,Coimbatore,Platinum,2021-05-23
4069,Brittany,Lopez,Other,heatherkey@example.net,+1-891-373-5506,Tanzania,Dubai,Bronze,2021-10-25
4070,Jesse,Baker,Male,melinda60@example.net,426-486-1217,Faroe Islands,Singapore,Platinum,2021-03-05
4071,Tara,Davis,Female,fulleralexander@example.com,+91-9302981885,India,Hyderabad,Gold,2021-11-03
4072,Angela,Marshall,Male,brian90@example.org,+91-7414860467,India,Coimbatore,Silver,2024-03-31
4073,Mark,Diaz,Female,jhall@example.net,+91-1604000023,India,Chennai,Bronze,2017-11-30
4074,Michael,Brown,Other,jmitchell@example.org,001-896-993-6497,Timor-Leste,Sydney,Bronze,2025-01-12
4075,Christian,Williams,Other,mary97@example.com,+91-742443771,India,Visakhapatnam,Bronze,2017-06-28
4076,Christopher,Carr,Female,keith11@example.net,+91-214338558,India,Madurai,Bronze,2024-05-31
4077,Kathleen,Taylor,Other,harperdavid@example.com,+91-3569668735,India,Visakhapatnam,Gold,2024-05-14
4078,James,Rodriguez,Female,penadawn@example.org,986-902-5239,Nicaragua,Paris,Bronze,2021-04-09
4079,Kenneth,Robertson,Male,travis96@example.org,+91-7088439874,India,Visakhapatnam,Bronze,2021-04-13
4080,Joseph,Combs,Female,madisonhill@example.com,+91-343481461,India,Chennai,Bronze,2022-06-20
4081,Katie,Reynolds,Female,dedwards@example.org,+91-8308014747,India,Thiruvananthapuram,Bronze,2019-09-07
4082,Sarah,Morgan,Female,walshsara@example.net,+91-9473020605,India,Mysore,Platinum,2019-11-15
4083,Shannon,Davila,Other,hartmanamanda@example.net,+91-3778652424,India,Coimbatore,Gold,2018-05-04
4084,Jacob,Robbins,Male,jorge20@example.org,+91-5800449251,India,Vijayawada,Bronze,2018-03-03
4085,Robert,Carter,Other,jessica92@example.net,+91-5741684132,India,Bangalore,Silver,2024-02-20
4086,Patricia,Knight,Male,kylecrane@example.com,+91-1028399253,India,Visakhapatnam,Platinum,2017-02-16
4087,Jean,Wong,Other,richardsonbrandon@example.org,335.293.4275,Afghanistan,London,Silver,2023-11-14
4088,Richard,Butler,Other,brianlowe@example.com,+91-4435736489,India,Coimbatore,Gold,2020-05-26
4089,Alexis,Trujillo,Other,ksavage@example.org,+91-3417730826,India,Thiruvananthapuram,Gold,2016-10-03
4090,Frank,Anderson,Other,yvonne16@example.org,918-645-5410,Liechtenstein,Sydney,Silver,2016-10-27
4091,Sandra,Sutton,Female,clarksteven@example.com,001-521-431-4751x8598,Lesotho,Tokyo,Gold,2019-01-20
4092,Sandra,Gray,Female,ralph31@example.net,+91-2421856958,India,Thiruvananthapuram,Bronze,2018-07-28
4093,Mark,Miranda,Male,mayfrank@example.org,+91-9300614271,India,Mysore,Gold,2017-02-28
4094,Latasha,Baker,Other,gkennedy@example.com,+91-4349003070,India,Hyderabad,Gold,2021-12-30
4095,James,Powers,Other,harveyjames@example.net,+91-1410927020,India,Chennai,Gold,2024-07-18
4096,Erin,Glover,Female,xmichael@example.org,+91-4842090535,India,Thiruvananthapuram,Bronze,2015-12-17
4097,Jeffrey,Bowers,Female,dcross@example.com,+91-2291769297,India,Thiruvananthapuram,Gold,2019-02-21
4098,Austin,Martinez,Other,beasleylarry@example.com,+91-8827045978,India,Thiruvananthapuram,Gold,2020-10-08
4099,Tiffany,Sullivan,Female,williamslori@example.com,+91-9922941110,India,Kochi,Gold,2021-04-13
4100,Peter,Mcclain,Other,christopherespinoza@example.net,+91-6522656642,India,Chennai,Platinum,2018-11-06
4101,Jonathan,Beck,Male,hhuber@example.com,+91-2039138114,India,Mysore,Bronze,2024-12-23
4102,Matthew,Lee,Other,umorales@example.net,+91-4178943566,India,Vijayawada,Platinum,2019-04-05
4103,Stephanie,Perez,Other,cduarte@example.net,+91-279548843,India,Visakhapatnam,Silver,2016-10-08
4104,Alexander,Thompson,Female,nicholsoneric@example.com,+1-956-386-1612x19145,Montenegro,London,Silver,2024-08-25
4105,Colleen,Jones,Other,bennettjennifer@example.com,6762783417,Saint Martin,New York,Gold,2017-01-09
4106,Kevin,Mills,Other,allen40@example.org,+91-762937175,India,Mysore,Bronze,2021-06-22
4107,Andrea,Wilson,Other,snyderthomas@example.org,+91-8492491801,India,Hyderabad,Bronze,2022-01-02
4108,Marie,Campbell,Other,hamiltonwarren@example.com,+91-2705477320,India,Visakhapatnam,Bronze,2024-11-16
4109,John,Wood,Female,tglass@example.net,+91-2057962980,India,Visakhapatnam,Gold,2020-09-08
4110,Carla,Pruitt,Other,daviswilliam@example.org,+1-380-803-5876x88896,Ethiopia,London,Gold,2023-04-23
4111,Tracy,Welch,Female,jennifer75@example.org,+1-937-247-8754x338,Sri Lanka,Paris,Silver,2020-08-16
4112,Linda,Lindsey,Other,bennettcolleen@example.com,+91-3215996796,India,Chennai,Silver,2021-06-18
4113,Christina,Moon,Other,bwade@example.net,+91-2140598814,India,Madurai,Bronze,2021-02-20
4114,Barbara,Andrews,Female,ashleymahoney@example.net,(774)688-4338,Barbados,New York,Bronze,2016-10-22
4115,Christopher,Allison,Other,william96@example.com,+91-1220994223,India,Vijayawada,Platinum,2023-06-09
4116,Cassandra,Griffith,Female,dbrown@example.com,+91-8114214392,India,Mysore,Bronze,2019-03-28
4117,Rachel,Martinez,Female,psmith@example.org,5725589343,Mexico,Dubai,Silver,2017-04-27
4118,John,Morales,Other,mckinneyfrank@example.net,+91-1768597704,India,Hyderabad,Bronze,2019-09-13
4119,Keith,Sullivan,Other,christinarussell@example.org,+91-4996367989,India,Vijayawada,Gold,2018-04-18
4120,Melissa,Hansen,Other,snydersamantha@example.net,+91-970477624,India,Visakhapatnam,Silver,2024-12-30
4121,Holly,Cochran,Female,connor71@example.com,+91-7525028955,India,Kochi,Bronze,2022-03-23
4122,John,Williams,Male,snyderanthony@example.com,+91-5368923817,India,Madurai,Silver,2017-04-19
4123,Kristen,Flores,Female,gregoryelliott@example.net,+91-3002826150,India,Mysore,Silver,2015-06-10
4124,Gregory,Campos,Female,perezannette@example.com,+91-7486641334,India,Chennai,Silver,2018-06-08
4125,Derek,Price,Other,philipvincent@example.net,858-542-0439x5143,Germany,London,Silver,2020-04-11
4126,Dennis,Smith,Other,jacobreed@example.com,+91-4411945842,India,Vijayawada,Bronze,2021-01-09
4127,Maureen,Williams,Male,joneschristopher@example.com,+91-2717610492,India,Coimbatore,Bronze,2019-08-24
4128,Todd,Powell,Male,maxwellkimberly@example.org,+91-7797832858,India,Hyderabad,Bronze,2022-11-30
4129,Ashlee,Kennedy,Other,michaeltaylor@example.com,+91-7720113584,India,Mysore,Bronze,2019-12-06
4130,Eric,Lewis,Female,veronicahenderson@example.org,+91-2145957137,India,Chennai,Silver,2022-10-27
4131,David,Sawyer,Female,adammoore@example.net,001-374-527-1094x307,Czech Republic,New York,Bronze,2016-06-15
4132,Christine,Mosley,Male,daniellevargas@example.org,+91-987250630,India,Mysore,Bronze,2020-11-04
4133,Adam,Myers,Female,ynelson@example.net,912.700.3722,South Africa,Paris,Bronze,2022-12-28
4134,Kevin,Fuller,Female,davischristopher@example.org,001-566-227-0857x9122,Niue,Dubai,Bronze,2023-07-11
4135,Candice,Wagner,Male,kleonard@example.com,+91-9577649198,India,Hyderabad,Bronze,2024-09-16
4136,Derek,Alvarez,Male,zbrown@example.org,+91-7998392759,India,Bangalore,Gold,2019-04-09
4137,Kimberly,Cohen,Female,whitemichael@example.org,+91-3178711313,India,Thiruvananthapuram,Bronze,2018-03-28
4138,Tom,Osborne,Other,ujones@example.org,001-442-735-3609x29372,Ghana,Sydney,Gold,2018-05-22
4139,Elizabeth,Johnson,Male,ronniethomas@example.com,+91-8623130445,India,Coimbatore,Gold,2024-09-06
4140,Deborah,Hale,Male,mark67@example.com,+91-8174143028,India,Chennai,Silver,2016-06-29
4141,Brian,Flynn,Other,jeffery59@example.org,+91-2482056458,India,Bangalore,Bronze,2018-10-11
4142,Nancy,Johnson,Male,danny49@example.net,(620)661-9444,Dominica,Toronto,Bronze,2019-03-20
4143,Lisa,Smith,Male,qmorales@example.com,+91-4211797871,India,Hyderabad,Platinum,2020-01-11
4144,Alexander,Lopez,Other,jamesthomas@example.com,765.524.8025x89171,Honduras,New York,Silver,2017-11-10
4145,Katrina,Jones,Female,jennifer00@example.com,+1-584-707-4873,Peru,New York,Gold,2022-02-28
4146,Benjamin,Cortez,Other,josephburke@example.com,+91-7114364095,India,Coimbatore,Bronze,2017-04-24
4147,Wanda,Andrade,Male,marilynnelson@example.org,+91-2493543838,India,Visakhapatnam,Silver,2023-07-19
4148,Brian,Owens,Female,philipmcmillan@example.org,+91-762505761,India,Madurai,Platinum,2022-11-28
4149,Emma,Pope,Male,melanie60@example.net,+91-8610294300,India,Hyderabad,Bronze,2023-04-17
4150,Anthony,Fowler,Other,xgeorge@example.net,+91-7883446101,India,Bangalore,Bronze,2022-10-06
4151,Emily,Jones,Other,brentchang@example.org,+91-8423155007,India,Bangalore,Bronze,2016-02-17
4152,Linda,Waters,Male,nleach@example.org,+91-1136263223,India,Visakhapatnam,Silver,2022-07-12
4153,Tyler,Williams,Other,dale09@example.com,+91-6006947529,India,Chennai,Platinum,2021-05-17
4154,Christine,Bennett,Other,amy06@example.com,+91-9643534009,India,Vijayawada,Bronze,2024-08-11
4155,Jay,Wright,Male,williamsshannon@example.com,+91-1056775662,India,Madurai,Bronze,2020-04-03
4156,Lisa,Abbott,Female,jeffreythompson@example.net,+91-7125203553,India,Visakhapatnam,Bronze,2024-06-06
4157,Jessica,Rios,Female,osborneholly@example.com,+91-1240294606,India,Visakhapatnam,Silver,2021-04-19
4158,Heather,Greene,Other,ncruz@example.net,+91-2750526112,India,Visakhapatnam,Silver,2021-05-11
4159,James,Davis,Other,valeriethompson@example.net,+91-5144079674,India,Thiruvananthapuram,Silver,2017-08-19
4160,Steven,Allen,Male,paul57@example.net,+91-7510479372,India,Mysore,Bronze,2018-07-18
4161,Daniel,Hart,Female,donnamcmahon@example.org,+91-9008131392,India,Hyderabad,Silver,2020-09-06
4162,Zachary,Baker,Female,jamesmiller@example.net,6496942704,China,Toronto,Silver,2018-10-12
4163,Kayla,Wolfe,Female,jacksondavid@example.com,+91-219986201,India,Vijayawada,Silver,2018-10-13
4164,Ariel,Hunt,Other,davidrodgers@example.org,+91-566895190,India,Visakhapatnam,Bronze,2022-02-19
4165,Andrea,Baker,Female,paynemichael@example.com,+91-4069990664,India,Kochi,Silver,2024-01-17
4166,Elizabeth,Davis,Female,hamiltonalexandra@example.com,+91-1311787851,India,Hyderabad,Platinum,2025-03-26
4167,Jimmy,Villarreal,Male,tfox@example.net,+91-3900536349,India,Thiruvananthapuram,Bronze,2015-06-02
4168,Dave,Aguirre,Male,sydney68@example.com,+1-547-702-5793x624,Ukraine,Sydney,Bronze,2017-05-17
4169,Garrett,Mcbride,Female,thomas20@example.net,+91-424055918,India,Vijayawada,Bronze,2023-11-15
4170,Katherine,Armstrong,Female,amy27@example.org,+91-1937053401,India,Vijayawada,Silver,2017-05-27
4171,Joshua,Thomas,Male,adavis@example.net,+91-5459329185,India,Thiruvananthapuram,Bronze,2021-07-25
4172,Michael,Jones,Other,eric66@example.com,+91-7309514277,India,Thiruvananthapuram,Gold,2023-10-22
4173,Beth,Owens,Female,barkerrobert@example.com,+91-962098364,India,Mysore,Platinum,2015-11-14
4174,Danielle,Ramirez,Other,loripruitt@example.net,+91-1133266354,India,Coimbatore,Bronze,2023-07-31
4175,Amy,Underwood,Other,michael35@example.org,+91-7602958729,India,Thiruvananthapuram,Silver,2020-02-23
4176,James,Chen,Other,robinjacobs@example.org,+91-1991866735,India,Hyderabad,Bronze,2023-05-07
4177,Mary,Miller,Other,corey37@example.net,+91-556653505,India,Bangalore,Gold,2025-02-25
4178,Michelle,Higgins,Other,susanjennings@example.org,+91-909777127,India,Bangalore,Bronze,2018-04-25
4179,Rhonda,Mcdaniel,Female,jeffreywright@example.net,+91-4214214748,India,Thiruvananthapuram,Bronze,2024-06-29
4180,Robert,Williams,Other,williamsmall@example.net,+91-9034136026,India,Vijayawada,Platinum,2021-11-12
4181,John,Edwards,Male,noahpearson@example.net,001-948-250-1465x316,Ecuador,Toronto,Platinum,2016-11-25
4182,Matthew,Molina,Male,eddiethomas@example.net,+91-7750707470,India,Thiruvananthapuram,Bronze,2019-11-28
4183,David,Costa,Male,saundersbobby@example.net,+91-993931990,India,Bangalore,Bronze,2021-12-15
4184,Jimmy,Lawson,Female,delgadojeffrey@example.org,+91-4042947382,India,Mysore,Gold,2021-02-06
4185,Ryan,Dean,Male,pamela53@example.org,+91-4445556481,India,Coimbatore,Platinum,2018-03-12
4186,Ryan,Munoz,Other,whiteemma@example.net,+91-1138298058,India,Mysore,Silver,2020-07-20
4187,Rhonda,Townsend,Other,imorgan@example.org,+91-9841715543,India,Madurai,Gold,2023-10-22
4188,Erik,Meyer,Other,lthomas@example.net,+91-2312479352,India,Chennai,Bronze,2024-07-27
4189,Patrick,Long,Male,jrodriguez@example.org,+91-9350353052,India,Hyderabad,Gold,2023-01-30
4190,Justin,Frank,Male,bherman@example.com,+91-8728044330,India,Visakhapatnam,Silver,2025-03-05
4191,Tina,Charles,Other,robert11@example.org,(709)674-0262x77602,Jersey,Paris,Silver,2024-01-29
4192,Sharon,Saunders,Other,dsmith@example.org,+91-3404801903,India,Mysore,Silver,2024-07-20
4193,Stanley,Carson,Male,kingriley@example.net,+91-4868080008,India,Visakhapatnam,Gold,2017-02-07
4194,Anthony,Pierce,Female,stanley18@example.com,+91-8781032174,India,Hyderabad,Platinum,2021-10-10
4195,James,Stanley,Female,kyle01@example.net,869.321.2814,Bahamas,Berlin,Silver,2016-02-24
4196,Patrick,Rubio,Male,ryates@example.net,+91-1200018967,India,Kochi,Platinum,2019-11-30
4197,Kyle,Meza,Female,fperkins@example.com,+91-7463336703,India,Bangalore,Bronze,2025-01-11
4198,Christine,Williams,Female,krystalvelez@example.com,+91-6981706035,India,Mysore,Gold,2023-05-30
4199,Brian,Hooper,Female,reedwayne@example.org,001-410-657-3807x514,Morocco,New York,Bronze,2019-01-23
4200,Jerry,Keller,Male,arthurvaldez@example.org,3949979243,Ukraine,New York,Gold,2022-07-20
4201,Emily,Foster,Male,garciasharon@example.org,+1-733-250-4081,Kuwait,New York,Silver,2017-03-06
4202,James,Jones,Female,laura25@example.com,+91-2512206914,India,Vijayawada,Bronze,2016-09-30
4203,Paul,Pittman,Female,tmoore@example.org,001-489-203-4921x93294,United States Minor Outlying Islands,Toronto,Gold,2019-01-04
4204,Timothy,Rodriguez,Female,ayalasarah@example.net,+91-3583877307,India,Kochi,Silver,2020-09-22
4205,Scott,Goodman,Male,allencharles@example.net,+91-2019797366,India,Thiruvananthapuram,Bronze,2023-04-17
4206,Daniel,Ruiz,Female,allenrobert@example.com,+91-9809995830,India,Kochi,Gold,2017-11-21
4207,Sean,Jones,Female,tyler45@example.net,(284)571-1199,Turkmenistan,New York,Gold,2023-02-12
4208,Christine,Lewis,Other,ymoore@example.net,+91-2230604595,India,Hyderabad,Silver,2024-01-01
4209,Bradley,Carroll,Other,julia63@example.net,+91-7878052001,India,Visakhapatnam,Gold,2019-01-31
4210,Brittany,Scott,Male,carlosmurray@example.com,+91-5472077510,India,Visakhapatnam,Silver,2015-08-29
4211,John,King,Male,shannon49@example.org,+91-7880308895,India,Hyderabad,Silver,2023-05-04
4212,Kathy,Leblanc,Male,vbell@example.org,+91-4086410290,India,Thiruvananthapuram,Silver,2020-03-17
4213,Linda,Parks,Other,mitchellfaith@example.net,+91-2679067893,India,Madurai,Bronze,2023-12-03
4214,Joy,Brown,Female,smithhaley@example.com,+91-9920720438,India,Chennai,Bronze,2019-10-07
4215,Amy,Johnston,Other,hendricksamanda@example.org,+91-1797145860,India,Coimbatore,Gold,2023-02-15
4216,Kelsey,Jordan,Male,glara@example.com,332-223-1276x8567,Burkina Faso,Sydney,Bronze,2024-06-12
4217,Jeremy,Willis,Male,roberthansen@example.org,640-927-9860,Georgia,Dubai,Silver,2016-07-03
4218,Olivia,Harris,Female,michaelperez@example.net,(676)435-5526x5051,South Africa,Sydney,Bronze,2024-04-15
4219,Jose,Lee,Female,bobbyrose@example.com,425.968.1282,Sweden,Toronto,Bronze,2022-01-29
4220,Tabitha,Patel,Other,louiszhang@example.net,+91-1561010679,India,Madurai,Bronze,2020-05-12
4221,Brittney,Reed,Male,huberjennifer@example.net,+91-2998940946,India,Visakhapatnam,Bronze,2025-04-13
4222,Maria,Bradley,Male,aorozco@example.net,+91-3653325382,India,Chennai,Bronze,2019-10-01
4223,Stephanie,Garcia,Male,gregory76@example.com,+91-7029296867,India,Madurai,Platinum,2019-04-03
4224,Stacy,Mcbride,Female,charleswatson@example.net,+91-5495634923,India,Madurai,Gold,2016-01-26
4225,Jennifer,Barajas,Other,qbrown@example.org,(559)221-4299x1436,Zambia,London,Bronze,2019-08-12
4226,Teresa,Leblanc,Male,francis74@example.com,+91-3544878530,India,Mysore,Silver,2023-08-01
4227,Katherine,Holloway,Other,xbrewer@example.org,+1-249-952-5919,Monaco,Sydney,Silver,2018-06-25
4228,Donald,Baker,Other,sherriburke@example.com,2848946086,American Samoa,Paris,Platinum,2020-06-20
4229,Kimberly,Anderson,Male,phall@example.com,+91-8447485834,India,Hyderabad,Gold,2016-07-16
4230,Ashlee,Collins,Male,susansmith@example.com,+91-3545725738,India,Madurai,Bronze,2020-10-21
4231,Patrick,Mckenzie,Other,ronnie24@example.net,+91-8510793567,India,Madurai,Gold,2020-05-13
4232,Michelle,King,Female,georgehamilton@example.org,+91-2182947664,India,Madurai,Gold,2025-04-01
4233,Jason,Fowler,Other,kristin87@example.org,+91-7231455617,India,Vijayawada,Silver,2015-06-30
4234,Derrick,Wilson,Male,aguirrejimmy@example.org,+91-5064088866,India,Kochi,Silver,2018-09-22
4235,Grant,Santana,Male,wwatson@example.net,(318)772-7551x89345,Senegal,Berlin,Silver,2015-09-08
4236,Adrienne,Jones,Male,hsantos@example.com,+91-6048741891,India,Hyderabad,Silver,2017-03-31
4237,Jonathan,Lee,Other,michellesanchez@example.net,+91-5880668429,India,Visakhapatnam,Bronze,2024-10-31
4238,Daniel,Garcia,Female,cody19@example.net,+91-1663570201,India,Thiruvananthapuram,Bronze,2022-12-20
4239,Maria,Moreno,Other,john38@example.com,+91-2966513055,India,Hyderabad,Bronze,2021-03-04
4240,Dana,Martin,Male,owencassandra@example.com,+91-1448155299,India,Madurai,Bronze,2023-05-15
4241,Rita,Richards,Female,vhenry@example.org,(931)574-9438x554,Pakistan,New York,Bronze,2019-01-31
4242,Jennifer,Howard,Other,rickey36@example.net,+91-8666360462,India,Chennai,Silver,2016-06-25
4243,Matthew,Wilkins,Male,zimmermanjames@example.com,+1-339-955-2147x251,Suriname,Berlin,Platinum,2022-11-18
4244,Bradley,Mayo,Other,bmcdonald@example.net,+91-3153835672,India,Vijayawada,Bronze,2018-01-25
4245,Ryan,Meadows,Male,andrewwilliams@example.org,+91-3572691009,India,Madurai,Silver,2020-07-04
4246,Alisha,Daniel,Female,crystal32@example.com,+91-4152975222,India,Kochi,Gold,2017-02-16
4247,Tiffany,Rodriguez,Female,hboyd@example.org,+91-3597069868,India,Thiruvananthapuram,Gold,2019-12-30
4248,Jonathan,Tran,Female,robert64@example.com,+91-2425109535,India,Hyderabad,Silver,2023-04-23
4249,Jonathan,Sheppard,Male,thompsondebbie@example.net,+91-1200734353,India,Vijayawada,Bronze,2016-11-28
4250,Steven,Thompson,Female,yperez@example.net,+91-4330796458,India,Kochi,Bronze,2018-01-26
4251,Barbara,Walker,Male,wilsonchloe@example.com,+91-1088187007,India,Vijayawada,Bronze,2022-06-10
4252,Daniel,Foster,Other,beth52@example.net,+91-7811968229,India,Madurai,Silver,2022-07-28
4253,James,Wells,Other,donaldpark@example.net,+1-689-334-6361x0657,Mauritania,Dubai,Bronze,2023-03-03
4254,Benjamin,Mcbride,Male,vgriffin@example.com,+91-6542612679,India,Bangalore,Gold,2024-02-08
4255,Patrick,Merritt,Female,gutierrezanthony@example.org,+91-8420082889,India,Hyderabad,Gold,2019-09-18
4256,Franklin,Thomas,Male,ugreen@example.com,+91-9484867985,India,Chennai,Bronze,2023-04-23
4257,Steven,Lynn,Female,alvarezjacqueline@example.com,7786304763,Romania,Dubai,Bronze,2018-07-02
4258,Stephen,Mckee,Female,joneskevin@example.org,+91-4060563297,India,Vijayawada,Bronze,2023-11-16
4259,Judy,Henderson,Other,emilythomas@example.com,+91-3356563716,India,Kochi,Silver,2021-03-18
4260,Aaron,Newton,Female,victor09@example.com,754-328-3299x27307,Bolivia,London,Gold,2018-09-12
4261,Sharon,Moore,Female,rosslori@example.org,+91-1317722767,India,Thiruvananthapuram,Bronze,2024-04-25
4262,Christina,Mathews,Male,vhamilton@example.org,+91-1560131530,India,Thiruvananthapuram,Gold,2024-05-06
4263,Scott,Johnson,Female,joshua68@example.com,943-773-3452x4884,San Marino,New York,Bronze,2015-06-25
4264,Laura,Wilkerson,Female,ecarr@example.org,+91-590485052,India,Vijayawada,Gold,2017-04-13
4265,Charles,Allen,Other,mvasquez@example.org,+91-9567695732,India,Chennai,Bronze,2022-06-23
4266,William,Rasmussen,Other,davisamanda@example.org,+91-5380637831,India,Visakhapatnam,Silver,2024-11-13
4267,Joseph,Freeman,Female,davidmartin@example.net,001-510-516-5389x207,Micronesia,Berlin,Gold,2022-11-10
4268,Donald,Vazquez,Other,wilsonian@example.com,+91-9992297334,India,Bangalore,Gold,2025-03-22
4269,Mark,Olsen,Other,aedwards@example.org,+91-8421498994,India,Madurai,Gold,2019-09-23
4270,Tamara,Clements,Female,andrewanderson@example.net,+91-3695950767,India,Thiruvananthapuram,Platinum,2024-08-01
4271,Brandon,Livingston,Female,gjones@example.com,001-773-984-4687x46825,Botswana,Tokyo,Bronze,2021-10-20
4272,Samuel,Williams,Female,jamesberg@example.org,+91-1412892960,India,Madurai,Silver,2017-07-14
4273,Joseph,Greene,Female,hannahstanley@example.net,+91-8024365684,India,Mysore,Bronze,2024-04-01
4274,Vernon,Hutchinson,Male,myerserin@example.com,+91-2144818818,India,Thiruvananthapuram,Bronze,2023-12-18
4275,Michael,Summers,Male,ndaniels@example.com,+91-88526202,India,Chennai,Platinum,2024-10-03
4276,Jessica,Dodson,Male,leah67@example.com,+91-8305837168,India,Visakhapatnam,Silver,2022-12-18
4277,Keith,Tate,Male,bcopeland@example.org,+91-9631878569,India,Madurai,Silver,2018-01-03
4278,Thomas,Stone,Other,dominguezdonna@example.net,+91-938237309,India,Chennai,Bronze,2022-09-23
4279,Chad,Anderson,Female,camposmichael@example.net,+91-3022783723,India,Coimbatore,Silver,2021-01-30
4280,Michelle,Cooper,Other,cmiller@example.net,+91-9309143618,India,Vijayawada,Bronze,2015-07-20
4281,Brian,Blankenship,Other,otucker@example.com,797-924-7576x263,Isle of Man,New York,Bronze,2017-03-24
4282,Robert,David,Male,growe@example.net,+91-2963549256,India,Madurai,Gold,2018-08-04
4283,Dustin,Fitzgerald,Male,amanda53@example.net,632-562-1622x912,Liberia,Dubai,Gold,2016-11-28
4284,Chelsea,Galloway,Male,lopeztammy@example.org,+91-2908561193,India,Chennai,Bronze,2019-09-28
4285,Michael,Price,Female,matthew81@example.org,+91-9993946268,India,Hyderabad,Bronze,2022-03-24
4286,Grant,Rivera,Male,samuel76@example.net,+91-4937966222,India,Madurai,Silver,2024-03-06
4287,Kyle,Sharp,Male,boltonsteven@example.com,+91-102278621,India,Visakhapatnam,Bronze,2021-11-07
4288,David,Baker,Other,jgonzalez@example.com,+91-9806821949,India,Chennai,Bronze,2022-04-28
4289,Mary,Chapman,Other,imoss@example.com,+91-668831823,India,Thiruvananthapuram,Bronze,2019-09-02
4290,Thomas,Garza,Other,brittanymay@example.net,+91-7593111241,India,Mysore,Silver,2025-01-21
4291,Bailey,Miller,Other,victoriapowell@example.net,+91-3388673257,India,Visakhapatnam,Silver,2019-11-25
4292,Sandra,Vargas,Female,carolriley@example.org,+91-3972100450,India,Hyderabad,Bronze,2025-04-25
4293,Dennis,Arnold,Other,penny11@example.com,+91-862903004,India,Coimbatore,Bronze,2019-08-27
4294,Andrew,Morales,Male,tbriggs@example.net,+91-2867301488,India,Hyderabad,Bronze,2023-11-25
4295,Jessica,Smith,Female,hmorales@example.org,+91-9508609048,India,Coimbatore,Silver,2020-12-16
4296,Tanya,Davis,Male,sross@example.net,+91-3145701179,India,Bangalore,Bronze,2015-06-18
4297,Alicia,Thomas,Other,daleowens@example.com,+91-2305322389,India,Visakhapatnam,Bronze,2015-07-09
4298,David,Baird,Female,jeremywatkins@example.org,(574)213-3385x19193,Thailand,New York,Silver,2016-03-11
4299,Anthony,Smith,Male,jamesbuchanan@example.net,+91-5818654421,India,Coimbatore,Platinum,2021-08-30
4300,Anthony,Wood,Other,xgutierrez@example.org,+91-8090784643,India,Hyderabad,Silver,2022-01-10
4301,Matthew,Moore,Male,russellalexander@example.org,314.239.9501x9956,Slovenia,Dubai,Silver,2021-06-17
4302,Tiffany,Roberts,Other,bstevenson@example.com,+91-4914453361,India,Hyderabad,Silver,2024-04-20
4303,Daniel,Rivers,Male,lrice@example.org,+91-5560357677,India,Visakhapatnam,Gold,2020-01-31
4304,Douglas,Hull,Other,hendersonbrian@example.com,+91-536169579,India,Coimbatore,Gold,2023-02-13
4305,Penny,Mendoza,Male,ilester@example.com,+91-8195920580,India,Hyderabad,Bronze,2016-08-28
4306,Christopher,Marquez,Other,nicoleadkins@example.org,275-408-4678x870,Saint Vincent and the Grenadines,Sydney,Platinum,2020-05-05
4307,Tiffany,Moore,Female,bhernandez@example.com,384.211.1661x852,Cocos (Keeling) Islands,Berlin,Silver,2018-08-17
4308,Katie,Cook,Male,amyroth@example.com,+91-7181736330,India,Hyderabad,Platinum,2017-04-04
4309,Marie,Drake,Female,vanessa14@example.org,+91-3136985043,India,Thiruvananthapuram,Bronze,2019-02-14
4310,Kathleen,Harper,Female,bankseric@example.com,+91-9529126036,India,Mysore,Silver,2019-06-10
4311,John,Ali,Female,robert62@example.net,+91-5098025273,India,Thiruvananthapuram,Silver,2021-12-30
4312,Alan,Walter,Male,shannonbrown@example.com,+91-3056628866,India,Hyderabad,Bronze,2023-02-21
4313,Elizabeth,Decker,Female,nrobinson@example.net,001-468-360-0645,Monaco,Los Angeles,Gold,2019-07-31
4314,Lori,Kramer,Female,pamela79@example.com,+91-4171374625,India,Coimbatore,Bronze,2018-04-28
4315,Robert,Castillo,Other,david78@example.net,+91-4440617235,India,Madurai,Bronze,2015-05-04
4316,Scott,Alvarado,Male,richardbishop@example.org,+91-4242049426,India,Chennai,Bronze,2021-10-27
4317,Tracy,Henderson,Other,wesley97@example.net,+91-2725041351,India,Vijayawada,Bronze,2018-07-19
4318,Bruce,George,Female,acruz@example.org,+91-1165654132,India,Madurai,Platinum,2020-09-05
4319,Steve,Ho,Male,lvaughn@example.org,+91-9453710075,India,Thiruvananthapuram,Gold,2015-11-17
4320,Brittany,Frey,Female,pbutler@example.org,+91-1078580640,India,Thiruvananthapuram,Silver,2020-12-03
4321,Kimberly,Lewis,Male,garybarber@example.net,+91-6195905315,India,Kochi,Silver,2025-01-19
4322,Stephanie,Wallace,Other,patriciarasmussen@example.net,+91-8373177881,India,Coimbatore,Bronze,2022-09-29
4323,Alexis,Howell,Other,james53@example.net,786.219.7748x4183,Liberia,Berlin,Bronze,2020-10-20
4324,Benjamin,Thomas,Female,lanewilliam@example.org,310.610.2782x4300,Hungary,Dubai,Gold,2016-05-12
4325,Timothy,Tate,Other,arthur44@example.com,+91-2895620669,India,Thiruvananthapuram,Bronze,2024-08-18
4326,Daniel,Ruiz,Male,doughertyemily@example.org,467.575.2000,Cameroon,Toronto,Bronze,2024-08-16
4327,Melanie,Peterson,Male,adonaldson@example.com,+91-1709736801,India,Vijayawada,Silver,2024-02-09
4328,John,Harvey,Male,davidswanson@example.net,+91-3538883336,India,Kochi,Gold,2018-10-10
4329,Sarah,Mccormick,Other,brownroy@example.com,+91-516913408,India,Hyderabad,Gold,2021-03-15
4330,Dawn,Miller,Other,hernandezmonica@example.net,+91-8877154367,India,Coimbatore,Bronze,2023-06-16
4331,Logan,Russell,Male,diana74@example.net,001-445-880-3555x9602,Estonia,Toronto,Bronze,2016-04-04
4332,Brandon,Dixon,Female,johnsoncynthia@example.net,+91-104986227,India,Visakhapatnam,Silver,2020-12-09
4333,Tyler,Delgado,Male,wrightmary@example.org,+91-9729293444,India,Kochi,Silver,2022-03-30
4334,Mary,Hoffman,Male,umccarthy@example.net,+91-372290487,India,Kochi,Silver,2019-12-13
4335,John,Watson,Male,qbridges@example.net,+91-4143042063,India,Coimbatore,Silver,2018-09-22
4336,Victoria,Brown,Female,timothy27@example.org,484.467.6755,Malaysia,Sydney,Silver,2022-05-08
4337,Ricky,Curtis,Other,sabrina75@example.org,+91-2285128767,India,Chennai,Bronze,2019-11-30
4338,Steven,Woods,Male,ylynn@example.com,+91-1918544807,India,Madurai,Silver,2016-10-08
4339,Jo,Fuentes,Male,jenniferholmes@example.org,+91-6216203612,India,Thiruvananthapuram,Silver,2022-10-18
4340,Bradley,Beltran,Other,laura03@example.net,+91-7395831,India,Vijayawada,Silver,2016-09-14
4341,Anna,Davila,Other,paul52@example.org,+91-2185533226,India,Visakhapatnam,Gold,2018-03-16
4342,Natalie,Smith,Male,sarahdavis@example.org,646-437-0058,Nigeria,Berlin,Gold,2023-12-09
4343,Jennifer,Grant,Male,smithbrittany@example.net,(471)888-8656,Palestinian Territory,Paris,Silver,2023-11-28
4344,Ronald,Morton,Other,brownmatthew@example.com,+91-6096567271,India,Madurai,Bronze,2023-10-17
4345,Christopher,Abbott,Female,gillespieamy@example.net,+91-8492872049,India,Vijayawada,Gold,2021-04-01
4346,Andrew,Harper,Other,cooktricia@example.org,+91-1373857041,India,Hyderabad,Gold,2023-03-30
4347,Patricia,Smith,Female,troyjohnson@example.com,+91-7582924376,India,Bangalore,Bronze,2016-06-22
4348,Emily,Parker,Male,brenttate@example.com,+1-980-425-7082x0775,Malaysia,Sydney,Gold,2024-08-24
4349,Brenda,Watkins,Male,gwebb@example.org,+91-2614826666,India,Coimbatore,Gold,2020-01-17
4350,Amy,Callahan,Other,kathleen61@example.com,+91-5920385782,India,Hyderabad,Gold,2016-11-24
4351,Carolyn,Stone,Male,mackenzie72@example.net,+91-6535659658,India,Coimbatore,Gold,2017-12-12
4352,Jessica,Petty,Female,rachael02@example.org,+91-9062610647,India,Visakhapatnam,Gold,2019-08-31
4353,Kirk,Suarez,Male,courtneyfranco@example.net,+91-4805087362,India,Hyderabad,Silver,2017-11-30
4354,David,Sherman,Female,danielmaxwell@example.com,+91-3996297996,India,Bangalore,Bronze,2022-01-14
4355,Brittany,Sanchez,Female,edward99@example.org,+91-4234635012,India,Chennai,Platinum,2018-08-31
4356,Stephen,Hicks,Other,dcarter@example.net,+91-7713231226,India,Coimbatore,Bronze,2023-02-02
4357,Amanda,Ross,Other,bpotter@example.net,+91-626051800,India,Chennai,Gold,2022-01-14
4358,Justin,Gibson,Female,thomas39@example.com,+91-4403721364,India,Thiruvananthapuram,Bronze,2021-10-12
4359,Eric,Mcdonald,Female,kelli19@example.org,+91-7787542802,India,Hyderabad,Bronze,2024-03-27
4360,Jeremy,Phillips,Female,amy66@example.org,+91-4953608467,India,Thiruvananthapuram,Platinum,2017-01-05
4361,Emma,Cervantes,Other,sarah92@example.net,(541)586-6782x89849,Colombia,Dubai,Silver,2023-11-29
4362,Kathleen,Stevenson,Male,richard48@example.org,001-246-388-7881x88740,Uganda,Toronto,Silver,2016-09-02
4363,Stephen,Allen,Female,jillian08@example.net,+91-1135255898,India,Madurai,Bronze,2023-06-05
4364,Michael,Richards,Female,wnelson@example.net,+91-5061144346,India,Thiruvananthapuram,Gold,2023-09-02
4365,Jonathan,Leonard,Other,mathewsoto@example.org,909-312-0606,Romania,Dubai,Silver,2024-11-25
4366,Yolanda,Williams,Female,edwardkelley@example.net,+91-7720530034,India,Bangalore,Gold,2020-09-16
4367,Robert,Duke,Male,angelaanderson@example.com,+1-377-854-6561x02947,Dominica,Singapore,Bronze,2022-08-05
4368,Cathy,Austin,Male,vweeks@example.org,+91-2379774948,India,Kochi,Gold,2023-10-23
4369,Peter,Jensen,Female,robinbaker@example.com,(211)905-8091x52108,Mauritius,Singapore,Platinum,2016-05-20
4370,Oscar,Patterson,Male,enelson@example.org,(760)929-4479,Cote d'Ivoire,New York,Silver,2022-01-22
4371,David,Bennett,Female,yjenkins@example.com,775.203.7928,Isle of Man,Los Angeles,Silver,2022-11-05
4372,Peggy,Hall,Other,jeremy30@example.net,+91-9241183024,India,Kochi,Bronze,2017-06-14
4373,Michael,Dixon,Male,alisonarellano@example.org,+91-3494336890,India,Madurai,Silver,2019-01-21
4374,Elaine,Blair,Male,osantos@example.net,+91-8285700672,India,Kochi,Platinum,2016-04-04
4375,Olivia,Benson,Male,kellybrown@example.com,435.580.7907,French Southern Territories,New York,Bronze,2015-11-25
4376,Laura,Spencer,Female,adamwilliamson@example.net,+91-3314035904,India,Hyderabad,Bronze,2018-02-03
4377,Gabriela,Hudson,Male,paularoman@example.com,+91-5733853192,India,Thiruvananthapuram,Platinum,2024-12-14
4378,Jonathan,Davis,Male,wjones@example.org,+91-8980383742,India,Coimbatore,Silver,2018-08-14
4379,Jon,Mason,Other,wtyler@example.org,+91-3746144423,India,Vijayawada,Platinum,2019-01-22
4380,Stephen,Weaver,Other,summer68@example.org,+91-2342220496,India,Madurai,Silver,2017-06-13
4381,Sydney,Norton,Female,klowe@example.com,+91-7283282938,India,Chennai,Gold,2023-11-13
4382,Luis,Hammond,Female,josephanderson@example.org,+91-9671649125,India,Visakhapatnam,Bronze,2023-03-17
4383,Laura,Lucas,Other,martinezjames@example.net,696.452.0670x180,Gambia,Paris,Platinum,2020-05-02
4384,Hunter,Robinson,Female,maurice33@example.net,+91-5598430429,India,Hyderabad,Bronze,2015-06-24
4385,Carol,Lynch,Female,hwilliams@example.net,+91-2642488316,India,Coimbatore,Bronze,2017-06-27
4386,Phillip,Vance,Male,michellekrueger@example.com,001-340-556-0525x60021,Switzerland,Toronto,Platinum,2017-06-16
4387,Ronald,Howard,Male,perezaaron@example.com,+91-7738222787,India,Bangalore,Bronze,2018-12-03
4388,Adam,Moore,Female,cathygallegos@example.net,904-362-2808x517,Cocos (Keeling) Islands,Berlin,Bronze,2021-01-12
4389,Madison,Marsh,Other,kmartin@example.com,+91-4264606651,India,Thiruvananthapuram,Bronze,2017-12-18
4390,Shannon,Weeks,Female,morrisemily@example.com,+91-423813806,India,Kochi,Gold,2024-02-06
4391,Eric,Carter,Male,zowens@example.org,+91-423662303,India,Chennai,Silver,2015-09-08
4392,Amber,Lopez,Other,paul87@example.org,+91-2671230568,India,Vijayawada,Silver,2016-12-18
4393,Elizabeth,Moore,Male,nathangarcia@example.org,001-698-301-2209x887,Greenland,London,Silver,2025-02-03
4394,Karl,Lewis,Male,robinsondana@example.com,+91-2266299708,India,Bangalore,Silver,2020-08-19
4395,Briana,Kim,Other,lbishop@example.net,+91-6027643690,India,Visakhapatnam,Bronze,2016-12-17
4396,Marie,Baldwin,Other,kellyjohn@example.org,+91-8642835779,India,Bangalore,Silver,2016-12-10
4397,Kimberly,Martin,Other,sandersgreg@example.net,(213)520-1083x56610,Ethiopia,Tokyo,Gold,2015-08-10
4398,David,Johnson,Male,michaeljohnson@example.com,+91-7211226596,India,Visakhapatnam,Bronze,2018-12-30
4399,Jerry,Rasmussen,Other,katrina45@example.net,(611)265-6472,Guernsey,New York,Bronze,2020-10-03
4400,Tyler,Massey,Female,ftorres@example.net,+91-7129822243,India,Coimbatore,Silver,2022-05-05
4401,Roy,Mooney,Female,johnbryant@example.com,+91-5816329076,India,Kochi,Bronze,2021-11-23
4402,Mark,Rivera,Female,justin18@example.net,+91-8533646515,India,Kochi,Gold,2025-01-09
4403,David,White,Female,onichols@example.com,553.415.6903x3630,Puerto Rico,New York,Bronze,2017-01-20
4404,Sarah,Williams,Female,patrick17@example.com,(711)847-1545,Solomon Islands,Singapore,Silver,2020-06-05
4405,Gary,Reilly,Female,randywilliams@example.net,+91-6946187790,India,Mysore,Bronze,2021-08-23
4406,Jessica,Duran,Male,nicolereeves@example.net,001-598-701-0935,Haiti,Berlin,Silver,2019-06-07
4407,Karina,West,Male,kwallace@example.org,+91-6052257739,India,Thiruvananthapuram,Bronze,2020-02-26
4408,Kimberly,Johnson,Female,adkinsrandall@example.net,+91-7443642454,India,Coimbatore,Silver,2017-06-18
4409,Robert,Nelson,Male,jperez@example.com,+91-1465516424,India,Vijayawada,Silver,2019-11-20
4410,Jeffrey,Glass,Female,tiffanystone@example.net,001-536-526-5587x1629,Indonesia,Berlin,Silver,2023-12-16
4411,Derek,Williams,Male,reillyconnie@example.org,001-817-271-7028x9998,Saint Martin,London,Bronze,2017-11-19
4412,Kyle,Miller,Female,sethhayden@example.org,+91-6146466017,India,Thiruvananthapuram,Bronze,2022-09-12
4413,Suzanne,Sutton,Male,danielmoss@example.net,+91-6792026952,India,Madurai,Bronze,2020-09-13
4414,Roy,Long,Male,robert26@example.com,383-250-9735,French Guiana,New York,Bronze,2022-09-15
4415,Roberta,Burnett,Female,hayeschristopher@example.com,+91-3162693522,India,Thiruvananthapuram,Bronze,2024-01-11
4416,Edward,Jennings,Male,jay75@example.org,+91-8453403863,India,Hyderabad,Bronze,2022-06-18
4417,Kyle,White,Male,yperry@example.org,+91-4447556459,India,Chennai,Bronze,2023-01-02
4418,Jason,Smith,Female,tylermata@example.org,2789745510,Hungary,London,Gold,2017-12-25
4419,Edward,Robinson,Other,mark60@example.org,+91-3723612531,India,Thiruvananthapuram,Silver,2021-11-15
4420,Michael,Wilson,Male,robert66@example.org,381-994-6070x437,Kyrgyz Republic,Dubai,Bronze,2015-12-05
4421,Timothy,Jones,Male,burnettanita@example.com,+91-7378412128,India,Kochi,Bronze,2015-11-03
4422,Donald,Mcdonald,Other,hinesjeffrey@example.com,+91-9112656179,India,Thiruvananthapuram,Bronze,2019-06-24
4423,Charles,Chavez,Male,travis58@example.com,+1-706-871-7596x22833,Portugal,Toronto,Platinum,2016-07-06
4424,Angel,Torres,Female,terri73@example.net,960.473.4916x8144,Germany,Sydney,Silver,2020-01-25
4425,Audrey,Bell,Male,kaylahobbs@example.com,256.965.9163x96703,Saint Pierre and Miquelon,Tokyo,Gold,2021-10-17
4426,James,Lindsey,Male,aayala@example.net,(548)690-2863,French Guiana,London,Bronze,2023-07-21
4427,Bryan,Mendez,Female,jennifer56@example.com,+91-2782459916,India,Bangalore,Bronze,2022-05-22
4428,Desiree,Oliver,Male,ethantaylor@example.net,+91-6458725260,India,Bangalore,Platinum,2018-12-07
4429,Tyler,Wells,Male,rebeccahughes@example.net,+91-4842447426,India,Kochi,Gold,2019-08-05
4430,Charles,Richardson,Female,agomez@example.com,+91-4245189521,India,Chennai,Silver,2016-04-11
4431,Gina,Wright,Male,sgreen@example.net,519-682-4819x84116,Saint Pierre and Miquelon,Toronto,Platinum,2021-07-25
4432,Tony,Hall,Female,frose@example.com,+91-5550273726,India,Thiruvananthapuram,Platinum,2021-03-18
4433,Tammy,Lewis,Male,kathybright@example.org,+91-3908183527,India,Coimbatore,Silver,2023-04-12
4434,Makayla,Carter,Male,willie74@example.net,+1-648-512-992,Falkland Islands (Malvinas),London,Gold,2016-07-24
4435,Elizabeth,Alvarez,Other,jordanjoshua@example.com,+91-4593679734,India,Kochi,Silver,2016-01-07
4436,Cory,Elliott,Male,samantha56@example.net,+91-6632365324,India,Hyderabad,Silver,2018-06-02
4437,Wendy,Campbell,Male,suzannewalker@example.org,7538909674,Timor-Leste,Paris,Bronze,2020-03-07
4438,Kaitlin,Anderson,Male,robert23@example.net,+91-1422904491,India,Kochi,Silver,2024-10-06
4439,Carmen,Taylor,Other,nashsamantha@example.com,+91-7099681541,India,Madurai,Gold,2021-01-02
4440,Patricia,Newman,Female,turnershawn@example.com,+91-5693099931,India,Mysore,Silver,2017-05-29
4441,Melissa,Lee,Other,kaylaclark@example.net,+91-337301008,India,Mysore,Silver,2016-05-15
4442,Jesse,Powell,Female,chorton@example.com,+1-532-426-5825x427,Saudi Arabia,Singapore,Gold,2021-06-05
4443,Catherine,Willis,Male,catherinedavis@example.com,+91-8556295328,India,Vijayawada,Platinum,2018-09-17
4444,Daniel,Lewis,Other,rubenstevens@example.org,576-647-9149,Burkina Faso,Toronto,Gold,2025-01-29
4445,Erik,Anderson,Male,christopher32@example.org,+91-9260833659,India,Coimbatore,Bronze,2023-05-24
4446,Chad,Williams,Other,charleswilson@example.net,+91-2954497305,India,Mysore,Platinum,2018-01-02
4447,Courtney,Hahn,Female,ofreeman@example.net,+91-6638530985,India,Vijayawada,Gold,2017-12-24
4448,Diane,Stout,Female,cooperkerri@example.com,+91-7335080554,India,Visakhapatnam,Silver,2024-08-08
4449,Haley,Terrell,Female,bryankennedy@example.com,+91-1475590567,India,Kochi,Silver,2015-09-20
4450,Kelsey,Sawyer,Other,justincarter@example.org,001-792-583-4564x25781,Spain,Los Angeles,Silver,2017-05-12
4451,Scott,Bass,Female,barberthomas@example.net,+91-9237335701,India,Bangalore,Gold,2018-11-24
4452,Jasmine,Harris,Female,fordmax@example.org,+91-6928916681,India,Thiruvananthapuram,Silver,2023-08-16
4453,Pamela,Clark,Other,thomasjohn@example.org,+91-9403559051,India,Coimbatore,Silver,2017-06-01
4454,Heather,Jacobs,Male,tammy71@example.com,378.532.4853x7221,Portugal,Toronto,Silver,2016-01-05
4455,Hannah,Maldonado,Male,michael03@example.com,+91-1112067926,India,Vijayawada,Gold,2022-10-14
4456,Cindy,Brooks,Male,asanders@example.net,552.902.4931x29214,Montserrat,Los Angeles,Bronze,2022-10-29
4457,Brandon,Jenkins,Female,lopezsteven@example.com,(753)661-5115x596,Wallis and Futuna,Los Angeles,Bronze,2023-07-10
4458,Maria,Smith,Female,kclark@example.org,+91-732586289,India,Visakhapatnam,Silver,2021-02-26
4459,Michele,Hill,Male,cheryl19@example.com,001-380-890-3061,Cape Verde,London,Bronze,2015-05-11
4460,Allison,Orozco,Female,shawngill@example.com,+91-842704383,India,Chennai,Bronze,2021-10-16
4461,George,Morgan,Other,ashleysandoval@example.net,+91-7365432556,India,Vijayawada,Silver,2017-05-05
4462,Kyle,Wallace,Female,ygreen@example.net,+91-2178244874,India,Chennai,Gold,2024-10-02
4463,Diana,Cordova,Female,heather47@example.com,+91-6423392736,India,Madurai,Bronze,2019-06-07
4464,Melissa,Ortiz,Female,phillipturner@example.org,+91-6070625163,India,Coimbatore,Bronze,2020-01-25
4465,Chelsea,Kim,Female,ogood@example.com,+91-2509331362,India,Bangalore,Silver,2021-12-15
4466,Kayla,Tran,Male,blackamy@example.net,+91-1517220422,India,Thiruvananthapuram,Bronze,2018-06-03
4467,Donald,Russell,Female,sanfordmichelle@example.net,+91-8035034751,India,Madurai,Silver,2017-09-02
4468,Andrew,Smith,Other,mlong@example.org,+91-6635684598,India,Vijayawada,Silver,2020-07-21
4469,Paul,Lewis,Other,wrightalexander@example.net,+91-9680500735,India,Coimbatore,Silver,2016-10-07
4470,Megan,Smith,Male,juliegordon@example.org,+91-3406108498,India,Thiruvananthapuram,Silver,2023-12-18
4471,Jason,Riggs,Other,isaacdiaz@example.org,+91-3171765990,India,Mysore,Silver,2019-08-07
4472,Joshua,Swanson,Female,amandajuarez@example.com,+91-9822191023,India,Vijayawada,Bronze,2023-03-03
4473,Francisco,Dudley,Male,shelby99@example.net,+91-5574467224,India,Thiruvananthapuram,Gold,2023-09-12
4474,William,Hess,Other,rachel57@example.org,+91-6710629307,India,Chennai,Gold,2023-09-29
4475,Monique,Dudley,Female,kylefarmer@example.com,+91-4066846462,India,Hyderabad,Gold,2024-12-06
4476,Christopher,Baker,Female,sara13@example.net,+91-1182262062,India,Kochi,Bronze,2018-08-10
4477,Natalie,Rodgers,Other,bsmith@example.net,+91-1720102474,India,Hyderabad,Silver,2017-04-28
4478,Blake,Buck,Male,jenningssheri@example.com,(296)914-4481,Uganda,Toronto,Bronze,2018-04-14
4479,Charlotte,Keith,Other,hamiltonrick@example.org,+91-3569845835,India,Kochi,Gold,2017-10-14
4480,Corey,Wood,Other,anthonyrollins@example.com,+91-6486819073,India,Mysore,Silver,2016-05-17
4481,Bradley,Grant,Other,anna05@example.com,278-376-8682x2728,Eritrea,Tokyo,Bronze,2023-07-29
4482,Christopher,Ward,Male,michaelwilson@example.org,+91-4890429313,India,Hyderabad,Gold,2025-02-09
4483,John,White,Female,jmarshall@example.net,+1-924-900-8302x9333,Vanuatu,London,Bronze,2018-09-29
4484,Jerome,Perry,Male,hardyamber@example.net,+91-6996635548,India,Visakhapatnam,Bronze,2021-07-19
4485,Brenda,Lopez,Male,lozanobrian@example.org,+91-7120821699,India,Kochi,Bronze,2019-09-22
4486,Samuel,Gross,Male,heatherparker@example.com,+91-5687255426,India,Coimbatore,Gold,2015-11-27
4487,Robin,Robles,Male,troyparrish@example.org,+91-4718585528,India,Thiruvananthapuram,Silver,2020-12-05
4488,Summer,King,Other,hking@example.net,+91-8514876494,India,Visakhapatnam,Bronze,2023-07-17
4489,Haley,Morris,Female,peterdixon@example.org,+91-3697727847,India,Kochi,Platinum,2023-07-26
4490,Kathryn,Young,Male,simmonsrobert@example.org,+91-8696400393,India,Coimbatore,Silver,2017-05-19
4491,Scott,Adams,Male,staffordwilliam@example.com,+91-4402922027,India,Hyderabad,Silver,2023-11-15
4492,Jose,Walton,Male,adamcollins@example.org,+91-1300622126,India,Coimbatore,Bronze,2020-12-04
4493,Robert,Washington,Female,mariabranch@example.net,+91-8967996352,India,Hyderabad,Silver,2024-08-19
4494,Barbara,Murphy,Male,kristinwatts@example.org,+91-4095625220,India,Vijayawada,Silver,2015-08-29
4495,Tonya,Porter,Other,ahahn@example.net,+91-3610691686,India,Visakhapatnam,Bronze,2015-12-01
4496,Robert,Nelson,Male,david47@example.com,+91-880170665,India,Mysore,Platinum,2024-11-04
4497,Gina,Baker,Female,fwilliams@example.com,+91-2835209297,India,Chennai,Silver,2024-07-27
4498,Whitney,Espinoza,Other,asmith@example.net,+91-4264932618,India,Hyderabad,Gold,2022-11-30
4499,Todd,Porter,Male,hernandezjennifer@example.com,+91-8105824586,India,Bangalore,Gold,2017-04-22
4500,Darlene,Roy,Female,richard33@example.com,+91-4255388285,India,Vijayawada,Bronze,2018-11-19
4501,Rachel,Becker,Female,simsjohn@example.org,+1-904-695-6331x4078,Chad,New York,Silver,2022-12-18
4502,Carl,Ray,Male,mullenvirginia@example.net,+91-8781027162,India,Chennai,Silver,2024-03-13
4503,Morgan,Briggs,Male,rlewis@example.net,+91-9383158869,India,Chennai,Silver,2016-07-14
4504,Chad,Edwards,Male,smartin@example.org,+91-7962973399,India,Chennai,Bronze,2020-11-05
4505,Paul,Hood,Other,whitechad@example.net,914.844.1694x047,Portugal,Dubai,Bronze,2016-03-15
4506,Sarah,Peters,Male,williamsnicole@example.com,001-932-380-2442x031,Antarctica (the territory South of 60 deg S),Tokyo,Bronze,2020-05-22
4507,Scott,Wilson,Male,michael98@example.com,+91-1427700642,India,Kochi,Bronze,2019-10-16
4508,Rita,Bender,Other,vasquezreginald@example.com,+91-2908494953,India,Mysore,Bronze,2016-09-12
4509,Matthew,Carey,Other,courtneyneal@example.net,+91-6802800306,India,Thiruvananthapuram,Platinum,2025-02-21
4510,Benjamin,Powell,Female,christophercaldwell@example.com,+91-9601319344,India,Mysore,Bronze,2022-05-19
4511,Amy,Green,Female,conwaycolleen@example.com,+91-2691437331,India,Mysore,Silver,2016-01-15
4512,Kelsey,Cummings,Male,kingchristina@example.net,+91-4792268808,India,Mysore,Silver,2022-03-26
4513,Krista,Edwards,Female,juliebrown@example.org,+91-6681437986,India,Chennai,Bronze,2021-01-18
4514,Aaron,Hayes,Female,deborahwhite@example.com,(456)893-2388x1593,Morocco,Toronto,Bronze,2019-07-19
4515,Charles,Davis,Female,nthompson@example.com,+91-1699771475,India,Mysore,Platinum,2019-03-24
4516,Richard,Chung,Female,wagnerjames@example.com,(843)752-3701x0016,Tanzania,Toronto,Bronze,2022-03-13
4517,Jade,Bowen,Male,shawmatthew@example.org,+91-4937004968,India,Mysore,Platinum,2023-06-19
4518,Joseph,Gonzalez,Male,christopher93@example.org,+91-6418513490,India,Coimbatore,Gold,2017-08-28
4519,Robert,Stone,Male,john93@example.org,+91-8471741590,India,Madurai,Gold,2024-05-28
4520,Lauren,Greene,Other,danielhall@example.net,001-659-955-7837,Fiji,Los Angeles,Bronze,2020-11-30
4521,Austin,Wright,Other,andreagardner@example.net,+91-3831732233,India,Hyderabad,Silver,2020-07-17
4522,John,Hodge,Female,otucker@example.org,+91-6199980863,India,Bangalore,Silver,2023-08-28
4523,Richard,Evans,Male,richard17@example.com,+91-6187616640,India,Kochi,Bronze,2020-04-02
4524,Angela,Casey,Female,katie71@example.org,(535)513-3076x72344,Qatar,Toronto,Bronze,2025-04-14
4525,Kathleen,Villanueva,Male,nicoleanderson@example.com,+91-5973351461,India,Bangalore,Bronze,2025-01-05
4526,Dennis,Anderson,Male,tonyawallace@example.net,+91-2715598746,India,Mysore,Bronze,2021-02-02
4527,James,Bradley,Other,rmcpherson@example.net,+91-594875034,India,Mysore,Bronze,2015-07-15
4528,Cody,Woods,Female,vanessaandrews@example.org,+91-3520033486,India,Visakhapatnam,Bronze,2019-07-12
4529,Jay,Keller,Female,gfigueroa@example.org,+91-9281841381,India,Coimbatore,Silver,2019-01-13
4530,Christopher,Peterson,Other,angelacase@example.com,+91-2060954943,India,Thiruvananthapuram,Gold,2020-03-12
4531,Matthew,Osborne,Other,ifranklin@example.org,+91-8243910124,India,Mysore,Silver,2022-05-10
4532,Yvonne,Larson,Female,fowlerdaniel@example.net,+91-4749654724,India,Thiruvananthapuram,Gold,2019-07-07
4533,Jeremy,Jones,Male,andrea68@example.org,+91-1007432599,India,Hyderabad,Bronze,2019-02-26
4534,Juan,Garcia,Other,christina94@example.org,+91-5780427053,India,Visakhapatnam,Silver,2024-02-02
4535,Michael,Barker,Female,jaysullivan@example.com,+91-815496321,India,Bangalore,Gold,2025-02-08
4536,David,Martin,Male,christopher27@example.org,+91-2651349560,India,Coimbatore,Bronze,2016-05-22
4537,Steven,Johnson,Female,heather65@example.org,+91-6579269479,India,Hyderabad,Silver,2022-10-07
4538,Donald,Kelly,Male,garyhill@example.com,+91-8075031764,India,Vijayawada,Bronze,2018-03-16
4539,Frank,Atkinson,Male,kathybrown@example.org,+91-1747408679,India,Bangalore,Gold,2019-11-09
4540,Anthony,Lewis,Female,brayandrew@example.com,+91-3123767005,India,Chennai,Bronze,2019-01-22
4541,Sylvia,Smith,Male,wendymcdaniel@example.org,+91-1192989907,India,Vijayawada,Bronze,2021-06-23
4542,Andrea,Ortiz,Female,kylie22@example.org,260.510.9967,Burundi,London,Gold,2020-04-14
4543,Joshua,Taylor,Male,jay09@example.com,+91-2592217990,India,Coimbatore,Bronze,2019-12-08
4544,Lindsay,Young,Male,brownjoshua@example.net,+91-4611383811,India,Coimbatore,Gold,2016-09-13
4545,Kimberly,Garcia,Female,sotomarissa@example.net,+91-8438878941,India,Bangalore,Bronze,2020-10-17
4546,Michael,Moore,Male,carolnelson@example.net,+91-1798534214,India,Bangalore,Silver,2023-08-25
4547,Alexander,Lara,Male,jmurray@example.org,+91-8177942618,India,Coimbatore,Bronze,2018-11-19
4548,Kristin,Hernandez,Male,gordonjulie@example.net,282-365-9253x147,Iraq,Toronto,Gold,2023-10-01
4549,Kristen,Davenport,Female,nathanielwatson@example.com,+91-1372666397,India,Madurai,Gold,2022-11-28
4550,Blake,Johnson,Other,mcgeecarla@example.com,+91-2865009122,India,Coimbatore,Bronze,2023-07-13
4551,Diane,Howell,Female,jessicarios@example.com,700-661-8504,Greenland,Berlin,Bronze,2017-09-07
4552,Cynthia,Chavez,Female,hopkinscarrie@example.org,+91-3513969872,India,Mysore,Bronze,2017-09-23
4553,David,Ibarra,Other,kevin45@example.net,+91-5315744884,India,Madurai,Silver,2020-08-24
4554,Amy,Dudley,Male,thomasmontoya@example.org,+91-4439806350,India,Visakhapatnam,Bronze,2020-02-20
4555,Jason,Mcgee,Female,james87@example.org,+91-5496998276,India,Chennai,Silver,2020-07-15
4556,Christopher,Glenn,Male,taylor23@example.org,001-546-882-3856,Lesotho,New York,Silver,2015-09-21
4557,Adam,Rose,Other,rmartinez@example.net,+91-5478880448,India,Mysore,Bronze,2022-06-06
4558,Mary,Stanley,Male,tgates@example.net,+91-988319723,India,Coimbatore,Bronze,2023-09-07
4559,Holly,Garza,Female,choisusan@example.com,(970)682-3308x0272,Maldives,Dubai,Bronze,2024-05-14
4560,Miguel,Johnson,Other,mross@example.org,812.647.7274,Yemen,Sydney,Gold,2021-02-09
4561,Jennifer,Dean,Male,gonzalezbianca@example.com,+91-1794713368,India,Vijayawada,Silver,2016-08-29
4562,Timothy,Cabrera,Female,vburns@example.org,886-334-4737,Gabon,Sydney,Bronze,2021-08-11
4563,Ashley,Diaz,Other,hwhite@example.net,+91-1318693500,India,Mysore,Silver,2020-03-30
4564,Michael,Morris,Other,pmaldonado@example.org,+1-941-680-2105,Jordan,Toronto,Silver,2018-03-11
4565,Jennifer,Gibbs,Other,ashley50@example.net,+91-343056968,India,Coimbatore,Bronze,2016-10-11
4566,William,Simpson,Other,meyermary@example.com,001-263-844-1168,Pitcairn Islands,New York,Bronze,2024-11-08
4567,Kevin,Deleon,Male,ryan58@example.net,+91-4498269381,India,Hyderabad,Bronze,2016-04-28
4568,Nicole,Moore,Other,hjones@example.com,320.960.9246x24253,French Southern Territories,Toronto,Silver,2024-03-12
4569,Rachel,Mcclain,Male,ryanjonathan@example.org,+91-1003572129,India,Bangalore,Bronze,2025-01-12
4570,Randall,Richardson,Other,gibsonantonio@example.org,+1-651-234-4462x595,Holy See (Vatican City State),London,Gold,2023-06-09
4571,Wesley,Davis,Other,prattlindsey@example.net,+91-3206782833,India,Bangalore,Silver,2018-09-26
4572,Robert,Cruz,Female,ingramalicia@example.net,+91-9649643591,India,Kochi,Silver,2019-07-10
4573,Victoria,Brown,Female,dominiquetaylor@example.net,+91-1434287912,India,Coimbatore,Silver,2024-09-11
4574,Jason,Snyder,Other,janice14@example.net,+91-5704377187,India,Mysore,Silver,2019-05-02
4575,Brittany,Mendoza,Other,travistaylor@example.net,+91-28210774,India,Thiruvananthapuram,Bronze,2020-08-26
4576,Zachary,Lopez,Female,davidboyd@example.org,+91-7927364551,India,Bangalore,Gold,2022-09-17
4577,Lisa,Miller,Male,thompsonbrandy@example.org,+91-7292432051,India,Hyderabad,Bronze,2022-04-30
4578,William,Jimenez,Male,velezkevin@example.net,+91-4709452717,India,Hyderabad,Bronze,2021-06-30
4579,Christine,Castaneda,Male,morgansweeney@example.com,782-441-5335,Georgia,Los Angeles,Gold,2016-10-13
4580,Erica,Kim,Female,wroberts@example.net,+91-860728083,India,Vijayawada,Gold,2018-06-27
4581,Ashley,Morris,Female,newtonmaria@example.org,+1-979-663-7109,Malaysia,Paris,Gold,2019-10-03
4582,Jason,Lewis,Female,tony86@example.net,+91-6886396150,India,Coimbatore,Platinum,2020-04-30
4583,Catherine,Huerta,Other,michael85@example.net,+91-6541430408,India,Vijayawada,Bronze,2024-01-08
4584,Michael,Davila,Male,garrettvanessa@example.net,929-234-4490x953,Korea,Paris,Bronze,2020-12-30
4585,Joshua,Bailey,Male,pedro39@example.net,+91-7164863031,India,Coimbatore,Bronze,2019-05-24
4586,Renee,Erickson,Other,tylercynthia@example.net,+91-5878196988,India,Chennai,Silver,2016-04-25
4587,Patricia,Thomas,Male,jennifer03@example.net,+91-4357815686,India,Mysore,Gold,2019-10-11
4588,Beverly,Nelson,Other,lmills@example.net,+91-8035272632,India,Vijayawada,Silver,2020-04-12
4589,Nancy,Young,Female,bennettjennifer@example.com,+91-7661940208,India,Thiruvananthapuram,Silver,2018-11-16
4590,Alex,Johnson,Other,katherinegibson@example.org,+1-501-594-9941x680,Angola,London,Bronze,2019-03-24
4591,Anthony,Gates,Female,stephenchapman@example.com,+91-1175631264,India,Bangalore,Platinum,2021-07-22
4592,Jacob,Wall,Other,james40@example.com,+91-2360215626,India,Visakhapatnam,Silver,2016-07-04
4593,Melanie,Moore,Other,glasskendra@example.net,+91-8633495432,India,Thiruvananthapuram,Gold,2020-04-04
4594,Meredith,Gillespie,Male,bsolis@example.org,+91-6194259436,India,Visakhapatnam,Bronze,2021-08-05
4595,David,Rogers,Female,twilliams@example.net,+91-7892313784,India,Chennai,Gold,2019-07-18
4596,Robert,Marshall,Female,murraycheyenne@example.org,+91-9481230130,India,Madurai,Silver,2021-05-13
4597,Dominic,White,Female,thomasbradley@example.com,986.876.4533x076,Russian Federation,Los Angeles,Bronze,2022-03-06
4598,Keith,Rhodes,Male,aaronlarson@example.org,+91-290023784,India,Vijayawada,Silver,2024-05-10
4599,Karen,Wells,Female,marymontgomery@example.com,906-641-8770,Saint Helena,Dubai,Bronze,2015-07-31
4600,Richard,Rivera,Other,wilcoxerin@example.com,450.850.0849,Chile,Los Angeles,Bronze,2023-02-19
4601,Leslie,Richardson,Female,rpham@example.net,+91-5647123429,India,Kochi,Bronze,2025-03-26
4602,Carl,Pierce,Male,fschmidt@example.org,+91-485270816,India,Thiruvananthapuram,Silver,2017-02-20
4603,Joseph,Watkins,Female,djackson@example.net,001-687-575-4781,Switzerland,Dubai,Platinum,2018-08-23
4604,Tara,York,Other,cherylhart@example.com,+91-3684228588,India,Visakhapatnam,Bronze,2023-09-11
4605,Jacqueline,Tyler,Female,zlopez@example.org,+91-7716221898,India,Hyderabad,Platinum,2019-04-06
4606,Marvin,Lane,Other,amberbradley@example.com,+91-4365627419,India,Visakhapatnam,Bronze,2016-05-20
4607,Stephanie,Perry,Other,hhernandez@example.org,+91-6525612176,India,Visakhapatnam,Silver,2020-06-08
4608,Charles,Lowe,Male,salazarjohn@example.org,+91-5646825128,India,Bangalore,Silver,2016-02-19
4609,Jennifer,Harrison,Male,tiffanypowers@example.com,+91-2830701452,India,Madurai,Bronze,2022-10-16
4610,Katherine,James,Other,fernandezemily@example.com,+91-4390334378,India,Thiruvananthapuram,Silver,2025-01-13
4611,Judy,Wolfe,Other,julie41@example.net,+91-559648211,India,Bangalore,Silver,2022-10-03
4612,Lauren,Beasley,Female,jessicathomas@example.org,001-761-508-0862x565,Botswana,Paris,Silver,2017-10-08
4613,Christy,Jackson,Female,ybennett@example.net,+91-8505490890,India,Madurai,Silver,2024-04-29
4614,Catherine,Ferguson,Female,williamspaul@example.com,+91-4122980273,India,Hyderabad,Bronze,2023-09-23
4615,Shirley,Horne,Male,elliottjoshua@example.net,+91-767606873,India,Bangalore,Platinum,2017-02-01
4616,Kara,Miller,Male,scottlisa@example.org,+91-1661579231,India,Chennai,Silver,2021-07-01
4617,Joshua,Rodriguez,Female,thomasshepard@example.com,+1-254-312-4464x2574,Armenia,Paris,Bronze,2021-09-14
4618,Nancy,Boyd,Other,wtanner@example.com,+91-3505788562,India,Mysore,Silver,2023-02-20
4619,Ethan,Taylor,Other,carla69@example.net,+91-5358519291,India,Madurai,Bronze,2015-11-29
4620,Regina,Hines,Other,heather69@example.org,+91-9111534405,India,Kochi,Bronze,2021-02-26
4621,Ashley,Harrison,Female,kellyjessica@example.org,+91-1562648522,India,Coimbatore,Silver,2018-01-02
4622,Todd,Riggs,Male,gvang@example.org,+91-4490480214,India,Visakhapatnam,Gold,2015-05-16
4623,Ryan,Hart,Female,natalietyler@example.org,+91-8486100103,India,Kochi,Silver,2022-01-27
4624,Joseph,Russell,Female,austinashley@example.net,+91-7742326011,India,Madurai,Bronze,2018-05-06
4625,Debra,Green,Other,levybradley@example.com,+91-2249617833,India,Visakhapatnam,Gold,2018-04-13
4626,Brandon,Stephenson,Male,jonespatrick@example.net,+91-6930130236,India,Mysore,Platinum,2023-10-12
4627,Amanda,Hogan,Female,lauren38@example.org,+91-3097479837,India,Chennai,Platinum,2016-05-15
4628,Shelby,Robinson,Female,sharon43@example.net,+91-7167008675,India,Chennai,Silver,2022-10-08
4629,Howard,Harding,Male,bartlettanita@example.com,+91-2222885148,India,Bangalore,Bronze,2024-11-10
4630,David,Ruiz,Other,scott45@example.com,344-725-9164,Jordan,Sydney,Gold,2015-08-20
4631,Jennifer,Montgomery,Female,wfrey@example.org,(562)370-6001,Uruguay,Sydney,Bronze,2017-08-21
4632,Rachel,Long,Male,lsimmons@example.com,+91-6177459852,India,Thiruvananthapuram,Gold,2017-04-18
4633,David,Green,Male,opierce@example.net,+91-5166055682,India,Chennai,Platinum,2017-03-25
4634,Kenneth,Lee,Male,huangcassidy@example.org,+91-6842147183,India,Mysore,Bronze,2016-12-07
4635,Sara,Thompson,Female,kevinhernandez@example.org,+91-9342802775,India,Madurai,Gold,2018-04-16
4636,Cody,Myers,Female,andrearobinson@example.org,+91-8409150495,India,Hyderabad,Bronze,2022-04-09
4637,Jacqueline,Jordan,Female,sarahobrien@example.org,+91-7713226682,India,Kochi,Silver,2018-01-18
4638,William,Hull,Male,droberts@example.net,+1-223-432-2641x50109,Andorra,Los Angeles,Silver,2018-01-31
4639,Tamara,Alvarez,Male,nicole41@example.net,+91-701160657,India,Vijayawada,Bronze,2025-02-11
4640,Joshua,Ortega,Other,keithsutton@example.net,+91-4059381997,India,Chennai,Silver,2024-12-01
4641,Rebecca,Anderson,Male,kennedydarrell@example.net,+91-1917541362,India,Bangalore,Bronze,2022-10-04
4642,Rodney,Vargas,Female,joshuagonzales@example.org,+91-9760139121,India,Chennai,Bronze,2024-05-06
4643,Scott,Mcguire,Other,weissbrandon@example.net,+91-5139380714,India,Kochi,Silver,2021-10-06
4644,Carolyn,Cain,Male,eric33@example.net,+91-7685442081,India,Visakhapatnam,Gold,2018-03-07
4645,Kevin,Grant,Female,crystalshields@example.com,+91-4764328600,India,Chennai,Gold,2019-11-21
4646,Michael,Jones,Male,olynn@example.org,+91-7490740841,India,Chennai,Bronze,2018-11-01
4647,Michele,Griffin,Other,dmitchell@example.org,+91-9980388994,India,Coimbatore,Silver,2017-10-01
4648,Cathy,Landry,Female,paynebilly@example.net,+91-7468928037,India,Mysore,Bronze,2022-12-30
4649,Amber,Hernandez,Other,natalie60@example.com,+91-6978014732,India,Thiruvananthapuram,Bronze,2024-11-17
4650,Angela,White,Other,xmosley@example.org,+91-5366330102,India,Chennai,Bronze,2023-05-10
4651,John,Mcdaniel,Other,dianalivingston@example.com,+91-4402154044,India,Visakhapatnam,Silver,2018-08-07
4652,Bonnie,Gibson,Male,philipharris@example.org,+91-7914686881,India,Madurai,Platinum,2016-03-09
4653,David,Miller,Male,xflowers@example.com,+91-7105933476,India,Kochi,Bronze,2023-08-12
4654,Alexis,Cooper,Male,ericsaunders@example.net,+91-2155163161,India,Kochi,Silver,2023-03-03
4655,Renee,Powell,Other,jeremy39@example.com,+91-4378325873,India,Kochi,Bronze,2019-07-11
4656,Amber,Black,Male,ryan48@example.com,+91-5792378653,India,Hyderabad,Platinum,2019-05-01
4657,Jonathan,Robinson,Female,ngreer@example.org,448-700-5648x54706,Norfolk Island,Tokyo,Silver,2025-01-08
4658,Mary,Gray,Male,lambertjacob@example.org,+91-7335817589,India,Bangalore,Bronze,2016-11-26
4659,Hannah,Wilson,Female,dtaylor@example.com,+91-9056964895,India,Bangalore,Silver,2020-12-31
4660,Stephanie,Oliver,Male,danielleruiz@example.com,+91-3481059717,India,Hyderabad,Gold,2015-07-24
4661,Kayla,Gibson,Male,frankcurtis@example.org,+91-2407652231,India,Vijayawada,Bronze,2023-12-14
4662,Spencer,Johnson,Other,susantaylor@example.org,+91-5563730236,India,Bangalore,Bronze,2019-02-27
4663,Dakota,Warren,Male,josebrown@example.com,+91-9991757545,India,Thiruvananthapuram,Gold,2018-05-17
4664,Ethan,Franklin,Male,bkirk@example.org,+91-4266761331,India,Mysore,Silver,2015-09-01
4665,Benjamin,Carter,Male,ehanson@example.net,+91-7280481347,India,Mysore,Bronze,2016-02-06
4666,Paul,Mills,Male,william58@example.com,+91-3985812718,India,Visakhapatnam,Silver,2019-08-20
4667,Cynthia,Nolan,Other,allisonmurphy@example.com,+91-4720603311,India,Vijayawada,Silver,2020-03-02
4668,Tyler,Frazier,Female,catherinewalker@example.net,+91-7999814297,India,Visakhapatnam,Gold,2017-12-02
4669,Paul,Brown,Other,christinebarnes@example.org,+91-4175132277,India,Visakhapatnam,Bronze,2024-05-19
4670,Timothy,Lopez,Other,ewatson@example.com,+91-8217971585,India,Bangalore,Gold,2021-04-02
4671,Paige,Brock,Other,andrew09@example.org,+91-6919956610,India,Bangalore,Bronze,2020-04-22
4672,Jon,Castro,Other,fcombs@example.com,+91-6370369263,India,Chennai,Bronze,2015-07-31
4673,Melissa,Kirby,Other,jonathanthompson@example.net,+1-889-356-2346x562,Russian Federation,Tokyo,Gold,2023-01-23
4674,Rick,Farrell,Male,vhorton@example.com,+91-8013012916,India,Mysore,Gold,2020-06-21
4675,Alan,May,Male,mcgrathamber@example.net,(256)627-8068,Iraq,Singapore,Bronze,2016-03-16
4676,Brad,Davis,Female,jamieturner@example.net,+91-2093090716,India,Kochi,Bronze,2025-02-07
4677,Carrie,Arroyo,Female,sarahbrowning@example.org,(901)390-6847,Peru,Los Angeles,Gold,2023-01-28
4678,Trevor,Henderson,Male,kevin49@example.com,+91-3258096689,India,Hyderabad,Gold,2023-04-14
4679,Tina,Nguyen,Male,andrewponce@example.net,+91-2648835787,India,Madurai,Gold,2018-07-31
4680,Christian,Baker,Male,kayla91@example.com,+91-7302364927,India,Kochi,Silver,2024-08-14
4681,Lisa,Williams,Male,joshua98@example.com,+91-4394742673,India,Coimbatore,Silver,2015-05-09
4682,Alexander,Gardner,Female,jessica18@example.org,+91-5607368736,India,Coimbatore,Bronze,2021-07-11
4683,Rachel,Luna,Female,johnsoncarlos@example.net,+91-5784701351,India,Visakhapatnam,Bronze,2024-07-31
4684,Joann,Rodriguez,Other,stuartjeffery@example.net,+91-3948440390,India,Kochi,Bronze,2020-04-30
4685,Pamela,Villanueva,Other,sanfordtimothy@example.com,+91-7212589068,India,Mysore,Gold,2022-10-18
4686,Rebecca,Baker,Male,kendrabryant@example.net,+91-2876622978,India,Hyderabad,Silver,2017-05-19
4687,Janice,Anderson,Female,browncaitlin@example.org,+91-1771928170,India,Mysore,Gold,2018-05-06
4688,Joanna,Porter,Female,gabriella93@example.com,+91-5682573550,India,Coimbatore,Silver,2025-02-03
4689,Lori,Taylor,Female,anthonyjohnson@example.com,827-574-1627,Sri Lanka,Berlin,Gold,2021-05-18
4690,Francisco,Dunn,Female,danielsamber@example.net,+91-2524098512,India,Mysore,Silver,2018-02-26
4691,Alison,Clark,Other,hintonfrancisco@example.org,(596)352-6082,Chile,Los Angeles,Bronze,2023-03-30
4692,Andrea,Smith,Other,fbrown@example.net,+91-4870058313,India,Visakhapatnam,Gold,2022-09-29
4693,Lisa,Bright,Male,steven55@example.com,+91-247210725,India,Kochi,Platinum,2022-04-02
4694,Cindy,Miller,Male,markphillips@example.com,+91-7907647270,India,Hyderabad,Gold,2018-09-23
4695,Margaret,Patterson,Other,ugarrett@example.com,(634)602-7465x568,Montenegro,Dubai,Platinum,2024-11-23
4696,Mackenzie,Webb,Female,lbrooks@example.com,+91-4747163248,India,Chennai,Bronze,2015-04-30
4697,Erika,Wright,Other,perryjason@example.net,+91-7550294370,India,Kochi,Silver,2017-09-24
4698,Brandon,Foster,Female,wanderson@example.org,+91-1368347761,India,Coimbatore,Bronze,2018-04-24
4699,Angela,Johnston,Other,anthony95@example.org,+91-2625497690,India,Visakhapatnam,Bronze,2020-09-18
4700,Michael,Hood,Other,harriskelly@example.net,470-408-0681x51875,Hungary,Singapore,Silver,2018-05-02
4701,Gerald,Perez,Male,cassandragallagher@example.net,+91-8094664749,India,Bangalore,Bronze,2022-08-17
4702,Anita,Kent,Male,smithjared@example.org,+91-2725322754,India,Thiruvananthapuram,Silver,2016-07-07
4703,Kristen,Nelson,Other,sperez@example.com,+91-9049619219,India,Vijayawada,Platinum,2025-01-13
4704,Nathan,Larson,Female,howardapril@example.org,+91-7195431602,India,Mysore,Silver,2016-08-03
4705,Kelly,Tucker,Male,burnsmelissa@example.net,+91-9276433282,India,Coimbatore,Bronze,2018-08-03
4706,Sean,Chavez,Male,woodjacob@example.com,+91-3941032780,India,Visakhapatnam,Gold,2023-02-21
4707,Natalie,Olson,Female,wmunoz@example.com,+91-2452454976,India,Thiruvananthapuram,Gold,2015-10-18
4708,Colton,Dean,Female,hnelson@example.com,+91-3283163004,India,Kochi,Bronze,2020-04-08
4709,Clayton,Boyer,Female,vfletcher@example.net,+91-675850132,India,Bangalore,Bronze,2015-08-01
4710,Victoria,Brown,Female,nnelson@example.org,+91-3773801754,India,Vijayawada,Bronze,2016-11-06
4711,Christopher,Manning,Female,amber12@example.net,+91-1166449445,India,Coimbatore,Bronze,2022-02-19
4712,Jennifer,Perez,Male,unorman@example.com,+91-4295599443,India,Chennai,Gold,2022-05-16
4713,Sara,Stone,Female,marydiaz@example.net,+91-3445463056,India,Visakhapatnam,Platinum,2025-03-14
4714,Kelly,Griffin,Other,xhayes@example.net,+91-5984509569,India,Visakhapatnam,Bronze,2023-09-22
4715,Caitlyn,Ross,Female,jbruce@example.net,+91-199607545,India,Vijayawada,Bronze,2015-12-22
4716,Nicole,Mcfarland,Male,charles67@example.com,+91-6827341729,India,Hyderabad,Bronze,2018-05-25
4717,Shannon,Evans,Other,nicole91@example.com,+91-8938141217,India,Chennai,Platinum,2022-12-21
4718,William,Hernandez,Female,michaelreyes@example.org,+91-751019711,India,Visakhapatnam,Bronze,2021-10-07
4719,Mary,Spencer,Male,hamptondonald@example.org,+91-1674988235,India,Mysore,Platinum,2024-09-22
4720,Joseph,Choi,Other,dustin07@example.net,+91-9750685896,India,Madurai,Silver,2017-10-15
4721,David,Simpson,Female,staffordmichelle@example.net,+91-8815887848,India,Chennai,Bronze,2024-08-19
4722,Peter,Mueller,Female,goldenaaron@example.org,+91-3598516546,India,Hyderabad,Gold,2023-07-10
4723,Kyle,Flynn,Male,jennifer20@example.net,001-835-739-9134x50670,Taiwan,New York,Bronze,2021-08-21
4724,Heather,Booth,Male,veronica28@example.net,+1-990-395-2409x23467,Cyprus,Los Angeles,Bronze,2018-12-05
4725,Shannon,Rodriguez,Male,simsrobert@example.net,+91-4910425011,India,Madurai,Silver,2017-04-21
4726,Mary,Rodriguez,Female,stephaniecarter@example.com,+91-6966825029,India,Coimbatore,Bronze,2022-10-05
4727,Mark,Bryant,Other,pamelawatson@example.com,+91-2879138236,India,Coimbatore,Gold,2018-09-10
4728,Amanda,Hays,Female,clarkanna@example.net,+91-1498042556,India,Mysore,Silver,2024-11-03
4729,Melissa,Wilson,Male,zmorgan@example.net,+91-8626819816,India,Chennai,Bronze,2020-07-18
4730,Cassandra,Goodwin,Female,heather97@example.net,+91-1551746649,India,Thiruvananthapuram,Bronze,2022-04-08
4731,Diana,Porter,Female,brenda07@example.net,+91-6506258703,India,Kochi,Bronze,2024-02-05
4732,Shelly,Simmons,Male,mark07@example.org,+91-9347568007,India,Kochi,Silver,2022-02-04
4733,Brian,Jones,Male,edward34@example.org,+91-2421089517,India,Mysore,Gold,2023-08-28
4734,Victoria,Patel,Female,james23@example.net,+91-3569325175,India,Chennai,Gold,2017-07-15
4735,Sean,Roberts,Other,mcardenas@example.org,+91-9964295450,India,Mysore,Silver,2021-12-10
4736,Lisa,Bond,Female,lcarr@example.net,+91-1408485974,India,Madurai,Silver,2020-03-27
4737,Jonathan,Dalton,Female,andrewharvey@example.net,+91-6049395801,India,Visakhapatnam,Gold,2017-03-25
4738,Alexandra,Cook,Other,whiteheadcharles@example.org,+91-3827071443,India,Hyderabad,Silver,2015-05-25
4739,Connor,Mckay,Male,donaldfleming@example.net,+91-9391946523,India,Madurai,Gold,2016-09-24
4740,Shannon,Benson,Other,amberphelps@example.com,+91-6524131842,India,Kochi,Gold,2016-08-05
4741,Todd,Brown,Female,lopezwilliam@example.org,+91-3097907550,India,Thiruvananthapuram,Silver,2025-04-12
4742,Hannah,Allison,Female,travisingram@example.com,+91-3492967624,India,Visakhapatnam,Bronze,2015-10-02
4743,Debra,Solomon,Male,zball@example.org,+91-350238285,India,Mysore,Bronze,2022-09-26
4744,Samantha,Manning,Female,robert73@example.com,+91-6161568880,India,Madurai,Bronze,2017-05-01
4745,Willie,Thompson,Female,fjohnson@example.net,+91-1842490277,India,Visakhapatnam,Bronze,2023-06-25
4746,Linda,Curry,Other,chloe75@example.com,887-366-4158,Czech Republic,Berlin,Gold,2021-01-09
4747,Carla,Pearson,Other,gcarlson@example.com,+91-523927472,India,Vijayawada,Silver,2019-12-06
4748,Nicole,Andrews,Other,elizabethwilliams@example.org,+91-6171714453,India,Kochi,Bronze,2018-12-27
4749,Raymond,Mason,Other,millerrobin@example.com,+91-478098850,India,Hyderabad,Bronze,2017-03-14
4750,Rachel,Pearson,Other,laura67@example.org,+91-2433682265,India,Mysore,Gold,2017-03-23
4751,Edward,Taylor,Male,rrichards@example.org,993.252.3990x045,Cameroon,Toronto,Silver,2022-11-19
4752,Carlos,Smith,Male,jherrera@example.org,2952771718,Thailand,London,Bronze,2019-07-11
4753,Todd,Williams,Male,lori07@example.org,+91-3699920419,India,Kochi,Gold,2018-06-23
4754,Todd,Johnson,Other,tiffany49@example.net,+91-6279267542,India,Hyderabad,Platinum,2022-03-01
4755,Carlos,Miller,Female,hawkinsamanda@example.com,+91-5942370051,India,Visakhapatnam,Silver,2016-12-17
4756,Brianna,Hoffman,Male,yvette84@example.org,+91-2179227573,India,Vijayawada,Platinum,2015-05-20
4757,Brittany,Taylor,Other,dmiller@example.net,+91-1249895350,India,Coimbatore,Bronze,2020-10-04
4758,Dillon,Stephens,Male,huntwanda@example.org,+91-9372370534,India,Chennai,Bronze,2019-10-07
4759,Christina,Harvey,Female,jpayne@example.org,(912)293-7043,South Georgia and the South Sandwich Islands,London,Gold,2023-01-10
4760,Brian,Manning,Female,melinda96@example.net,+91-7147675467,India,Visakhapatnam,Gold,2016-01-15
4761,Anita,Brown,Female,allenrobert@example.net,+91-7806560538,India,Coimbatore,Bronze,2015-06-14
4762,Nicholas,Thomas,Other,carlosshields@example.com,+91-1678592841,India,Visakhapatnam,Bronze,2016-11-24
4763,Jennifer,Johnson,Other,xfischer@example.org,+91-5249083910,India,Visakhapatnam,Platinum,2022-02-16
4764,Jennifer,Harrell,Female,jvaldez@example.net,+91-2938216003,India,Kochi,Silver,2017-08-18
4765,Bonnie,Owens,Male,jessica04@example.com,(536)848-7150,Grenada,Singapore,Gold,2019-01-17
4766,Kristine,Hinton,Female,zshields@example.org,+91-3228263103,India,Coimbatore,Platinum,2023-11-07
4767,Sarah,Hanson,Other,patelgregory@example.org,+91-1589715530,India,Vijayawada,Silver,2017-02-09
4768,Scott,Ramos,Male,brandibryant@example.com,9622389515,Swaziland,Los Angeles,Bronze,2019-07-18
4769,Matthew,Neal,Female,dawnlopez@example.org,+91-7774353303,India,Coimbatore,Silver,2018-06-23
4770,Beth,Hartman,Other,nward@example.net,+91-1416801518,India,Coimbatore,Bronze,2023-12-16
4771,Shawn,Curry,Male,mlevy@example.org,(496)887-4648,Malawi,Dubai,Silver,2019-02-20
4772,Cesar,Morgan,Other,kbarry@example.org,+91-5970406275,India,Kochi,Bronze,2021-07-21
4773,Laura,Finley,Female,nicolasharris@example.org,(949)468-9499x66848,Burundi,Toronto,Platinum,2015-09-23
4774,John,Randall,Female,lloydkathleen@example.org,+91-4802925245,India,Hyderabad,Silver,2021-06-06
4775,Steven,Ramirez,Male,timothymadden@example.net,+91-1518305039,India,Thiruvananthapuram,Gold,2023-11-14
4776,Lisa,Roberts,Male,jbrown@example.com,+91-7925393026,India,Hyderabad,Gold,2016-11-27
4777,Alexandra,Carter,Other,williamtorres@example.com,+91-9190743341,India,Mysore,Silver,2018-01-30
4778,David,Lee,Male,angelaanderson@example.net,+1-739-801-7963x0589,Israel,Toronto,Bronze,2022-02-10
4779,Bradley,Pittman,Female,jeremiahclark@example.net,601-355-3132,Cook Islands,Singapore,Gold,2020-02-07
4780,Jennifer,Molina,Female,paulakelly@example.com,(699)959-6299,Bangladesh,Paris,Silver,2018-12-25
4781,Jacob,Bradshaw,Other,dknapp@example.org,(414)580-8065,Greenland,Sydney,Gold,2019-10-13
4782,Austin,Hudson,Female,xcarroll@example.net,+91-738914202,India,Bangalore,Platinum,2020-04-21
4783,Jennifer,Castro,Other,broberts@example.org,+91-2647154289,India,Chennai,Bronze,2015-07-19
4784,Margaret,Haynes,Female,shannon19@example.com,+91-2983345938,India,Bangalore,Gold,2022-07-12
4785,Colleen,Black,Female,iyoder@example.com,001-374-752-4122,Saint Martin,Singapore,Gold,2020-09-12
4786,Dawn,Parker,Female,glopez@example.net,+1-469-611-0510x3269,Gambia,Berlin,Bronze,2020-12-24
4787,Sandra,Bryan,Female,jsmith@example.org,+91-2722138617,India,Coimbatore,Bronze,2022-08-14
4788,Jason,Mendez,Other,erin33@example.net,+91-7006344669,India,Kochi,Gold,2022-05-21
4789,Theresa,Edwards,Male,levihill@example.com,+91-5809995129,India,Visakhapatnam,Bronze,2021-04-26
4790,Maureen,Clark,Female,juliepennington@example.net,+1-920-955-7878,Norway,Los Angeles,Bronze,2022-07-08
4791,Julie,Perez,Other,karen09@example.com,+91-312465226,India,Hyderabad,Bronze,2019-06-22
4792,Alicia,Lindsey,Other,jacqueline13@example.net,+91-5075933367,India,Coimbatore,Gold,2023-10-16
4793,Ashley,Baker,Female,loweryjessica@example.net,+91-7035835482,India,Bangalore,Gold,2019-07-11
4794,Amanda,Mitchell,Female,michael32@example.com,+91-311671201,India,Thiruvananthapuram,Bronze,2024-07-30
4795,Robert,Brown,Other,vargasheather@example.org,607-535-4245x8137,Senegal,Tokyo,Gold,2021-01-10
4796,Scott,Cooper,Other,johncallahan@example.com,+91-4114042988,India,Coimbatore,Silver,2018-11-21
4797,Rita,Robles,Female,gbarnes@example.org,+91-2100757914,India,Visakhapatnam,Platinum,2016-03-04
4798,Emily,Parks,Male,jennifergarcia@example.net,+91-9368293267,India,Vijayawada,Platinum,2019-07-31
4799,Tracy,Fuller,Other,dylan79@example.com,+91-1760267312,India,Visakhapatnam,Platinum,2016-11-11
4800,Christina,Rios,Other,parkermegan@example.net,+91-9504455013,India,Mysore,Silver,2025-04-26
4801,Gregory,Peck,Other,tramirez@example.net,461-342-6433x73282,Anguilla,Toronto,Silver,2018-10-23
4802,Kelly,Brown,Male,jacqueline05@example.org,717.810.2084x79099,Japan,Los Angeles,Bronze,2017-06-17
4803,Barry,Williams,Female,dpena@example.net,+91-4129062483,India,Kochi,Gold,2020-02-08
4804,Ian,Barton,Other,jimmypollard@example.com,+91-857449691,India,Chennai,Bronze,2016-06-05
4805,Nancy,Fisher,Male,ashley48@example.com,+91-3709014038,India,Hyderabad,Platinum,2019-07-09
4806,Alexander,Bennett,Other,hayeszachary@example.com,+91-653209177,India,Chennai,Silver,2016-12-05
4807,Kenneth,Perez,Female,patricktownsend@example.com,+91-3614102051,India,Coimbatore,Bronze,2019-05-23
4808,Alexander,Bailey,Male,lindsey73@example.org,562.251.4279x93073,Peru,Toronto,Silver,2024-12-17
4809,Jennifer,Wallace,Male,angela54@example.com,+91-1273109679,India,Vijayawada,Bronze,2018-10-10
4810,Travis,Payne,Male,richarddanielle@example.com,+91-7233384121,India,Visakhapatnam,Silver,2019-09-17
4811,William,Douglas,Female,melissa51@example.org,+91-7593002444,India,Madurai,Silver,2016-05-06
4812,Christopher,Duncan,Male,bryan78@example.net,+91-6472709548,India,Chennai,Gold,2024-09-09
4813,Thomas,Fitzgerald,Male,nataliehudson@example.com,756-605-7340x362,Liechtenstein,Berlin,Silver,2016-01-22
4814,Brad,Mendoza,Other,bellemily@example.com,+91-2053264981,India,Bangalore,Silver,2025-04-09
4815,Kaitlin,Young,Female,jessicaanderson@example.net,+91-7099553259,India,Vijayawada,Platinum,2021-07-29
4816,Denise,Patterson,Male,austin76@example.com,(758)827-2425,Congo,Toronto,Gold,2023-03-24
4817,James,Walker,Female,vmorgan@example.net,+91-2507261915,India,Madurai,Gold,2019-06-14
4818,Darrell,Smith,Female,fperkins@example.com,+91-1973796600,India,Mysore,Gold,2015-07-17
4819,Molly,Ramirez,Male,marthasantana@example.org,819-207-6465,Montserrat,Los Angeles,Silver,2023-07-10
4820,Kristin,Jackson,Female,heathersandoval@example.com,+91-3556495725,India,Vijayawada,Silver,2015-06-29
4821,Sara,Mcclure,Other,emily42@example.net,+91-9750777039,India,Thiruvananthapuram,Gold,2018-02-08
4822,Jose,Wells,Female,catherine14@example.org,+91-440605538,India,Thiruvananthapuram,Bronze,2022-02-26
4823,Jessica,Reynolds,Male,bradley98@example.net,+91-1960801760,India,Madurai,Bronze,2018-02-25
4824,Timothy,Ortiz,Male,vrichardson@example.net,+91-5178522137,India,Chennai,Platinum,2024-01-19
4825,Joseph,Castro,Male,wolfejulia@example.net,+91-9780536748,India,Kochi,Platinum,2021-10-10
4826,Michael,Price,Male,michaelmacias@example.org,+91-9735968841,India,Mysore,Gold,2017-08-24
4827,Michelle,Rodriguez,Female,russell26@example.net,+91-4624486672,India,Madurai,Bronze,2021-01-14
4828,Natalie,Castillo,Male,vincent13@example.com,+91-7492834803,India,Madurai,Gold,2016-06-15
4829,Jennifer,Lee,Male,angelcampbell@example.net,+91-9704590559,India,Visakhapatnam,Bronze,2024-09-17
4830,Jacob,Martin,Male,kendra38@example.org,+91-892807957,India,Bangalore,Bronze,2022-06-04
4831,Kristen,Bishop,Male,kimberlyhuerta@example.org,+91-1673036913,India,Mysore,Bronze,2019-06-07
4832,Eric,Wallace,Female,jose07@example.com,+91-9314562566,India,Kochi,Silver,2019-09-22
4833,Amy,Jones,Female,todd50@example.com,+91-1096197691,India,Mysore,Platinum,2022-04-23
4834,Joseph,Cain,Female,mccartylaura@example.net,+91-8525963670,India,Coimbatore,Gold,2021-09-16
4835,Jason,Thomas,Female,brownkristina@example.org,+91-770851447,India,Coimbatore,Platinum,2018-01-08
4836,Jeffrey,Reid,Female,jonathangreen@example.net,(469)586-3875,India,Los Angeles,Bronze,2021-03-16
4837,Angela,Murray,Female,qpierce@example.com,+91-2901323107,India,Chennai,Bronze,2016-06-26
4838,Sarah,House,Male,smithrichard@example.org,+91-4202014191,India,Thiruvananthapuram,Silver,2016-05-12
4839,Adam,Ashley,Male,kbrock@example.com,+91-5055644533,India,Madurai,Gold,2018-04-12
4840,Richard,Stafford,Other,polsen@example.com,+91-5618168298,India,Kochi,Gold,2021-05-07
4841,Emily,Stout,Female,grayalisha@example.net,+91-1680877837,India,Madurai,Bronze,2016-05-10
4842,Joanne,Bell,Male,kevin29@example.net,+91-1649437410,India,Kochi,Bronze,2020-01-01
4843,Jake,Frost,Other,brettgreen@example.org,001-655-254-8771x748,Cayman Islands,Singapore,Gold,2018-08-06
4844,Joshua,Mora,Female,louis72@example.com,+91-568775197,India,Chennai,Platinum,2019-08-21
4845,Melissa,Rice,Other,whernandez@example.org,+91-4111021793,India,Chennai,Platinum,2017-11-18
4846,Pamela,Jones,Other,richardmichael@example.org,+91-1968704906,India,Kochi,Bronze,2023-11-08
4847,Frank,Garcia,Other,christopherhoward@example.com,+91-9541416358,India,Coimbatore,Gold,2020-03-21
4848,Barbara,Finley,Other,geraldbrooks@example.org,+91-1921889297,India,Kochi,Platinum,2023-05-03
4849,Louis,Zhang,Female,madisonshaw@example.org,+91-1926167156,India,Vijayawada,Platinum,2016-09-29
4850,Theresa,White,Other,ncain@example.com,+91-609036692,India,Mysore,Platinum,2021-03-17
4851,Lisa,Baker,Other,cathy37@example.net,+91-6969932178,India,Thiruvananthapuram,Platinum,2021-06-27
4852,Paul,Washington,Other,xlane@example.com,+91-7409217968,India,Kochi,Silver,2015-08-29
4853,William,Levy,Male,colecraig@example.net,+91-2348494002,India,Vijayawada,Silver,2016-10-13
4854,April,Carpenter,Male,thomasbeltran@example.com,+91-1671770146,India,Mysore,Silver,2015-09-30
4855,Dominic,Frey,Other,clewis@example.com,+91-4041160353,India,Chennai,Platinum,2020-12-10
4856,Samantha,Molina,Male,anita54@example.org,+91-246114169,India,Chennai,Silver,2021-05-18
4857,Jenny,Cordova,Other,kevin63@example.net,+91-3178269910,India,Mysore,Bronze,2019-03-13
4858,Robert,Ruiz,Male,imartinez@example.net,+91-4438532180,India,Coimbatore,Gold,2017-02-23
4859,Lee,Larson,Female,xelliott@example.com,+91-4456565919,India,Hyderabad,Gold,2021-04-23
4860,Timothy,Mccarthy,Other,christineclark@example.net,+91-5690671122,India,Madurai,Gold,2022-05-06
4861,David,Riley,Male,paul61@example.net,+91-1636864690,India,Thiruvananthapuram,Silver,2024-06-06
4862,Jessica,Gonzales,Other,okeller@example.net,676.976.3363,Western Sahara,Singapore,Silver,2018-07-31
4863,Adam,Taylor,Other,herreraanita@example.org,+91-324982639,India,Kochi,Bronze,2018-02-11
4864,Brian,Mccarthy,Female,thomasfelicia@example.org,+91-5764971257,India,Hyderabad,Silver,2023-07-02
4865,Kayla,Durham,Female,craig32@example.com,(261)764-5758,Andorra,Los Angeles,Bronze,2016-04-24
4866,David,Garcia,Male,woodsalexander@example.org,+91-6758837257,India,Madurai,Gold,2024-05-12
4867,Bryan,Flores,Male,vyoung@example.net,+91-9228057555,India,Thiruvananthapuram,Platinum,2016-12-07
4868,Jennifer,Fowler,Male,bjones@example.com,+91-5581461124,India,Thiruvananthapuram,Gold,2017-08-31
4869,Joshua,Moreno,Male,rmiller@example.net,+91-2942723610,India,Hyderabad,Silver,2022-12-26
4870,Julie,Miller,Male,reynoldspeter@example.net,+91-5971868904,India,Coimbatore,Gold,2019-07-28
4871,Chad,Webb,Other,kathleen64@example.org,+91-5941807716,India,Thiruvananthapuram,Bronze,2017-04-25
4872,Tim,Nguyen,Female,pclark@example.com,+91-3024432467,India,Visakhapatnam,Silver,2018-06-08
4873,Jody,Hurst,Male,richard58@example.com,+91-4886490593,India,Kochi,Bronze,2020-01-05
4874,Thomas,Cooper,Other,danielleenglish@example.org,+91-4397964388,India,Kochi,Bronze,2019-11-27
4875,Matthew,Meadows,Male,aaronhill@example.net,+1-377-482-6193x89582,Svalbard & Jan Mayen Islands,Dubai,Silver,2022-06-20
4876,Pamela,Welch,Other,stonerobert@example.org,+91-4540224178,India,Thiruvananthapuram,Gold,2020-05-27
4877,Dalton,Kelly,Female,wolfetyler@example.net,+91-9828729779,India,Coimbatore,Silver,2017-11-25
4878,Richard,Nguyen,Male,glendalynn@example.com,703.909.2643,San Marino,New York,Platinum,2020-12-27
4879,Donna,Lester,Other,agardner@example.net,+91-7938950805,India,Visakhapatnam,Silver,2023-08-20
4880,Jasmine,Hansen,Female,uallen@example.org,+91-8296798560,India,Visakhapatnam,Bronze,2022-08-29
4881,Elizabeth,Smith,Male,bbrennan@example.net,(477)889-6882x68323,United Arab Emirates,Paris,Gold,2021-02-07
4882,Veronica,Doyle,Other,ytyler@example.org,+91-5092825317,India,Hyderabad,Gold,2020-07-24
4883,Kara,Villa,Male,jhampton@example.org,+91-2704754990,India,Coimbatore,Bronze,2018-11-22
4884,Jeffrey,Pierce,Female,bergerkimberly@example.net,470-411-7206x3466,El Salvador,Singapore,Silver,2020-05-11
4885,Michael,Navarro,Female,nevans@example.com,+91-1456048392,India,Bangalore,Gold,2024-05-08
4886,Christopher,Garrison,Female,xcurtis@example.net,+91-7044157771,India,Visakhapatnam,Silver,2016-10-23
4887,Daniel,May,Male,uhoffman@example.com,+91-7378192213,India,Madurai,Platinum,2021-04-05
4888,Katherine,Jones,Female,boylekim@example.org,+91-9483995574,India,Visakhapatnam,Platinum,2020-11-22
4889,Christopher,Martin,Other,moorematthew@example.org,(873)535-1200x0664,Malaysia,Toronto,Platinum,2020-08-30
4890,Samantha,Allen,Male,jacksonjacob@example.org,+91-7667909057,India,Madurai,Bronze,2018-08-24
4891,David,Wolfe,Female,crawfordlisa@example.org,+91-6087176167,India,Visakhapatnam,Bronze,2018-06-15
4892,Sarah,Perez,Female,morsepaul@example.com,+91-930347662,India,Coimbatore,Bronze,2018-02-17
4893,Juan,Stephenson,Female,justin27@example.net,+91-5890119683,India,Coimbatore,Platinum,2022-08-04
4894,Amy,Callahan,Male,acampos@example.net,+91-7796498282,India,Kochi,Bronze,2019-02-16
4895,Richard,Jacobs,Other,rebeccanelson@example.com,+91-8042805440,India,Hyderabad,Silver,2024-09-07
4896,Nicole,Williams,Male,steven07@example.net,+91-9516796069,India,Madurai,Bronze,2019-06-29
4897,Jeffrey,Orr,Other,audreyjones@example.org,+91-3431003331,India,Kochi,Bronze,2018-05-13
4898,Marvin,Hughes,Male,angel54@example.org,788.522.8490,Australia,Dubai,Platinum,2018-06-12
4899,Stephanie,Cunningham,Other,mosleyjennifer@example.com,+91-877151235,India,Bangalore,Bronze,2023-05-11
4900,Maria,Richardson,Female,fsmith@example.net,+91-335947808,India,Kochi,Bronze,2024-09-15
4901,Darryl,Clark,Other,zvazquez@example.com,+91-160252644,India,Chennai,Bronze,2024-06-11
4902,Charles,Jackson,Female,rlong@example.org,+91-3972563315,India,Vijayawada,Bronze,2018-07-18
4903,Jonathan,Norris,Other,bryangarcia@example.net,+91-2054628752,India,Madurai,Bronze,2023-03-16
4904,William,Cole,Female,abigailruiz@example.org,+91-2251502868,India,Chennai,Gold,2024-02-20
4905,Victoria,Craig,Female,wmartinez@example.net,+91-8178602236,India,Mysore,Bronze,2025-03-09
4906,Ethan,Wise,Male,alexanderjames@example.org,+91-8257242120,India,Thiruvananthapuram,Bronze,2021-07-19
4907,David,Lewis,Female,fitzgeraldbrian@example.net,+91-4310042607,India,Vijayawada,Bronze,2020-06-14
4908,Kari,Munoz,Male,ryanknox@example.com,+91-313305340,India,Madurai,Gold,2021-06-12
4909,Edward,Williams,Male,crystal79@example.net,395-478-3954x4357,Vietnam,New York,Silver,2023-09-10
4910,Sarah,Anderson,Male,mendezelizabeth@example.com,+91-96765069,India,Vijayawada,Gold,2015-08-17
4911,Vanessa,Sandoval,Other,illoyd@example.com,+91-3796213019,India,Hyderabad,Bronze,2018-06-09
4912,Cody,Whitehead,Female,ann48@example.com,+91-8684085780,India,Kochi,Bronze,2025-03-06
4913,Alex,Mccoy,Male,trodriguez@example.com,899.315.1373x57409,Sao Tome and Principe,Toronto,Silver,2020-01-08
4914,Ellen,Gentry,Male,cynthia11@example.org,+91-985317475,India,Visakhapatnam,Silver,2022-01-27
4915,Heather,Mcdonald,Male,matthewhoward@example.net,+91-2881527517,India,Madurai,Gold,2022-09-02
4916,Carlos,Case,Female,wheelerpamela@example.org,(959)762-4169x732,Macao,Toronto,Silver,2021-10-30
4917,Kelly,Mills,Other,nancy13@example.org,+1-751-841-4005,Namibia,Singapore,Bronze,2015-10-30
4918,Elizabeth,Horton,Male,christine68@example.com,+91-9502589043,India,Kochi,Silver,2015-09-02
4919,April,Daniels,Other,leerebecca@example.com,+91-6053358463,India,Hyderabad,Bronze,2021-10-19
4920,Marissa,Fisher,Other,olsonkevin@example.org,+91-9617998335,India,Thiruvananthapuram,Platinum,2017-12-27
4921,Joshua,Gallagher,Other,uwilliams@example.net,+91-6933351563,India,Kochi,Silver,2023-12-31
4922,Jesse,Davis,Female,obrooks@example.net,+91-5149316857,India,Visakhapatnam,Gold,2021-05-29
4923,Albert,Marshall,Other,smartin@example.com,6248452392,Guam,Tokyo,Bronze,2017-02-10
4924,Brandon,King,Female,leejason@example.org,+91-3426381976,India,Mysore,Silver,2018-11-13
4925,Erin,Thompson,Other,vjones@example.org,+91-8902328180,India,Chennai,Bronze,2017-12-02
4926,Jeanette,Harper,Female,nicole59@example.com,+91-5204545326,India,Bangalore,Gold,2023-05-25
4927,George,Moore,Female,catherine16@example.net,+91-2148289691,India,Chennai,Gold,2025-02-20
4928,Brooke,Saunders,Male,hayneseugene@example.org,+91-183574270,India,Bangalore,Silver,2020-04-10
4929,Edwin,Johnson,Other,john70@example.net,+91-9773845908,India,Visakhapatnam,Gold,2024-01-20
4930,Cindy,Price,Female,brownkevin@example.com,+91-927482898,India,Thiruvananthapuram,Bronze,2025-03-13
4931,Elizabeth,Johnson,Male,johnbrewer@example.org,+91-8115963699,India,Vijayawada,Bronze,2022-06-11
4932,David,Hawkins,Male,wking@example.com,001-380-962-2754,Hong Kong,London,Gold,2020-05-06
4933,Rachel,Parker,Female,xdrake@example.com,(255)728-4737x6945,Turkey,Singapore,Bronze,2018-01-19
4934,Andrea,Bowman,Female,alawrence@example.org,+91-6111403551,India,Mysore,Silver,2022-10-30
4935,Brittany,Elliott,Male,adamskirsten@example.com,+91-7180690146,India,Coimbatore,Platinum,2020-02-09
4936,Mckenzie,Cox,Male,donnarichardson@example.net,+91-3281815489,India,Bangalore,Bronze,2018-03-29
4937,Jessica,Gutierrez,Other,collinskenneth@example.org,+91-9316762819,India,Visakhapatnam,Silver,2021-05-02
4938,Michael,Bailey,Other,roymurray@example.net,+91-8325801338,India,Madurai,Platinum,2019-05-06
4939,Maria,Gonzales,Female,rodriguezderek@example.com,+91-7179747064,India,Kochi,Silver,2021-06-27
4940,Judy,Thompson,Male,cynthia71@example.com,+91-7145120975,India,Vijayawada,Gold,2021-01-22
4941,Martin,Morgan,Other,keith87@example.com,(718)757-6355x7626,Ireland,Dubai,Silver,2025-02-03
4942,Joyce,Lawson,Male,heather44@example.org,+91-3002418756,India,Vijayawada,Bronze,2024-07-29
4943,Steven,Woods,Male,vvalencia@example.org,+91-855660567,India,Mysore,Gold,2020-06-14
4944,Connie,Johnson,Female,peter89@example.net,+91-4356454996,India,Hyderabad,Gold,2021-05-30
4945,Christopher,Aguilar,Female,johnsonmelissa@example.net,+91-8577803914,India,Bangalore,Bronze,2015-11-26
4946,Peter,Peters,Female,velasquezkyle@example.org,+91-2802487215,India,Vijayawada,Gold,2025-03-25
4947,Steven,Miller,Male,umeyer@example.com,+91-8093877924,India,Mysore,Bronze,2018-03-19
4948,Douglas,Jones,Male,parkerhayley@example.com,+91-5591077629,India,Coimbatore,Platinum,2021-04-26
4949,Michael,Kelly,Other,roblessheila@example.org,+91-100495192,India,Mysore,Gold,2022-01-22
4950,Elizabeth,Lynch,Female,ghill@example.org,+91-8906728093,India,Mysore,Gold,2020-11-15
4951,Ronald,Hill,Male,yware@example.com,226.760.2606,Poland,Toronto,Bronze,2020-05-16
4952,Lindsey,Ortiz,Male,andrew29@example.com,+91-2239713934,India,Madurai,Silver,2023-10-15
4953,Jennifer,Thomas,Female,theresa87@example.org,+91-113914931,India,Coimbatore,Bronze,2016-05-03
4954,Jenna,Wright,Female,pamelamelendez@example.com,+91-4717122664,India,Coimbatore,Bronze,2022-09-30
4955,Laura,Hays,Female,hfleming@example.org,+91-4042831338,India,Chennai,Silver,2019-10-23
4956,Danielle,Parker,Female,jacobvilla@example.org,+91-1255015725,India,Mysore,Bronze,2016-10-08
4957,Anthony,Harris,Other,martinandrew@example.org,+91-9585689903,India,Thiruvananthapuram,Bronze,2015-09-26
4958,Kathryn,Christensen,Female,jeffreysanchez@example.org,+91-864507194,India,Kochi,Bronze,2016-08-25
4959,Danny,Davis,Female,burkemolly@example.net,+91-4384532889,India,Vijayawada,Gold,2022-09-16
4960,Ashley,Petersen,Other,anthony52@example.com,+91-1772974881,India,Visakhapatnam,Silver,2018-07-11
4961,Ashley,Clark,Other,matthew40@example.net,(280)541-4565x687,Mongolia,Dubai,Silver,2024-04-16
4962,Lori,Marsh,Female,monicaclark@example.org,+91-4251965862,India,Mysore,Silver,2019-07-17
4963,Crystal,Ellison,Other,schroederalvin@example.com,+91-6864416586,India,Thiruvananthapuram,Silver,2023-04-30
4964,Jacob,Clark,Female,robinsontyler@example.com,+91-496149856,India,Madurai,Gold,2022-01-27
4965,Christopher,Hanson,Male,allisontaylor@example.com,659.278.6815x9942,Burkina Faso,Tokyo,Bronze,2018-04-26
4966,Shannon,Jones,Male,melissashaw@example.com,+91-6903300940,India,Hyderabad,Silver,2022-09-08
4967,Michael,Patterson,Other,bsanchez@example.net,+91-4634013549,India,Coimbatore,Bronze,2023-10-27
4968,Glenn,Wilson,Other,christopherwhite@example.com,+91-1885102263,India,Chennai,Platinum,2024-03-18
4969,Andrew,Crawford,Male,valeriegonzalez@example.org,+91-3698867809,India,Visakhapatnam,Silver,2018-02-06
4970,John,Howard,Male,mhill@example.com,(345)884-7899x60711,Cape Verde,Tokyo,Silver,2023-09-16
4971,Kenneth,Rice,Other,ylee@example.net,+91-7632968843,India,Kochi,Gold,2017-09-01
4972,Keith,Barnes,Other,zkerr@example.com,+91-6345226901,India,Coimbatore,Bronze,2021-03-21
4973,Alex,Anderson,Other,jonessteven@example.org,+91-8111611959,India,Mysore,Gold,2022-04-20
4974,James,Sexton,Female,billy24@example.org,+91-5375149914,India,Thiruvananthapuram,Bronze,2018-09-04
4975,Lindsey,Greene,Male,crystalsparks@example.com,362.218.6313,Rwanda,Singapore,Platinum,2023-05-20
4976,Sarah,Montgomery,Other,samanthamiddleton@example.net,+91-6523196132,India,Mysore,Silver,2019-04-27
4977,Jason,Erickson,Female,ayersashley@example.org,+91-4903000659,India,Madurai,Bronze,2015-12-21
4978,Matthew,Michael,Other,markrose@example.org,+91-4008092120,India,Hyderabad,Bronze,2020-08-25
4979,Jonathan,Hess,Female,jamie72@example.net,+91-7662394218,India,Bangalore,Gold,2021-07-06
4980,Angela,Carrillo,Female,tbaker@example.org,+91-2724623397,India,Kochi,Gold,2018-03-08
4981,Margaret,Brown,Male,hallstephanie@example.net,+91-9027378349,India,Chennai,Bronze,2017-04-13
4982,Trevor,Richard,Other,haynesjim@example.com,001-836-408-4104,Nepal,New York,Gold,2016-10-07
4983,Ashlee,Long,Other,kayla53@example.com,+91-4138766550,India,Bangalore,Bronze,2020-08-17
4984,James,Haley,Female,patrick18@example.com,303-642-8600x7894,Brunei Darussalam,Berlin,Gold,2024-12-15
4985,Elizabeth,Owens,Other,ylara@example.org,+91-9487988761,India,Chennai,Bronze,2017-11-29
4986,Justin,Green,Male,aaronkelley@example.com,(438)477-7372,Bangladesh,Los Angeles,Platinum,2016-03-30
4987,Denise,Phillips,Other,lori54@example.org,+91-3956682133,India,Vijayawada,Bronze,2024-09-23
4988,Jeremiah,Edwards,Other,gouldalan@example.net,+91-8131882599,India,Hyderabad,Silver,2016-12-26
4989,Tracie,Smith,Female,melissawise@example.org,+91-957095273,India,Bangalore,Gold,2018-06-21
4990,Jacob,Mendoza,Male,gamblejonathan@example.com,+91-1491571838,India,Madurai,Silver,2021-08-09
4991,Dennis,Caldwell,Female,kclark@example.com,832-728-4086,Bolivia,Paris,Platinum,2022-10-30
4992,Kyle,Beard,Male,alvareznatasha@example.org,+91-5581197450,India,Chennai,Bronze,2019-04-25
4993,Brittney,Juarez,Male,xowens@example.net,(440)989-2718x685,Tajikistan,London,Bronze,2017-01-28
4994,Katherine,Haas,Other,kerricherry@example.com,+91-5608411204,India,Hyderabad,Bronze,2022-04-03
4995,Aimee,Richardson,Female,jennifer00@example.org,433-767-4423,Paraguay,Berlin,Silver,2019-06-02
4996,Jason,Schaefer,Male,melissawoods@example.net,+91-4745066412,India,Visakhapatnam,Bronze,2016-07-26
4997,Jacob,Harris,Female,rosejessica@example.org,+91-5244387309,India,Visakhapatnam,Platinum,2024-04-06
4998,Nathan,Yang,Female,martinezjennifer@example.com,+91-9228217136,India,Thiruvananthapuram,Silver,2016-04-30
4999,Juan,Ross,Male,kbell@example.org,9974778296,Nepal,Dubai,Gold,2020-02-11
5000,Amanda,Garrett,Female,phancock@example.net,+91-1864819953,India,Vijayawada,Silver,2024-04-19
5001,Michael,Barber,Male,shane63@example.com,+91-6099762090,India,Hyderabad,Platinum,2018-12-02
5002,Robert,Howell,Male,stephen62@example.net,+91-3804140628,India,Mysore,Bronze,2023-06-25
5003,Daniel,Kim,Other,gary57@example.com,+91-1880641116,India,Thiruvananthapuram,Silver,2015-12-10
5004,David,Morgan,Female,khenderson@example.org,+91-8941634549,India,Bangalore,Gold,2021-08-01
5005,Tamara,Jones,Female,tannerford@example.org,+91-8684111183,India,Kochi,Silver,2020-12-10
5006,Marcus,Russell,Other,djohnson@example.com,+91-6196228848,India,Visakhapatnam,Bronze,2018-08-02
5007,Betty,Fuentes,Male,kenneth11@example.com,+91-4862259339,India,Coimbatore,Silver,2024-04-15
5008,Sandra,Hernandez,Female,mjohnson@example.com,920.398.9470x439,Chad,Los Angeles,Gold,2015-05-17
5009,Lee,Dawson,Female,bradleykerry@example.org,+91-1924827872,India,Vijayawada,Bronze,2025-03-13
5010,Jonathan,King,Male,jared99@example.net,+91-3242366538,India,Visakhapatnam,Gold,2016-07-13
5011,James,Wheeler,Male,matthew01@example.net,+91-4009063809,India,Coimbatore,Gold,2022-09-16
5012,Brandon,Smith,Other,melissafields@example.com,+91-4339426205,India,Chennai,Silver,2019-08-08
5013,Amber,Collins,Other,moranrichard@example.net,+91-6014924930,India,Visakhapatnam,Platinum,2021-12-10
5014,Teresa,Dawson,Other,bartlettpamela@example.com,+91-3115990020,India,Coimbatore,Bronze,2016-01-09
5015,Pamela,Diaz,Female,ilewis@example.org,+91-2828353774,India,Visakhapatnam,Bronze,2023-09-25
5016,Jennifer,Evans,Female,stephaniewilliams@example.com,+91-8962635539,India,Chennai,Silver,2023-09-25
5017,Beth,Fisher,Male,david24@example.com,+91-9529730788,India,Mysore,Bronze,2024-03-14
5018,Sandra,Raymond,Female,abigailpreston@example.net,+91-2843047517,India,Kochi,Bronze,2022-02-28
5019,Christina,Brown,Male,eric93@example.org,693-271-0844x521,Burkina Faso,Berlin,Gold,2024-08-20
5020,Summer,Campbell,Female,elizabethcole@example.net,+91-2307316852,India,Bangalore,Bronze,2018-03-28
5021,Kevin,Hodge,Other,csmith@example.net,612.617.3196x80607,United States Minor Outlying Islands,London,Bronze,2015-09-28
5022,Timothy,Schwartz,Male,rebekah39@example.org,+91-4532353439,India,Visakhapatnam,Silver,2022-12-12
5023,Susan,Henderson,Female,holmesmary@example.com,(578)670-6496,Rwanda,London,Bronze,2020-07-11
5024,Danielle,Brown,Male,odomchristine@example.org,+91-2416146229,India,Chennai,Bronze,2022-11-19
5025,Ronald,Ayers,Female,crystal83@example.com,+91-4820865493,India,Mysore,Platinum,2022-10-01
5026,David,Patterson,Other,carcher@example.net,+91-9171080905,India,Coimbatore,Silver,2020-08-18
5027,Jason,Roy,Other,jonesashley@example.net,902-638-1881,Syrian Arab Republic,Toronto,Bronze,2016-02-11
5028,Melissa,Burgess,Other,amyhenson@example.org,+91-2605808782,India,Hyderabad,Bronze,2019-03-25
5029,James,Lee,Male,mcdonaldjordan@example.com,851.949.6869,Lebanon,Singapore,Bronze,2024-08-26
5030,Michelle,Sanders,Female,nicholascarpenter@example.com,+91-3632718196,India,Visakhapatnam,Gold,2016-04-14
5031,Katrina,Farley,Other,leonjamie@example.net,+91-9621168406,India,Mysore,Platinum,2015-05-07
5032,Jody,Fisher,Male,hannah37@example.com,957-643-9619x50284,China,Dubai,Bronze,2015-09-19
5033,Sean,Marks,Female,fieldsbrian@example.com,+91-8313851524,India,Bangalore,Gold,2017-02-22
5034,Linda,Stokes,Other,latoyawallace@example.com,(279)246-6107x9977,Sierra Leone,London,Bronze,2017-03-21
5035,Cynthia,Boyle,Other,jonathan71@example.com,+91-3306402502,India,Bangalore,Silver,2017-10-31
5036,Ashley,Gonzalez,Female,timothy13@example.net,+91-1451549312,India,Chennai,Bronze,2017-10-09
5037,Sarah,Buck,Male,qnelson@example.org,+91-9725442592,India,Madurai,Bronze,2021-07-26
5038,Cassandra,Henry,Other,imarshall@example.com,+1-602-591-4335x0611,Namibia,Toronto,Gold,2019-01-13
5039,Scott,Mcclure,Female,davisdouglas@example.com,+91-9945632483,India,Vijayawada,Bronze,2018-07-30
5040,David,Griffin,Male,davidclark@example.com,+91-5885096236,India,Kochi,Silver,2018-07-02
5041,Daniel,Howard,Other,ballmichelle@example.net,+91-1820687888,India,Thiruvananthapuram,Silver,2019-12-15
5042,Barry,Bennett,Female,jessicaboone@example.net,+91-9277415103,India,Vijayawada,Bronze,2019-12-29
5043,Patrick,Camacho,Female,cameronjustin@example.org,+91-8159087276,India,Thiruvananthapuram,Bronze,2022-08-27
5044,Jeffery,Mills,Male,johngonzales@example.org,+91-357428747,India,Visakhapatnam,Bronze,2016-11-17
5045,Samantha,Anderson,Other,graysara@example.org,+91-4250026517,India,Vijayawada,Gold,2025-03-06
5046,Amanda,Young,Other,pgomez@example.net,+91-1964908669,India,Mysore,Bronze,2016-06-17
5047,Joel,Chen,Male,chelseafloyd@example.org,001-480-695-6909x80215,Liechtenstein,Paris,Silver,2023-04-02
5048,Kimberly,Taylor,Other,kendra98@example.org,+91-9463339023,India,Kochi,Bronze,2023-12-23
5049,Elizabeth,Calderon,Other,alexandriapennington@example.org,+91-5770389779,India,Bangalore,Gold,2016-09-24
5050,Thomas,Wall,Female,victorrichardson@example.net,+91-988235043,India,Kochi,Bronze,2018-07-16
5051,Christopher,Williams,Female,julie46@example.org,+91-7116498202,India,Thiruvananthapuram,Gold,2025-02-25
5052,Melissa,Keller,Male,jtate@example.com,+91-7602233657,India,Vijayawada,Bronze,2020-06-27
5053,Sherry,Terrell,Other,marcus04@example.com,+91-5812711716,India,Bangalore,Bronze,2021-08-26
5054,James,Webb,Other,kperez@example.org,+91-4111633134,India,Chennai,Silver,2023-07-13
5055,Karen,Hill,Male,stonegeorge@example.org,353-936-4038x24649,Faroe Islands,Paris,Silver,2019-07-02
5056,Jennifer,Daniels,Female,brendanmoody@example.net,+91-7717258169,India,Vijayawada,Silver,2021-09-05
5057,Douglas,Taylor,Other,rsimpson@example.net,+91-5534543853,India,Vijayawada,Silver,2020-03-15
5058,Alicia,Jenkins,Other,amanda23@example.net,+91-1638003663,India,Madurai,Gold,2016-05-03
5059,Thomas,Oliver,Other,tsummers@example.org,+91-1621706415,India,Vijayawada,Bronze,2016-04-26
5060,Donald,Young,Other,justinpetersen@example.com,+91-5423168109,India,Mysore,Bronze,2018-02-09
5061,Timothy,Martin,Other,bfisher@example.net,+91-1177810149,India,Chennai,Bronze,2019-01-27
5062,Karen,Bird,Female,tonya08@example.org,+91-2056926596,India,Coimbatore,Bronze,2015-08-06
5063,Matthew,Huynh,Female,hamiltonandrew@example.com,+91-3111991950,India,Bangalore,Bronze,2022-11-06
5064,Thomas,Peterson,Female,nortonandrea@example.org,+91-1632660686,India,Vijayawada,Gold,2015-12-24
5065,Matthew,Hicks,Male,douglasaguilar@example.org,+91-4166533569,India,Kochi,Silver,2016-10-08
5066,Ashley,Gross,Other,bmullen@example.org,+91-8808163032,India,Chennai,Silver,2021-10-06
5067,Nicole,Cunningham,Other,blankenshipkristen@example.com,(218)695-6263x597,Pakistan,Tokyo,Silver,2021-11-22
5068,Linda,Leblanc,Other,arielsmith@example.org,+91-6067780482,India,Vijayawada,Gold,2025-03-16
5069,Jared,Walker,Other,mmacdonald@example.org,+91-6968661307,India,Bangalore,Bronze,2023-08-01
5070,Larry,Oneal,Male,nataliemoreno@example.com,+91-767180746,India,Coimbatore,Bronze,2016-02-19
5071,William,Munoz,Female,sandra28@example.net,+91-4225371324,India,Thiruvananthapuram,Bronze,2015-07-22
5072,Brianna,Hensley,Female,kelleydiana@example.net,589-821-1638x5988,Uganda,Berlin,Bronze,2016-01-03
5073,Daniel,Hopkins,Female,edwardsjohn@example.com,+91-9331698432,India,Coimbatore,Bronze,2015-04-29
5074,Tracy,Todd,Female,jasonperez@example.org,+91-4728326451,India,Bangalore,Bronze,2019-11-11
5075,Ann,Frederick,Female,rachelcarr@example.com,+91-8927177734,India,Visakhapatnam,Silver,2020-03-28
5076,Kimberly,Richardson,Other,sheltonmeghan@example.com,+91-6514098767,India,Coimbatore,Bronze,2023-10-30
5077,Diane,Martinez,Female,ortizrachel@example.net,+91-9195820588,India,Kochi,Silver,2016-03-27
5078,Eric,Townsend,Female,cruzmichael@example.com,+91-2326326050,India,Bangalore,Silver,2019-09-17
5079,Todd,Harrison,Other,davidjohnston@example.com,+91-6936423325,India,Madurai,Bronze,2019-04-27
5080,Elaine,Cordova,Female,mclaughlinmichael@example.org,+91-305823517,India,Thiruvananthapuram,Silver,2020-06-24
5081,Michael,Rodriguez,Male,zachary42@example.com,+91-9973799344,India,Bangalore,Bronze,2024-12-23
5082,James,Davis,Male,cramirez@example.com,+91-2496080496,India,Visakhapatnam,Gold,2019-03-22
5083,Raven,Wagner,Other,ronnie95@example.net,+91-7926177700,India,Hyderabad,Bronze,2016-12-06
5084,Eric,Mays,Male,kevin33@example.com,+91-6060322403,India,Madurai,Bronze,2024-10-01
5085,Alan,Hobbs,Other,qwright@example.net,+91-1119806759,India,Mysore,Silver,2018-06-21
5086,Jacob,Long,Other,elizabeth99@example.net,+91-865211352,India,Mysore,Silver,2017-07-29
5087,Douglas,Weaver,Female,coxperry@example.com,+91-7933723976,India,Bangalore,Silver,2017-09-08
5088,Michael,Austin,Male,lopezchristopher@example.org,+91-720835770,India,Kochi,Silver,2023-04-14
5089,Kristin,Mcdowell,Female,hannah43@example.org,+91-6515866969,India,Mysore,Silver,2017-05-14
5090,Barry,Leonard,Female,timothy44@example.org,+91-4588108805,India,Mysore,Silver,2021-05-04
5091,Wayne,Lyons,Other,hjones@example.com,+1-661-499-5930,Tonga,Dubai,Silver,2015-06-08
5092,Dan,Dennis,Male,melissa90@example.com,620.876.8434x22555,Swaziland,Paris,Silver,2024-03-23
5093,Jamie,Burns,Female,shawn93@example.org,001-611-942-1780x932,India,Sydney,Bronze,2019-05-26
5094,Stacey,West,Female,mmoore@example.net,+91-6400481530,India,Kochi,Bronze,2021-09-13
5095,Mary,Leach,Male,dramos@example.com,(243)761-2809x220,Albania,New York,Silver,2021-07-05
5096,Crystal,Clark,Other,ashleyponce@example.org,+91-6463563731,India,Bangalore,Bronze,2020-07-08
5097,Michael,Kim,Male,owensaustin@example.net,+91-6068021045,India,Hyderabad,Bronze,2019-04-03
5098,John,Murray,Female,derrick36@example.org,+91-516309973,India,Chennai,Gold,2020-05-13
5099,David,Li,Other,tanyasampson@example.net,+91-2449341216,India,Mysore,Gold,2022-10-01
5100,Joan,Kim,Male,halejames@example.com,+91-2193226602,India,Kochi,Platinum,2018-06-24
5101,James,Brewer,Female,georgematthew@example.net,+91-8626116009,India,Coimbatore,Platinum,2018-04-24
5102,Molly,Wilson,Other,cindywheeler@example.org,+91-7051972024,India,Coimbatore,Platinum,2022-11-14
5103,Kenneth,Brock,Female,vcraig@example.org,+91-4648196522,India,Hyderabad,Silver,2016-01-21
5104,James,Wilkinson,Other,awells@example.net,+91-929752560,India,Bangalore,Silver,2021-06-09
5105,Brian,Gardner,Female,dixoneric@example.net,+91-7423025823,India,Coimbatore,Silver,2021-05-05
5106,Katrina,Davis,Other,christopherperkins@example.com,+91-8520148593,India,Kochi,Gold,2019-04-15
5107,Anthony,Bradford,Female,ghunter@example.net,+91-6827970240,India,Coimbatore,Silver,2023-04-18
5108,Christine,Werner,Other,smoore@example.com,+91-1856565496,India,Madurai,Platinum,2021-10-29
5109,Regina,Franklin,Other,andrefitzgerald@example.org,+91-5318003311,India,Bangalore,Bronze,2022-03-14
5110,Steven,Wilkins,Male,ksmith@example.com,001-367-269-5776,British Indian Ocean Territory (Chagos Archipelago),New York,Bronze,2017-08-05
5111,Daniel,Romero,Female,aharrison@example.net,+91-8669155753,India,Chennai,Gold,2018-05-15
5112,Justin,Miller,Male,jasonjohnson@example.com,915.499.0904,Cote d'Ivoire,Singapore,Bronze,2024-02-03
5113,Eric,Sweeney,Other,pjones@example.org,+91-4810621223,India,Hyderabad,Silver,2021-06-22
5114,Karen,Jackson,Other,christopherhicks@example.org,+91-1964787618,India,Mysore,Silver,2023-08-21
5115,Ana,Buckley,Other,marquezaaron@example.org,+91-150713932,India,Thiruvananthapuram,Silver,2020-11-26
5116,Albert,Graham,Female,rogershunter@example.org,001-489-254-9693x0112,Nigeria,Sydney,Bronze,2015-07-03
5117,Melissa,Carey,Other,jenniferblake@example.com,(553)612-2558x1572,Wallis and Futuna,Toronto,Silver,2016-04-18
5118,Gregory,Pennington,Male,josecarter@example.com,(585)493-8655,Faroe Islands,Singapore,Bronze,2018-12-04
5119,Ryan,Hernandez,Other,rtanner@example.com,+1-292-365-9979,Madagascar,New York,Gold,2022-01-08
5120,Douglas,Day,Male,tayloramber@example.org,+91-1368190977,India,Bangalore,Bronze,2023-08-19
5121,Anthony,Saunders,Female,fergusonraymond@example.org,+91-1640518203,India,Madurai,Gold,2023-01-20
5122,Christopher,Nunez,Female,rosssierra@example.net,(385)950-7913x66269,Georgia,Paris,Platinum,2017-04-27
5123,Joseph,Bennett,Female,regina16@example.com,+91-6723814176,India,Vijayawada,Bronze,2023-10-07
5124,Tamara,Webster,Female,beckerashley@example.net,606.315.2990x563,El Salvador,Tokyo,Gold,2022-02-17
5125,Matthew,Wilson,Female,brandonhernandez@example.org,+91-4641640943,India,Chennai,Bronze,2021-05-09
5126,Nicole,Morris,Female,katherinehernandez@example.org,+91-4994439981,India,Kochi,Silver,2016-02-26
5127,Tracey,Brown,Female,singhjeanette@example.com,+91-9604586756,India,Mysore,Silver,2018-09-22
5128,Grant,Taylor,Female,caroline38@example.org,212.650.6294x6775,Georgia,Tokyo,Gold,2022-03-18
5129,Lisa,Holloway,Male,sara43@example.org,778.730.9945x61945,Somalia,Berlin,Silver,2018-11-10
5130,Melanie,Moore,Other,michael54@example.com,(263)358-2058x53696,Cape Verde,Berlin,Bronze,2018-06-05
5131,Misty,Miller,Other,kenneth99@example.org,+91-1082466312,India,Bangalore,Bronze,2020-12-08
5132,Mariah,Brown,Male,patrickbrown@example.net,+91-6708115553,India,Visakhapatnam,Gold,2017-12-23
5133,Benjamin,Adams,Other,richardwyatt@example.org,2122576075,Yemen,Paris,Platinum,2022-03-28
5134,Hannah,Rodriguez,Female,garzathomas@example.net,+91-2440785598,India,Vijayawada,Gold,2022-07-31
5135,Jonathan,Wise,Female,christyacosta@example.com,+91-6190473600,India,Visakhapatnam,Silver,2016-10-18
5136,James,Brown,Male,haascody@example.net,+91-8330102770,India,Hyderabad,Bronze,2022-09-13
5137,Jonathan,Cooper,Other,laurenbrown@example.com,+91-788430138,India,Madurai,Gold,2017-11-25
5138,Sandra,Mccann,Female,davidsonrobert@example.net,+91-2738154866,India,Coimbatore,Silver,2024-07-06
5139,Leslie,Roberts,Female,burnettterrance@example.net,+91-9047836466,India,Visakhapatnam,Gold,2018-04-30
5140,Monique,Jensen,Male,traceymolina@example.net,+91-9270103898,India,Chennai,Silver,2020-07-17
5141,Jacqueline,Arias,Other,prhodes@example.net,+91-1464588081,India,Hyderabad,Bronze,2018-02-11
5142,Christina,Wong,Female,bjimenez@example.com,+91-8427373010,India,Hyderabad,Bronze,2024-09-19
5143,Tiffany,Williamson,Female,itaylor@example.com,+91-6936863695,India,Kochi,Gold,2021-01-30
5144,Crystal,Lawson,Female,greenjohn@example.org,+91-4604388505,India,Vijayawada,Silver,2018-11-28
5145,Christopher,Gay,Female,karina68@example.org,+91-5531303785,India,Chennai,Silver,2024-07-17
5146,Julie,Brown,Other,eric68@example.com,(328)740-0750x56538,Guernsey,Berlin,Gold,2016-01-31
5147,Christopher,Garrett,Other,ramseygabriella@example.org,+91-8753239011,India,Coimbatore,Silver,2024-08-18
5148,Deborah,Harrison,Female,brownemily@example.org,+91-1255615940,India,Thiruvananthapuram,Silver,2016-12-30
5149,Cameron,Jackson,Male,hrobertson@example.org,+91-8936268318,India,Madurai,Bronze,2020-03-15
5150,Mark,Holder,Female,jacobsonbreanna@example.net,(443)251-8938x9072,Saint Martin,New York,Silver,2018-08-21
5151,Joseph,Rodriguez,Female,travis39@example.net,+91-8824331878,India,Thiruvananthapuram,Bronze,2020-08-20
5152,Connie,Hunter,Female,robinsonjorge@example.com,889-740-3549x128,France,Los Angeles,Bronze,2023-07-13
5153,Renee,Hansen,Male,kevin05@example.org,+91-989105458,India,Mysore,Gold,2016-01-27
5154,Kevin,Barnes,Male,kayla97@example.com,(903)644-9938x8591,Montenegro,Tokyo,Gold,2020-12-29
5155,James,Miller,Female,pwatson@example.com,+91-6475891498,India,Hyderabad,Silver,2021-09-19
5156,Joseph,Goodwin,Female,carolchavez@example.com,+91-437549608,India,Kochi,Bronze,2017-11-13
5157,Henry,Romero,Other,samantha09@example.net,+91-7009291594,India,Bangalore,Bronze,2017-05-13
5158,Alexis,Brown,Male,smithsean@example.org,+91-7249301389,India,Visakhapatnam,Bronze,2024-10-04
5159,Christine,Stewart,Female,jonathan61@example.org,+91-5470986640,India,Coimbatore,Gold,2022-03-30
5160,Charles,Brown,Female,stevenslisa@example.net,+91-9982894938,India,Coimbatore,Silver,2020-08-13
5161,John,Nelson,Other,wesley60@example.org,+91-2058995651,India,Visakhapatnam,Gold,2022-04-10
5162,Christopher,Jones,Female,danielleelliott@example.org,+91-2945652762,India,Mysore,Platinum,2020-10-20
5163,Geoffrey,Saunders,Male,robert36@example.org,+91-98267088,India,Kochi,Gold,2020-03-11
5164,James,Hughes,Other,andreabrown@example.com,+91-1632090696,India,Vijayawada,Silver,2018-04-17
5165,Rebecca,Perry,Male,odickerson@example.org,+91-2071234975,India,Hyderabad,Gold,2017-12-27
5166,Elizabeth,Herman,Female,summerssamuel@example.net,+91-157005878,India,Vijayawada,Gold,2024-11-07
5167,John,Sanchez,Male,sarahtaylor@example.net,+91-958834205,India,Thiruvananthapuram,Silver,2017-11-24
5168,Timothy,Walker,Male,hernandezeric@example.org,670-949-6662x2555,Rwanda,London,Bronze,2024-11-21
5169,Anne,Garcia,Other,rowemichael@example.org,+91-9289934957,India,Madurai,Platinum,2019-12-31
5170,Lisa,Henderson,Female,awilliams@example.org,+91-3946772971,India,Kochi,Silver,2021-01-18
5171,Ebony,Walton,Female,victoria58@example.com,+91-8753358017,India,Coimbatore,Silver,2019-07-25
5172,Kayla,Williams,Male,dakotajohnson@example.org,+91-2522532056,India,Thiruvananthapuram,Platinum,2020-06-12
5173,Leah,Sanders,Female,jessicastephens@example.com,+91-3282864917,India,Vijayawada,Gold,2016-03-21
5174,Maria,Evans,Other,garmstrong@example.org,+91-2358421232,India,Madurai,Bronze,2020-07-16
5175,David,Mayo,Other,veronica43@example.org,+91-4480921640,India,Kochi,Silver,2021-03-03
5176,Virginia,Carrillo,Female,ukelley@example.net,+91-1034242630,India,Kochi,Bronze,2021-10-29
5177,Johnny,Rowe,Female,smithsharon@example.org,+91-7317186873,India,Vijayawada,Silver,2025-01-03
5178,Paul,Bennett,Other,yholland@example.org,+91-8036855145,India,Visakhapatnam,Silver,2019-09-10
5179,Kenneth,House,Male,rachelblack@example.com,+91-426395306,India,Madurai,Bronze,2018-04-23
5180,Jacob,Morris,Other,emilyaustin@example.net,+91-4877369890,India,Vijayawada,Gold,2017-10-08
5181,Aaron,Mendez,Other,rachelgrant@example.org,+91-3547213266,India,Chennai,Gold,2018-01-22
5182,Troy,Castro,Male,mmyers@example.org,+91-3519333135,India,Thiruvananthapuram,Bronze,2022-05-17
5183,Laura,Dixon,Female,larry88@example.org,+91-2933683641,India,Bangalore,Bronze,2018-03-05
5184,Ruben,Jenkins,Male,ryanromero@example.org,+91-8346401083,India,Madurai,Bronze,2017-01-25
5185,Rose,Harris,Other,bridget16@example.com,+91-7340944875,India,Coimbatore,Bronze,2016-10-17
5186,Wesley,Smith,Male,matthewmunoz@example.org,+91-2900107909,India,Hyderabad,Platinum,2017-06-16
5187,Larry,Foster,Other,claudiabryant@example.net,(812)426-5128,Jamaica,Dubai,Silver,2023-12-20
5188,Teresa,Evans,Female,hunterrachel@example.com,+91-5377956337,India,Kochi,Bronze,2020-06-17
5189,Joel,Lewis,Other,jessicaalvarado@example.org,+91-4703312180,India,Coimbatore,Bronze,2016-01-17
5190,Stephanie,Macdonald,Female,armstrongsarah@example.org,+91-4716646019,India,Hyderabad,Silver,2021-02-16
5191,Frank,Woods,Male,williamsjoseph@example.com,+91-8508369570,India,Visakhapatnam,Silver,2015-12-28
5192,Wendy,Erickson,Female,ashley26@example.org,+91-432370050,India,Chennai,Bronze,2018-02-24
5193,Nicholas,Hernandez,Male,waltersanthony@example.com,+91-5330779835,India,Visakhapatnam,Bronze,2017-08-22
5194,Angela,Shaw,Other,christophergarcia@example.org,001-773-713-5542x27111,Guinea-Bissau,Singapore,Bronze,2025-03-07
5195,Gregory,Cherry,Other,lindavalencia@example.com,+91-3786163189,India,Chennai,Silver,2019-11-18
5196,Michael,Hayes,Male,xburnett@example.org,828-490-0464x654,Indonesia,Paris,Bronze,2015-06-29
5197,David,Baker,Male,qjohnson@example.net,885.497.3014,Niue,Sydney,Bronze,2019-08-25
5198,James,Robinson,Female,pamela23@example.org,+91-7704738592,India,Hyderabad,Gold,2016-10-09
5199,Ryan,Harrell,Female,theresa38@example.org,+91-2110071687,India,Chennai,Silver,2021-08-04
5200,Taylor,Cabrera,Male,ashley08@example.org,654-524-2835x93164,Pakistan,Tokyo,Gold,2019-10-24
5201,Hannah,Blevins,Other,jennifercastillo@example.net,(525)260-3108,Japan,Sydney,Gold,2016-03-25
5202,Lisa,Walker,Male,rclark@example.com,+91-8792510744,India,Thiruvananthapuram,Silver,2017-11-19
5203,Melissa,Brown,Female,stephenfigueroa@example.net,+91-4659270853,India,Bangalore,Platinum,2023-08-10
5204,Brandon,Clark,Male,ssnyder@example.org,+91-655309180,India,Coimbatore,Gold,2020-02-01
5205,Robert,Medina,Other,zpowell@example.net,+91-5988059360,India,Visakhapatnam,Bronze,2016-09-30
5206,Laura,Smith,Male,madeline56@example.org,+91-9108134954,India,Chennai,Bronze,2019-10-07
5207,Melissa,Foster,Other,thompsonrebecca@example.net,+91-5845338403,India,Thiruvananthapuram,Silver,2024-03-30
5208,Kristina,Lopez,Female,villashannon@example.net,+91-1989123773,India,Coimbatore,Bronze,2025-01-01
5209,Alexander,Lee,Male,wesley59@example.com,+91-7745957295,India,Chennai,Silver,2019-06-23
5210,Brian,West,Female,johnirwin@example.net,+91-7979133374,India,Bangalore,Silver,2015-11-29
5211,Kendra,Ayala,Female,vbrown@example.com,+91-4704295326,India,Vijayawada,Silver,2020-10-25
5212,Cynthia,Reid,Female,david52@example.com,+91-1202340279,India,Hyderabad,Bronze,2021-06-04
5213,Jason,Cunningham,Female,coffeybarry@example.net,+91-9099847653,India,Kochi,Bronze,2021-02-25
5214,Kevin,Duran,Female,osims@example.org,+91-2430942249,India,Chennai,Gold,2018-04-11
5215,Megan,Odom,Male,michellegarcia@example.org,+91-9160219401,India,Vijayawada,Silver,2024-11-02
5216,Nicole,Taylor,Other,danderson@example.net,+91-4894918207,India,Thiruvananthapuram,Bronze,2022-04-07
5217,Shane,Hill,Female,daniel21@example.net,+91-2791314792,India,Hyderabad,Silver,2021-04-13
5218,Danielle,Henry,Female,edward23@example.org,808.886.2060x20901,Martinique,New York,Platinum,2017-05-03
5219,Mark,Harris,Other,craiglori@example.net,+91-3081609084,India,Thiruvananthapuram,Bronze,2019-09-24
5220,Randy,Chambers,Male,holmeslydia@example.org,+91-3569583376,India,Coimbatore,Gold,2021-04-27
5221,James,Willis,Other,fbrown@example.net,+91-4274230239,India,Coimbatore,Bronze,2022-06-18
5222,Stacey,Mccann,Female,ashleyfranklin@example.org,+91-6631499343,India,Mysore,Silver,2015-11-12
5223,Robert,Hardy,Male,juan79@example.com,+91-8262865926,India,Thiruvananthapuram,Bronze,2025-01-07
5224,Christopher,Cook,Female,richard27@example.net,+91-6794417982,India,Bangalore,Platinum,2024-06-22
5225,Karen,Cox,Male,allisonzamora@example.org,+91-4157565233,India,Thiruvananthapuram,Bronze,2024-08-03
5226,Samuel,Adkins,Other,alvarezdouglas@example.net,+91-9880452487,India,Visakhapatnam,Silver,2021-11-12
5227,Tammy,Jacobs,Male,justin89@example.org,+91-2738236325,India,Kochi,Silver,2023-07-23
5228,Emily,Coleman,Other,phorton@example.org,+91-6556020084,India,Coimbatore,Gold,2016-12-06
5229,Maria,Maynard,Female,dyoung@example.com,+91-2796791885,India,Mysore,Bronze,2024-04-12
5230,Connie,Ayers,Female,tbrady@example.net,+91-7386629399,India,Chennai,Gold,2018-06-27
5231,Sara,Reynolds,Female,fmendoza@example.com,+91-3850787675,India,Bangalore,Bronze,2022-09-30
5232,Mindy,Russell,Other,gsanchez@example.com,+91-4773152623,India,Chennai,Silver,2024-09-10
5233,Robert,Moore,Male,fernandogibson@example.net,495-823-9181,Macao,Sydney,Bronze,2022-05-27
5234,Amanda,Nash,Other,harmontravis@example.net,270-512-1102,Canada,New York,Bronze,2024-02-17
5235,David,Sharp,Male,michaeljones@example.net,+1-611-580-2379x791,Russian Federation,New York,Silver,2020-08-01
5236,Richard,Henderson,Female,hwright@example.com,3546806067,Northern Mariana Islands,Paris,Gold,2017-07-29
5237,Jared,Roman,Female,wrightrobert@example.net,+91-576618838,India,Thiruvananthapuram,Bronze,2019-03-13
5238,Lauren,Williams,Female,lwagner@example.com,+91-1732461184,India,Thiruvananthapuram,Silver,2017-04-07
5239,David,Thomas,Female,gutierrezangela@example.org,+91-5567951915,India,Hyderabad,Bronze,2016-10-21
5240,Tamara,Hall,Other,jamesgarrett@example.net,+91-1760695704,India,Madurai,Gold,2016-07-21
5241,Jordan,Schmidt,Female,anthony27@example.org,+91-9641577091,India,Kochi,Gold,2023-06-22
5242,Sarah,White,Female,wfisher@example.net,400.523.8512x5680,Bulgaria,Tokyo,Silver,2015-06-29
5243,Jessica,Randall,Female,sawyeramy@example.org,+91-6993330403,India,Thiruvananthapuram,Platinum,2016-07-28
5244,Lindsey,Watts,Female,jasonmiller@example.com,+91-2569704400,India,Vijayawada,Silver,2019-10-25
5245,Larry,Hays,Male,xochoa@example.net,+91-4697300022,India,Coimbatore,Gold,2025-03-28
5246,Kyle,Adams,Male,kenneth36@example.org,+91-2891035213,India,Hyderabad,Silver,2020-09-20
5247,Sara,Williams,Female,stephanie67@example.org,001-924-423-0096,Grenada,London,Silver,2023-10-26
5248,Colleen,Smith,Female,david94@example.com,+91-1150756230,India,Mysore,Bronze,2018-08-26
5249,Karen,Robinson,Female,walkerlarry@example.net,+91-5636363068,India,Hyderabad,Gold,2024-02-06
5250,Cheryl,Clark,Male,weavermichael@example.com,+91-4953018535,India,Vijayawada,Silver,2016-07-11
5251,Sarah,Sweeney,Other,vdavis@example.org,+91-81387966,India,Madurai,Silver,2016-12-04
5252,Aaron,Smith,Male,jonathan83@example.net,+91-9344358655,India,Thiruvananthapuram,Bronze,2015-08-16
5253,Michael,Davis,Female,deanjessica@example.org,+91-2672826962,India,Visakhapatnam,Gold,2016-03-31
5254,Ruth,Boyle,Male,sharris@example.com,+91-1573736091,India,Kochi,Bronze,2017-08-29
5255,Michael,Horton,Male,valerieowen@example.org,+91-4710730373,India,Visakhapatnam,Silver,2020-05-15
5256,Lisa,Phillips,Female,elizabeth70@example.com,+91-7288644741,India,Visakhapatnam,Bronze,2016-12-23
5257,Catherine,Sanchez,Other,freemankayla@example.net,+91-3735648414,India,Hyderabad,Silver,2015-07-19
5258,Caroline,Elliott,Male,stevenpayne@example.org,+91-3203584149,India,Madurai,Gold,2020-01-02
5259,Mark,Crawford,Male,sking@example.com,+91-7519043793,India,Vijayawada,Gold,2019-07-31
5260,Jill,Hughes,Other,ecastro@example.com,+91-1656644945,India,Madurai,Platinum,2021-06-08
5261,Terri,Myers,Other,nicolebarton@example.org,+91-2266475832,India,Madurai,Silver,2019-02-05
5262,Bradley,Owens,Other,cody38@example.net,+91-5676131162,India,Chennai,Platinum,2019-08-25
5263,Courtney,Obrien,Other,fernandezjames@example.org,+91-8511325078,India,Bangalore,Bronze,2024-10-04
5264,Heather,Cook,Male,kelseyrobinson@example.net,+91-3054061614,India,Coimbatore,Bronze,2016-01-21
5265,Charles,Perez,Other,robertpeck@example.net,+91-806817678,India,Chennai,Silver,2018-06-15
5266,Edward,Fleming,Female,cory86@example.com,+91-6359464746,India,Bangalore,Silver,2022-09-18
5267,Christopher,Lawrence,Female,joseph96@example.org,+91-2646161846,India,Visakhapatnam,Platinum,2022-07-26
5268,Amy,Gonzalez,Other,james77@example.org,+91-551920045,India,Mysore,Silver,2016-01-14
5269,George,Cruz,Other,hunteredwards@example.net,001-471-648-6974x0453,Bolivia,New York,Silver,2024-11-11
5270,Danielle,Davis,Other,nross@example.com,(285)272-4518x0450,Chad,Berlin,Bronze,2017-02-16
5271,Ruth,Mayo,Female,fking@example.com,+91-5258286708,India,Kochi,Platinum,2022-06-07
5272,Todd,Gibson,Female,fnelson@example.org,+91-2856245949,India,Madurai,Platinum,2021-02-15
5273,Tyler,Blair,Male,sheilakane@example.com,+91-6877528520,India,Coimbatore,Bronze,2018-10-12
5274,Carolyn,Green,Other,corywalker@example.com,+91-4914192911,India,Vijayawada,Gold,2018-12-26
5275,Joshua,Williams,Other,icarter@example.net,+91-1960768243,India,Visakhapatnam,Gold,2023-01-10
5276,Sara,Ruiz,Other,james07@example.com,+91-9155938313,India,Chennai,Bronze,2024-04-01
5277,Amanda,Richardson,Male,wandrews@example.org,+91-5398713733,India,Vijayawada,Platinum,2017-02-21
5278,Joseph,Campbell,Male,iday@example.org,+91-1567928282,India,Mysore,Gold,2024-11-09
5279,Matthew,Wilson,Other,dawn40@example.net,+91-5071897630,India,Vijayawada,Silver,2017-01-03
5280,Spencer,Cook,Other,opeck@example.net,+91-2704252876,India,Chennai,Bronze,2024-04-24
5281,Richard,Webb,Male,markmendoza@example.com,+91-7486176126,India,Coimbatore,Silver,2022-02-03
5282,Shelby,Buchanan,Female,ronald72@example.net,+91-4740167452,India,Hyderabad,Gold,2021-01-01
5283,Nicole,Hill,Female,ayerskristen@example.net,+91-8179810584,India,Kochi,Bronze,2016-02-14
5284,Susan,Garcia,Female,calvindodson@example.net,+91-5439367826,India,Vijayawada,Platinum,2025-02-11
5285,Jason,Taylor,Male,christopher22@example.net,+91-9580443609,India,Chennai,Gold,2015-09-14
5286,Vanessa,Bailey,Female,codyduran@example.com,+91-6795037607,India,Visakhapatnam,Gold,2025-03-09
5287,Wanda,Phillips,Female,allendavid@example.net,+91-9441800503,India,Chennai,Silver,2022-01-05
5288,Nathan,Ruiz,Other,mary54@example.com,281-926-5758x496,Finland,Los Angeles,Bronze,2016-07-02
5289,Jonathon,Daniel,Other,weavereric@example.net,+91-6874521478,India,Mysore,Bronze,2023-05-09
5290,Ray,Phillips,Female,hayleybrown@example.com,+91-4394959477,India,Mysore,Bronze,2017-12-31
5291,Jacob,Gray,Male,kara16@example.org,+91-6682733446,India,Coimbatore,Gold,2017-09-30
5292,John,Roberts,Male,rachelwright@example.net,+91-6526693813,India,Madurai,Gold,2022-11-22
5293,James,Anderson,Male,herrerasandra@example.net,+91-6721058698,India,Thiruvananthapuram,Silver,2018-11-14
5294,Matthew,Cortez,Female,uschmidt@example.net,450.244.1815,Panama,Berlin,Gold,2024-10-26
5295,Colin,Hunter,Other,millerheather@example.com,+91-9644267245,India,Chennai,Bronze,2016-07-26
5296,Nicholas,Gross,Female,nataliefitzgerald@example.net,+91-7360156258,India,Coimbatore,Bronze,2018-08-31
5297,Deborah,Pierce,Other,johnstonjustin@example.org,+91-1340072168,India,Coimbatore,Bronze,2024-01-01
5298,Jennifer,Nguyen,Female,lindseystevenson@example.net,+91-7919863172,India,Mysore,Bronze,2021-12-12
5299,Robert,Singleton,Male,bakerjohn@example.org,+91-1441151935,India,Visakhapatnam,Platinum,2016-08-14
5300,Leslie,Rodriguez,Other,mariesilva@example.com,+91-3903259321,India,Visakhapatnam,Gold,2018-11-25
5301,Tammy,Cardenas,Other,uperry@example.net,+91-8001161287,India,Hyderabad,Gold,2018-01-02
5302,Mary,Lynch,Male,antoniomacdonald@example.net,+91-8162214592,India,Vijayawada,Gold,2017-10-27
5303,Frederick,Jones,Other,jeffreysmith@example.org,+91-9154613439,India,Hyderabad,Gold,2022-05-30
5304,Jeremy,Riley,Female,hartmanmichael@example.com,+91-4218178268,India,Chennai,Gold,2019-08-04
5305,Jonathon,Ali,Male,maysmary@example.com,955-979-8633x40590,Greenland,Dubai,Gold,2016-07-27
5306,Olivia,Hurley,Female,bankskenneth@example.com,+91-2693149424,India,Mysore,Bronze,2024-07-26
5307,Audrey,Nash,Female,victoriashepherd@example.org,281.766.5666x158,Fiji,Dubai,Bronze,2017-05-11
5308,Benjamin,Reed,Male,ryan17@example.org,+91-2177313574,India,Visakhapatnam,Bronze,2015-08-23
5309,Matthew,Sampson,Female,ashley17@example.net,387.529.1350x52519,Guinea-Bissau,Berlin,Bronze,2023-09-02
5310,Charles,Edwards,Male,elizabeth35@example.org,864.583.6209,Turkey,London,Platinum,2023-11-29
5311,Rachel,Hobbs,Female,josedelgado@example.com,+91-5636493406,India,Bangalore,Bronze,2018-10-25
5312,Kevin,Johnson,Male,jduncan@example.net,+91-2586773688,India,Chennai,Silver,2018-08-29
5313,Stephen,Perry,Other,norriscarlos@example.org,+91-8607471545,India,Coimbatore,Gold,2019-01-16
5314,Donald,Collins,Male,sharon32@example.com,+91-391976484,India,Mysore,Silver,2024-07-02
5315,Robert,Mitchell,Other,priley@example.net,+91-4290373798,India,Kochi,Silver,2023-07-10
5316,Donna,Turner,Male,lauralee@example.com,+91-3531665790,India,Visakhapatnam,Gold,2021-11-14
5317,Barbara,Pineda,Female,amy09@example.com,+91-4006618000,India,Coimbatore,Bronze,2017-01-18
5318,Crystal,Nelson,Male,smithkirk@example.com,+91-85042276,India,Mysore,Bronze,2022-02-11
5319,Danielle,Johnson,Male,ugray@example.com,+91-5934252637,India,Vijayawada,Silver,2024-12-07
5320,Ryan,Brown,Male,ostewart@example.org,+91-3371200115,India,Visakhapatnam,Gold,2016-08-22
5321,Jessica,Lowery,Other,vwinters@example.net,+91-6374760211,India,Madurai,Bronze,2024-12-15
5322,Raymond,Gonzales,Female,tannermichael@example.org,+91-4814131909,India,Madurai,Gold,2018-05-20
5323,Joshua,Adams,Female,jensendakota@example.org,(592)809-6984x148,Cote d'Ivoire,New York,Bronze,2022-01-02
5324,Christopher,Wilkins,Other,nicholebrewer@example.org,+91-3799510872,India,Thiruvananthapuram,Silver,2020-10-07
5325,Carol,Jones,Male,greendarrell@example.com,+91-1413121693,India,Madurai,Bronze,2019-06-18
5326,Jose,Moore,Male,taylormendez@example.net,+91-4981634032,India,Bangalore,Platinum,2015-09-19
5327,Cody,Jackson,Female,frankfrench@example.com,+91-422699641,India,Chennai,Bronze,2021-08-20
5328,Christopher,Briggs,Female,zjames@example.net,315.607.1185,United States Virgin Islands,Sydney,Bronze,2024-08-14
5329,Julie,Cooper,Other,holdenrick@example.com,+91-8410016080,India,Visakhapatnam,Bronze,2015-08-09
5330,Tanya,Blake,Female,escobarsteven@example.com,+91-8609687340,India,Coimbatore,Bronze,2024-04-22
5331,Brandon,Walker,Male,fnelson@example.com,239-938-7546x1368,Saint Pierre and Miquelon,Dubai,Platinum,2023-03-07
5332,David,Johnson,Male,bestes@example.org,+91-197124909,India,Madurai,Silver,2019-09-04
5333,Patrick,Davenport,Female,uschultz@example.org,+91-6745666750,India,Hyderabad,Bronze,2024-05-25
5334,Michael,Bowers,Female,lucasamanda@example.net,+91-2547012787,India,Kochi,Silver,2021-07-10
5335,David,Chambers,Male,xmoore@example.net,+91-6278551880,India,Bangalore,Silver,2017-11-08
5336,James,Zamora,Male,nmeyers@example.org,+91-2177744175,India,Kochi,Platinum,2023-08-27
5337,Robin,Marks,Other,carla85@example.com,+91-8239010771,India,Visakhapatnam,Bronze,2021-04-26
5338,April,Young,Female,beckerrachel@example.net,+91-8150791923,India,Mysore,Bronze,2017-02-25
5339,Anthony,Colon,Other,thomasallen@example.org,+91-6452269031,India,Hyderabad,Bronze,2017-12-22
5340,Theodore,Jacobs,Female,johnsonjasmin@example.com,+91-3033072389,India,Visakhapatnam,Gold,2015-12-23
5341,Wendy,Oliver,Female,amyharper@example.org,+91-2971430139,India,Vijayawada,Bronze,2022-07-18
5342,Lisa,Thomas,Male,vasquezshannon@example.com,+91-1218059002,India,Vijayawada,Silver,2022-09-21
5343,Dana,Edwards,Male,audrey41@example.org,+91-8013433843,India,Bangalore,Bronze,2018-01-16
5344,Adrian,Hayes,Other,carmen56@example.org,+91-7558189334,India,Thiruvananthapuram,Silver,2017-06-27
5345,Patricia,Brown,Female,phughes@example.com,+1-704-891-4664x1123,Panama,Sydney,Silver,2016-05-20
5346,Teresa,Ford,Female,paul81@example.net,717-586-9321,Monaco,Paris,Gold,2017-09-27
5347,Daniel,Wilson,Female,comptonnicole@example.com,+91-617423261,India,Chennai,Gold,2016-01-07
5348,Holly,Miller,Male,hwilson@example.org,+91-2019261398,India,Bangalore,Silver,2016-07-16
5349,Jeffrey,Torres,Male,rwhite@example.com,+91-5415470474,India,Chennai,Gold,2021-12-24
5350,Elizabeth,Baker,Female,xrivera@example.net,908.256.0075,Ukraine,Berlin,Bronze,2023-07-23
5351,Samuel,Saunders,Other,willissteven@example.com,+91-5381762056,India,Thiruvananthapuram,Gold,2016-02-12
5352,Stephen,Smith,Female,zwilson@example.org,+91-5803642452,India,Thiruvananthapuram,Platinum,2018-11-26
5353,Jeffrey,Goodwin,Female,mcknightbarbara@example.org,+91-4160420099,India,Bangalore,Gold,2025-01-08
5354,Sharon,Hoffman,Other,thompsonlinda@example.com,(654)539-8352x634,El Salvador,Sydney,Bronze,2021-12-04
5355,Sean,Flores,Other,nallen@example.net,+91-1183565118,India,Visakhapatnam,Silver,2015-05-15
5356,Troy,Conley,Other,cortezjonathan@example.org,+91-6289070965,India,Madurai,Silver,2021-11-29
5357,Erik,Foster,Male,ysanchez@example.net,+91-8809247304,India,Madurai,Bronze,2015-06-29
5358,David,Nichols,Other,zimmermanmeagan@example.net,+91-1775314756,India,Mysore,Platinum,2022-08-13
5359,Todd,Woodward,Male,luke71@example.com,+91-2101369662,India,Mysore,Silver,2023-11-26
5360,Richard,Durham,Female,vanessa92@example.org,7643003711,Ecuador,Tokyo,Bronze,2023-04-15
5361,Ashley,Hayes,Male,cwebster@example.com,+91-8579883731,India,Thiruvananthapuram,Silver,2016-12-03
5362,Mckenzie,Holland,Other,nchang@example.net,+91-2457912261,India,Visakhapatnam,Platinum,2021-03-03
5363,Natalie,Flores,Other,amygutierrez@example.org,674.997.1888x136,French Polynesia,Sydney,Bronze,2020-07-07
5364,Christopher,Key,Other,warnerstacy@example.org,+91-934840570,India,Madurai,Bronze,2018-03-23
5365,Steven,Shannon,Female,bestrada@example.org,+91-9403883855,India,Thiruvananthapuram,Bronze,2019-11-22
5366,Justin,Skinner,Other,egraham@example.com,+1-886-696-3054,Chad,Toronto,Silver,2021-06-20
5367,Rebekah,Williams,Other,jeffreyfitzgerald@example.net,+1-950-551-7706,Aruba,Singapore,Bronze,2015-07-24
5368,Sara,Thompson,Male,karen46@example.net,+91-5425725800,India,Thiruvananthapuram,Silver,2022-02-08
5369,Joseph,Peterson,Female,hallnicholas@example.net,+91-2430470634,India,Kochi,Bronze,2017-05-15
5370,Mackenzie,Cox,Female,paynelinda@example.net,+91-281634700,India,Coimbatore,Bronze,2016-01-19
5371,Meagan,Orr,Female,kristen52@example.net,+91-6221657799,India,Coimbatore,Silver,2021-07-20
5372,Julia,Padilla,Female,denise76@example.com,+91-7014480324,India,Chennai,Gold,2020-04-15
5373,Kerri,West,Other,julie71@example.com,+1-684-449-4866,Guam,Berlin,Silver,2022-08-17
5374,Pamela,Shaw,Female,johnsondavid@example.com,+91-9146744819,India,Visakhapatnam,Gold,2021-01-29
5375,Michael,Avery,Male,howardmary@example.com,+91-3530445802,India,Kochi,Platinum,2017-11-01
5376,Stacey,Lopez,Other,twelch@example.net,932.685.7937x012,Timor-Leste,Sydney,Silver,2020-03-12
5377,Carla,Norman,Male,tyler78@example.net,+91-2178585280,India,Madurai,Bronze,2016-03-13
5378,Eric,Mitchell,Male,hodgeanthony@example.com,+91-145078821,India,Visakhapatnam,Bronze,2024-09-29
5379,Michael,Brewer,Male,zhowe@example.net,+91-1082423187,India,Bangalore,Bronze,2025-01-06
5380,Travis,Wilson,Female,vrichardson@example.com,+91-3626005508,India,Visakhapatnam,Silver,2021-05-07
5381,Brandy,Jackson,Other,ryancain@example.com,+91-309868969,India,Mysore,Gold,2022-05-30
5382,Danny,Martin,Other,rileymartha@example.org,+91-9939997802,India,Mysore,Bronze,2021-03-21
5383,Teresa,Glenn,Male,frankshaw@example.com,+91-5261515760,India,Thiruvananthapuram,Silver,2020-08-10
5384,Donald,Hogan,Female,darrylkennedy@example.net,+91-8140687079,India,Visakhapatnam,Silver,2019-08-06
5385,Justin,Fischer,Male,emily78@example.com,578.425.7797x5798,Croatia,Tokyo,Gold,2023-10-06
5386,Christopher,Cox,Female,kelleycharles@example.org,+91-7701355514,India,Vijayawada,Bronze,2023-04-07
5387,Jerry,Parsons,Female,xryan@example.com,+91-2469150476,India,Chennai,Silver,2017-12-23
5388,Thomas,Nelson,Female,parksrobin@example.org,+91-5901560851,India,Mysore,Bronze,2021-01-11
5389,William,Reyes,Female,ujohnson@example.com,+91-3696448201,India,Thiruvananthapuram,Bronze,2022-07-17
5390,Joe,Kim,Female,graybrandon@example.org,+91-9299897829,India,Chennai,Bronze,2024-01-10
5391,Kimberly,Ingram,Female,pclayton@example.net,+91-3585813945,India,Coimbatore,Silver,2019-05-23
5392,Krista,Hamilton,Other,angelabell@example.com,+91-2113094920,India,Chennai,Bronze,2021-09-12
5393,Brian,Taylor,Other,rubentownsend@example.com,+91-5741267116,India,Madurai,Silver,2018-12-22
5394,Rebecca,Reid,Male,morrowteresa@example.com,+91-437094388,India,Kochi,Bronze,2022-03-06
5395,Elizabeth,Johnson,Male,xward@example.org,001-405-768-1598x5294,Jersey,New York,Bronze,2021-11-16
5396,Michael,Henson,Male,nicholegomez@example.com,+91-9679604735,India,Coimbatore,Bronze,2022-06-11
5397,Natalie,Jones,Other,jason34@example.org,+91-6688009683,India,Thiruvananthapuram,Gold,2018-02-04
5398,Patrick,Flores,Female,cindylewis@example.net,+91-4204908960,India,Bangalore,Gold,2019-09-16
5399,Ebony,Barnett,Other,nwolf@example.org,+91-2492745253,India,Madurai,Gold,2016-05-26
5400,James,Sanchez,Male,smithchristopher@example.org,+91-892405240,India,Madurai,Bronze,2018-10-10
5401,Natasha,Padilla,Male,ambermitchell@example.org,+91-7150881796,India,Visakhapatnam,Silver,2017-07-24
5402,William,Le,Male,lewisann@example.org,(301)818-0523,Antarctica (the territory South of 60 deg S),Dubai,Bronze,2024-08-25
5403,April,Mitchell,Female,michellehorne@example.net,381.880.8622x4529,Saint Pierre and Miquelon,Paris,Gold,2023-01-21
5404,Travis,Bryant,Male,ybenson@example.com,+91-8757420182,India,Thiruvananthapuram,Bronze,2023-08-07
5405,Margaret,Smith,Female,margaretdougherty@example.com,+91-2285729062,India,Bangalore,Bronze,2016-07-23
5406,Jeffrey,Griffith,Male,james07@example.com,+91-5703133491,India,Thiruvananthapuram,Silver,2016-03-20
5407,Jamie,Weber,Male,andrew21@example.net,+91-7322726553,India,Madurai,Platinum,2018-07-05
5408,Elizabeth,Graham,Male,janetdunn@example.org,+91-123361645,India,Vijayawada,Bronze,2018-02-16
5409,Sharon,Murphy,Male,jessicadennis@example.net,+91-2917954965,India,Mysore,Platinum,2020-02-17
5410,Sherry,Hernandez,Female,hooverchristina@example.org,+91-5463511632,India,Hyderabad,Gold,2016-02-09
5411,Michael,Cunningham,Female,qbrown@example.org,+91-1201888740,India,Chennai,Gold,2023-01-21
5412,Walter,Sandoval,Male,fbrown@example.com,+91-6914985195,India,Vijayawada,Bronze,2020-03-19
5413,Teresa,Rodriguez,Male,juliamullen@example.org,+91-640896135,India,Hyderabad,Platinum,2016-12-01
5414,John,Schultz,Male,youngstephanie@example.org,+91-4810504409,India,Madurai,Bronze,2023-11-22
5415,Suzanne,Reed,Male,lindsey84@example.net,001-464-338-1944x237,Russian Federation,New York,Bronze,2018-10-18
5416,Tonya,Macias,Female,emarshall@example.net,+91-6904792059,India,Visakhapatnam,Gold,2025-02-07
5417,Gina,Vaughan,Female,rwright@example.net,+91-8019233354,India,Visakhapatnam,Silver,2016-01-23
5418,Stephen,Shah,Female,caitlin85@example.com,+91-7103475881,India,Visakhapatnam,Bronze,2019-08-15
5419,Juan,Wilson,Female,michealvelasquez@example.net,+91-146205020,India,Thiruvananthapuram,Silver,2017-02-15
5420,Mary,Anderson,Female,jessicawilson@example.net,+91-6525402741,India,Hyderabad,Silver,2024-02-21
5421,Stephanie,Santiago,Male,maria09@example.org,+91-6629426271,India,Thiruvananthapuram,Bronze,2019-09-07
5422,Catherine,Sims,Other,christopherfoley@example.net,+91-4848903806,India,Coimbatore,Bronze,2023-03-05
5423,Loretta,Cox,Male,olivia18@example.net,+91-2205964993,India,Thiruvananthapuram,Silver,2024-10-27
5424,Melissa,Mejia,Female,james59@example.org,+91-292349216,India,Madurai,Gold,2019-11-18
5425,Jay,Hatfield,Other,aaron97@example.com,+91-8463991868,India,Thiruvananthapuram,Gold,2018-09-19
5426,Ronald,Lowe,Other,jdavis@example.net,+91-6774327645,India,Vijayawada,Silver,2023-08-28
5427,Betty,Henry,Male,gibsongabrielle@example.com,+91-974251869,India,Kochi,Bronze,2017-10-06
5428,Olivia,Douglas,Female,williamsjason@example.com,+1-940-943-2707x32749,Burundi,Los Angeles,Silver,2016-07-22
5429,Kelly,Wilson,Female,bonillaadam@example.org,+91-8814042833,India,Visakhapatnam,Bronze,2022-09-27
5430,Lonnie,Jimenez,Female,ksmith@example.org,+91-2572283180,India,Hyderabad,Silver,2022-09-23
5431,Jessica,Walton,Female,ashleydavis@example.org,+91-4637961094,India,Coimbatore,Platinum,2020-10-16
5432,Sharon,Matthews,Male,lambertcharles@example.com,+91-8324034465,India,Chennai,Bronze,2017-01-31
5433,Laura,Todd,Female,rrogers@example.com,+91-6970291306,India,Hyderabad,Bronze,2024-10-13
5434,Julia,Willis,Male,fuenteskaren@example.com,683-749-3559x843,Senegal,Sydney,Silver,2015-10-23
5435,Jessica,Torres,Female,anthonygutierrez@example.net,001-754-946-3112x2966,Hong Kong,Toronto,Bronze,2020-05-29
5436,Raymond,Thompson,Other,danielmichael@example.com,4956033796,Tanzania,Sydney,Bronze,2020-05-18
5437,David,Martin,Female,masseydavid@example.net,+91-6133153107,India,Madurai,Bronze,2021-09-16
5438,Brandon,Rodriguez,Other,matthewshannon@example.org,+91-7248625985,India,Vijayawada,Bronze,2017-09-14
5439,Bobby,Anthony,Other,jennifermonroe@example.org,+91-8047313558,India,Mysore,Bronze,2020-02-15
5440,Elizabeth,Barry,Male,nancypatterson@example.net,+91-3664399968,India,Mysore,Bronze,2018-06-21
5441,Christopher,Garcia,Male,margaretjacobs@example.net,+91-7867938682,India,Mysore,Silver,2022-03-26
5442,John,Rice,Other,boylenatalie@example.com,+91-7195913167,India,Chennai,Silver,2019-03-02
5443,William,Long,Male,mjames@example.org,+1-268-712-2847x351,Burkina Faso,Toronto,Gold,2016-01-12
5444,James,Hines,Female,griffithrobert@example.net,+91-1746286388,India,Mysore,Silver,2022-01-06
5445,William,Campos,Female,jesse95@example.org,+91-204565979,India,Hyderabad,Bronze,2018-02-25
5446,Kelsey,Wilkins,Male,lsanders@example.net,+91-8334596536,India,Chennai,Bronze,2023-01-16
5447,Theresa,Best,Male,leslie84@example.com,(857)543-1158x3884,Egypt,Toronto,Silver,2023-07-19
5448,Lawrence,Long,Other,patrick43@example.com,+91-2796216897,India,Visakhapatnam,Silver,2020-12-28
5449,Lee,Thompson,Other,vandrews@example.com,+91-1559672091,India,Mysore,Bronze,2022-12-10
5450,Charles,Scott,Male,bobby97@example.net,+91-841179205,India,Mysore,Bronze,2024-04-15
5451,James,Arellano,Other,raymondrobinson@example.net,+91-6851889214,India,Madurai,Bronze,2020-12-07
5452,Tyler,Hebert,Male,jamesgeorge@example.org,(502)824-0317,Isle of Man,Dubai,Bronze,2018-06-16
5453,Thomas,Moore,Female,lclarke@example.com,+91-447201340,India,Visakhapatnam,Silver,2021-07-12
5454,Roger,Johnson,Other,jbird@example.org,+91-671158651,India,Visakhapatnam,Platinum,2021-03-18
5455,Emma,Owens,Other,otorres@example.com,+1-832-429-4768x0826,Macao,Toronto,Bronze,2017-04-19
5456,Mary,Turner,Other,fmyers@example.net,+91-4962497305,India,Thiruvananthapuram,Bronze,2018-10-25
5457,Gregory,Johnson,Female,rgregory@example.net,+1-638-254-94,Netherlands Antilles,Berlin,Silver,2021-03-17
5458,Stanley,Moss,Female,timothy84@example.net,+91-5696084209,India,Thiruvananthapuram,Silver,2023-03-24
5459,Heather,Weiss,Other,gonzalesjames@example.net,+91-1185661794,India,Thiruvananthapuram,Bronze,2023-02-24
5460,Justin,Flores,Female,marygoodman@example.net,+91-5292751353,India,Vijayawada,Gold,2024-01-04
5461,Donald,Martinez,Female,kevinwood@example.net,+91-9698703491,India,Bangalore,Silver,2024-02-18
5462,Marcus,Davis,Other,blairlawrence@example.org,+91-8796484165,India,Mysore,Bronze,2020-09-15
5463,Marcus,Rodgers,Male,paulpatel@example.org,797-403-3336x397,Kuwait,Los Angeles,Bronze,2017-02-20
5464,Emily,Trujillo,Other,marroyo@example.net,+91-360137984,India,Thiruvananthapuram,Bronze,2024-05-01
5465,William,Thompson,Male,abrown@example.com,+91-8797708488,India,Thiruvananthapuram,Bronze,2017-05-27
5466,Margaret,Thomas,Other,ghenderson@example.org,+91-7930204360,India,Vijayawada,Bronze,2021-10-03
5467,James,Middleton,Male,ericksoncarrie@example.org,001-719-484-0236x2604,Nauru,New York,Bronze,2023-03-05
5468,Christopher,Wright,Female,millswilliam@example.org,+91-572700716,India,Visakhapatnam,Silver,2025-03-26
5469,Raymond,Floyd,Male,mirandawebb@example.org,+91-7202456252,India,Mysore,Bronze,2020-01-25
5470,Carlos,Woodward,Male,stoneraymond@example.com,+91-203708927,India,Madurai,Silver,2019-10-19
5471,Rachel,Ramsey,Female,jason41@example.com,(877)855-1315x95581,Sierra Leone,Sydney,Silver,2021-10-10
5472,Teresa,Peck,Female,keithsimmons@example.net,+91-6923698257,India,Hyderabad,Platinum,2018-12-04
5473,Rebekah,Neal,Other,knunez@example.org,+91-8681071951,India,Thiruvananthapuram,Bronze,2017-10-16
5474,Matthew,Gardner,Male,kaufmanjoshua@example.com,+91-1644463306,India,Mysore,Platinum,2021-08-28
5475,Roger,Long,Male,michael66@example.net,+91-2710203147,India,Kochi,Gold,2015-11-11
5476,Beth,Ward,Other,krodriguez@example.net,+91-4842622041,India,Visakhapatnam,Bronze,2015-05-01
5477,Robert,Ryan,Male,kristinenguyen@example.net,+91-7532185621,India,Visakhapatnam,Gold,2018-02-04
5478,Anthony,Mcdonald,Other,schneideremily@example.net,+91-8803194576,India,Thiruvananthapuram,Gold,2023-08-06
5479,Kristopher,Bradford,Other,jonesjustin@example.net,+91-2979125442,India,Coimbatore,Bronze,2016-01-11
5480,Lauren,Klein,Female,gregory80@example.com,+91-9984178463,India,Mysore,Gold,2018-01-29
5481,Julie,Daniels,Female,brandon62@example.com,+91-8115145884,India,Bangalore,Gold,2021-09-12
5482,Aaron,Bryant,Male,shahbrandon@example.org,+91-4924809454,India,Coimbatore,Bronze,2017-12-26
5483,Jenna,Wilson,Female,kevinmitchell@example.net,+91-596083869,India,Thiruvananthapuram,Gold,2023-10-16
5484,Sharon,Roberts,Male,jenniferle@example.com,+91-3596078002,India,Visakhapatnam,Silver,2022-09-28
5485,Eric,Wright,Male,lindsey33@example.org,+91-3550677236,India,Bangalore,Bronze,2024-01-21
5486,Pamela,Christian,Male,donkim@example.net,+91-7587413126,India,Visakhapatnam,Silver,2020-07-16
5487,Alan,Wiggins,Male,michaelwallace@example.org,+91-5699524098,India,Bangalore,Silver,2018-02-16
5488,Alyssa,Sloan,Female,jonesheather@example.net,+91-7771293888,India,Visakhapatnam,Gold,2020-10-04
5489,Julie,Baker,Female,barbaraperez@example.com,+91-3307185569,India,Hyderabad,Bronze,2018-12-10
5490,Johnny,Watson,Female,qpeterson@example.net,+91-8376091029,India,Vijayawada,Bronze,2024-02-05
5491,Clayton,Smith,Male,tylermartinez@example.org,+91-4987181747,India,Visakhapatnam,Silver,2018-08-23
5492,Gina,Gallagher,Female,frivera@example.org,001-911-356-6178x248,China,London,Bronze,2021-09-29
5493,Ryan,Kennedy,Male,bridgetmurphy@example.net,+91-7594287037,India,Vijayawada,Bronze,2021-06-30
5494,Elizabeth,Charles,Other,jimmygreen@example.com,676.551.8885x43759,Singapore,Sydney,Silver,2015-05-28
5495,Colleen,Hanson,Female,katherine46@example.com,+91-4885463596,India,Mysore,Bronze,2016-11-09
5496,Maria,Smith,Female,reginaldterry@example.com,+91-6672547014,India,Bangalore,Bronze,2019-02-09
5497,David,Thompson,Other,deborahnash@example.com,+91-9981253296,India,Bangalore,Silver,2021-06-23
5498,Michael,Flowers,Other,burgessmario@example.net,+91-1328713405,India,Visakhapatnam,Bronze,2020-04-09
5499,Laura,Strickland,Other,stephanie65@example.com,+91-5807032380,India,Chennai,Bronze,2023-10-01
5500,Danielle,Garcia,Female,warrenashley@example.org,+91-1222919458,India,Visakhapatnam,Gold,2024-03-11
5501,Riley,Faulkner,Other,leahmartinez@example.net,+91-6684962406,India,Coimbatore,Silver,2016-05-24
5502,Ronald,Bradford,Other,davisbarbara@example.com,+91-9256012557,India,Coimbatore,Gold,2024-10-05
5503,Paul,Graves,Male,hammondtimothy@example.org,+91-5155750805,India,Visakhapatnam,Gold,2018-04-27
5504,David,Hudson,Other,griffinhaley@example.org,+91-8140188738,India,Hyderabad,Platinum,2025-01-07
5505,Monica,Rogers,Female,brandonpham@example.net,+91-1717689235,India,Kochi,Bronze,2016-04-17
5506,Karen,Burke,Male,ajohnston@example.net,+91-2252069472,India,Bangalore,Gold,2015-05-04
5507,Leslie,Wright,Other,beckmaria@example.com,+91-5069949861,India,Chennai,Gold,2023-01-16
5508,Denise,Bradley,Female,wellssabrina@example.org,+91-5778666942,India,Chennai,Silver,2025-02-05
5509,Madeline,Velez,Female,yhoffman@example.net,+91-8218956073,India,Thiruvananthapuram,Gold,2018-06-10
5510,Erica,Jackson,Male,james57@example.com,+91-6021342171,India,Kochi,Platinum,2024-09-02
5511,Roger,Williams,Other,tyler46@example.org,+91-8788473357,India,Bangalore,Silver,2018-12-18
5512,Lori,Walsh,Male,melanie33@example.org,+91-312780214,India,Madurai,Gold,2024-08-11
5513,Corey,Acevedo,Male,larsenterry@example.com,+91-1962534420,India,Mysore,Bronze,2021-01-14
5514,Kelly,Hawkins,Male,sanchezjose@example.org,846-200-7856,Turkey,Berlin,Bronze,2019-01-26
5515,Vanessa,Davis,Female,jenniferbutler@example.net,001-666-770-7676x6798,Saint Vincent and the Grenadines,New York,Silver,2016-03-26
5516,Brian,Mckenzie,Male,lori21@example.com,+91-8635200264,India,Coimbatore,Silver,2021-08-02
5517,Douglas,Ward,Male,omcpherson@example.com,+91-5520474547,India,Mysore,Silver,2024-10-31
5518,Thomas,Jordan,Female,drivera@example.org,+91-6031170758,India,Visakhapatnam,Bronze,2023-06-05
5519,Shane,Phillips,Female,cbrooks@example.com,(514)710-1281x618,Mayotte,Los Angeles,Bronze,2024-07-02
5520,Joshua,James,Female,ohoover@example.com,+91-8915245405,India,Bangalore,Gold,2017-08-27
5521,Jeffrey,Long,Female,hharris@example.org,+91-3139428171,India,Hyderabad,Bronze,2020-04-29
5522,Michelle,Obrien,Other,paul78@example.com,+91-6040882504,India,Coimbatore,Silver,2023-11-24
5523,Elizabeth,George,Female,michaelshaw@example.com,001-945-618-7473x5721,Peru,Singapore,Silver,2022-08-07
5524,Dana,Collins,Male,charles70@example.org,+91-7250654477,India,Hyderabad,Gold,2023-12-18
5525,Michael,Shepherd,Female,parkjames@example.net,+91-1986628455,India,Kochi,Bronze,2021-01-08
5526,Alexander,Harris,Female,rgutierrez@example.net,943.827.0623x704,Panama,New York,Gold,2018-10-25
5527,Henry,Wyatt,Female,zacharysmith@example.org,+91-9831970899,India,Kochi,Gold,2018-12-09
5528,Brianna,Chung,Female,inelson@example.com,+91-6457657792,India,Visakhapatnam,Platinum,2018-08-21
5529,Garrett,Munoz,Female,haydenhughes@example.net,668-250-4081x18547,Lithuania,Sydney,Silver,2020-11-01
5530,Christopher,Lucero,Female,kathy35@example.com,+1-337-585-7107x412,Fiji,London,Bronze,2024-11-03
5531,Eric,Guerrero,Male,brucealicia@example.com,+91-816587700,India,Madurai,Silver,2020-11-13
5532,Anthony,Turner,Female,maria73@example.com,+91-2946305700,India,Coimbatore,Bronze,2017-07-26
5533,Robert,Smith,Other,nguyendouglas@example.org,+91-8908892740,India,Madurai,Platinum,2021-03-06
5534,Mark,Rollins,Other,brianhamilton@example.net,+91-528610555,India,Hyderabad,Bronze,2023-06-25
5535,Maria,Pineda,Female,daniel14@example.com,+91-5253090640,India,Visakhapatnam,Platinum,2021-12-02
5536,Wendy,Lee,Other,casemadeline@example.net,+91-3679505659,India,Bangalore,Gold,2024-12-03
5537,Jill,Burgess,Male,thomashall@example.com,+91-5019423827,India,Kochi,Silver,2023-07-01
5538,Susan,Solomon,Female,jeffreydrake@example.net,(632)286-7346x041,Tanzania,Singapore,Gold,2021-12-18
5539,Candice,Hughes,Male,julie59@example.com,+91-7606195557,India,Bangalore,Bronze,2016-06-14
5540,Ariel,Wood,Other,jonesmonica@example.com,(215)818-0178x599,Suriname,London,Gold,2017-06-19
5541,Jennifer,Ramos,Female,richard26@example.org,+91-4036299898,India,Vijayawada,Gold,2019-07-09
5542,Debra,Ray,Female,vasquezmatthew@example.com,+91-8739669191,India,Hyderabad,Bronze,2022-11-29
5543,Brenda,Chapman,Other,reeddavid@example.org,+91-9251343195,India,Kochi,Platinum,2015-05-09
5544,Victoria,Scott,Male,ztran@example.org,+91-6461968890,India,Thiruvananthapuram,Gold,2017-09-27
5545,Hannah,Smith,Male,kevin86@example.com,+91-6505467659,India,Madurai,Gold,2015-05-14
5546,Judith,Crawford,Female,bruce09@example.com,+91-7180242127,India,Vijayawada,Bronze,2023-05-17
5547,Stacey,Phillips,Other,jenna30@example.com,+91-58120324,India,Chennai,Platinum,2015-09-04
5548,Michael,Clark,Other,angela73@example.net,+91-3063570545,India,Bangalore,Silver,2019-02-02
5549,Francis,Le,Other,xbecker@example.net,627-225-5964,Niger,Los Angeles,Bronze,2024-07-08
5550,Stephanie,James,Other,smallkenneth@example.com,+91-7146139932,India,Vijayawada,Bronze,2016-02-12
5551,Brandon,Miller,Male,rhondaelliott@example.org,927.800.3279x895,Norway,London,Bronze,2016-09-13
5552,Crystal,Blake,Female,rbrown@example.com,+91-9794897939,India,Chennai,Silver,2023-03-21
5553,Blake,Strickland,Other,frazierjonathan@example.com,+91-1042923095,India,Hyderabad,Silver,2019-06-24
5554,Alex,Robles,Female,jesus08@example.org,+91-7867084152,India,Hyderabad,Bronze,2017-02-02
5555,Taylor,Ford,Other,fernandezrobert@example.org,+91-1988462313,India,Chennai,Bronze,2022-02-27
5556,Leslie,Young,Male,morrowkatie@example.net,+91-1773889451,India,Hyderabad,Gold,2018-06-24
5557,Timothy,Webb,Other,jamesbarnes@example.net,+91-336373548,India,Vijayawada,Silver,2024-10-04
5558,Keith,Jones,Other,shelly93@example.com,+91-2492038826,India,Kochi,Bronze,2019-08-04
5559,Brian,Olsen,Male,guy77@example.net,+91-5452897928,India,Visakhapatnam,Bronze,2024-02-01
5560,Christopher,Wright,Other,floresanna@example.net,+91-6760767279,India,Vijayawada,Silver,2020-07-10
5561,Shannon,Romero,Male,brendahunt@example.org,+91-8852341216,India,Coimbatore,Platinum,2015-05-30
5562,Allen,Mullen,Female,lopezkaren@example.com,+1-298-801-9482x30938,Central African Republic,New York,Silver,2024-12-11
5563,Alexander,Shelton,Other,kjones@example.com,+91-6942334478,India,Thiruvananthapuram,Bronze,2017-06-20
5564,Robert,Walsh,Other,margaret49@example.org,+91-1159733630,India,Coimbatore,Bronze,2024-07-15
5565,Crystal,Lee,Other,aharper@example.com,+91-9466588138,India,Madurai,Bronze,2020-06-17
5566,Daisy,Thompson,Other,moorecynthia@example.com,+91-1540667261,India,Thiruvananthapuram,Silver,2016-06-25
5567,Andrew,Boyd,Other,michael07@example.net,+91-107608332,India,Mysore,Platinum,2020-11-17
5568,Brian,Perez,Female,lalvarez@example.net,+91-1642575014,India,Hyderabad,Gold,2024-08-06
5569,Andre,Anderson,Female,patrick07@example.net,+91-4088504127,India,Kochi,Silver,2020-12-23
5570,Charles,Moran,Female,candicestafford@example.com,2782781230,Rwanda,Dubai,Silver,2021-10-15
5571,Ashley,Webb,Female,cynthiahudson@example.com,001-990-994-0159,Holy See (Vatican City State),Tokyo,Bronze,2016-02-21
5572,Daniel,Vasquez,Female,ryanlane@example.com,+91-8500640142,India,Madurai,Bronze,2018-03-28
5573,Cheryl,Webster,Male,jeffreywalker@example.org,+91-8665412173,India,Mysore,Silver,2015-06-28
5574,Ryan,Smith,Male,weberanthony@example.org,+91-5909885686,India,Kochi,Bronze,2015-12-14
5575,Jason,Velez,Other,michaelthompson@example.net,+91-1105457452,India,Madurai,Silver,2018-04-07
5576,Suzanne,Thomas,Female,kyle07@example.org,(924)649-7516x327,France,Paris,Gold,2015-08-07
5577,Monique,Reynolds,Female,tsullivan@example.net,824.332.5669,Bahrain,London,Silver,2022-12-27
5578,Amy,Quinn,Male,peter23@example.com,+91-6060378951,India,Bangalore,Silver,2021-06-01
5579,Kristen,White,Male,mindymyers@example.com,645-580-5294x1450,Liberia,London,Bronze,2019-03-24
5580,Megan,Villegas,Female,davidgray@example.net,+91-5784702646,India,Thiruvananthapuram,Bronze,2022-10-13
5581,Kathleen,Dunn,Male,iwilliams@example.com,+91-1444150137,India,Mysore,Bronze,2019-08-20
5582,Deanna,Patterson,Male,moranjohn@example.net,+91-6009434451,India,Vijayawada,Bronze,2016-09-30
5583,Wendy,Rogers,Other,shelby59@example.org,+91-4665076962,India,Chennai,Silver,2022-11-26
5584,Nicole,Walker,Female,egrant@example.org,+91-5019601914,India,Visakhapatnam,Gold,2018-11-14
5585,Kristin,Cooper,Female,williamsadam@example.com,+91-1382325141,India,Mysore,Bronze,2016-10-20
5586,Kelsey,Liu,Female,bradleymontes@example.com,+91-8763285648,India,Chennai,Silver,2024-05-27
5587,Adam,Cooke,Other,alicia10@example.net,(422)205-2102,Afghanistan,Los Angeles,Silver,2020-03-03
5588,Vanessa,Santiago,Male,vwatson@example.com,+1-657-934-8341x720,Faroe Islands,Berlin,Gold,2023-10-12
5589,Kenneth,Nguyen,Other,turnerashley@example.com,+91-7010725963,India,Madurai,Gold,2017-05-26
5590,Julia,Patel,Female,rjones@example.org,+91-6741807443,India,Vijayawada,Silver,2022-11-03
5591,John,Reed,Other,johnstondennis@example.net,+91-2328084599,India,Kochi,Bronze,2019-03-23
5592,Justin,Hernandez,Female,annette43@example.net,+91-607211102,India,Madurai,Silver,2021-10-05
5593,Fernando,Anderson,Other,clarkruben@example.com,+91-6347995554,India,Chennai,Gold,2016-12-31
5594,John,Hart,Male,murrayandrew@example.net,+91-2877041184,India,Mysore,Bronze,2015-11-05
5595,Kayla,Smith,Female,jennifer72@example.com,+91-5783726392,India,Vijayawada,Silver,2017-07-19
5596,Matthew,Parker,Female,campbelldonald@example.org,+91-2645902547,India,Visakhapatnam,Bronze,2023-02-09
5597,Rachel,Esparza,Female,jstark@example.org,+91-2164043814,India,Mysore,Silver,2020-04-28
5598,Joshua,Cain,Male,terricarter@example.net,+91-7068060723,India,Bangalore,Silver,2017-10-10
5599,Douglas,Davidson,Female,sharon74@example.net,+91-6786353406,India,Kochi,Gold,2021-10-17
5600,Jacqueline,Pugh,Female,vneal@example.com,5389034778,Greenland,Dubai,Gold,2018-10-27
5601,Krystal,Hess,Other,aevans@example.net,+91-4599499372,India,Mysore,Bronze,2017-03-04
5602,Lauren,Olson,Female,roselaurie@example.net,+91-5199865658,India,Mysore,Silver,2016-11-26
5603,Jennifer,Johnson,Female,ddavis@example.com,+91-3367050800,India,Bangalore,Bronze,2025-04-19
5604,Victoria,Downs,Male,twhite@example.org,+1-782-448-2744x197,Russian Federation,Tokyo,Bronze,2025-03-30
5605,Jonathan,Garcia,Other,catherinedelgado@example.net,5947072251,Saint Kitts and Nevis,Dubai,Silver,2022-08-25
5606,Travis,Mitchell,Male,david58@example.org,(638)860-2224x6302,Jersey,Dubai,Bronze,2018-12-26
5607,Autumn,Pope,Female,chapmannicholas@example.com,+91-8514441847,India,Hyderabad,Silver,2016-07-26
5608,April,Thomas,Other,schneiderheidi@example.org,+91-6649010024,India,Chennai,Bronze,2024-06-22
5609,Dana,Wilson,Female,vancetimothy@example.org,+91-3942438417,India,Bangalore,Silver,2021-11-15
5610,Pamela,Ray,Other,joannataylor@example.com,+91-4597418600,India,Thiruvananthapuram,Bronze,2021-11-21
5611,Shelly,Rice,Male,veronica37@example.org,248-745-4158,Latvia,Dubai,Bronze,2022-09-13
5612,Connie,Osborn,Female,vincentblack@example.com,+91-3427701197,India,Mysore,Gold,2023-05-14
5613,Michelle,Bennett,Female,sabrinaherrera@example.org,+91-6179877799,India,Hyderabad,Bronze,2022-04-04
5614,Jackie,Casey,Male,kempamy@example.com,+91-4490719126,India,Kochi,Silver,2017-02-01
5615,Trevor,Smith,Female,lhayes@example.net,+91-5303515016,India,Vijayawada,Bronze,2022-02-21
5616,Marcia,Murray,Other,evansrobert@example.net,+91-9344105166,India,Madurai,Silver,2021-05-07
5617,Sara,Collins,Male,josephnichols@example.com,9454184629,British Virgin Islands,Tokyo,Bronze,2019-12-03
5618,Karen,Livingston,Other,cheyenneprice@example.net,+91-4794345769,India,Chennai,Bronze,2016-05-11
5619,Anna,Williams,Female,lambertjustin@example.com,+91-6629040278,India,Mysore,Silver,2024-06-29
5620,Sabrina,Green,Other,fjohnson@example.org,+91-444960471,India,Madurai,Gold,2015-10-15
5621,Christopher,Cole,Female,xgoodwin@example.org,+91-2962517878,India,Vijayawada,Bronze,2018-11-10
5622,David,Rangel,Female,brownapril@example.org,+91-8766441658,India,Vijayawada,Bronze,2024-08-16
5623,Michael,Hernandez,Other,kenneth74@example.org,+91-9893092182,India,Visakhapatnam,Bronze,2020-11-08
5624,Brian,Gutierrez,Other,ryanharris@example.org,+91-7057971836,India,Chennai,Gold,2019-06-15
5625,Peter,Jones,Female,imcdowell@example.net,+91-7199048163,India,Visakhapatnam,Silver,2020-11-11
5626,Kevin,Fernandez,Female,lpollard@example.net,+91-6396271176,India,Kochi,Gold,2017-02-21
5627,Catherine,Smith,Male,randy07@example.com,487.453.5619x89912,Lao People's Democratic Republic,Sydney,Bronze,2020-01-14
5628,Jesse,Acosta,Other,ywalsh@example.com,+91-695898686,India,Coimbatore,Bronze,2017-05-29
5629,Tricia,Donaldson,Male,opugh@example.com,+91-6703947791,India,Mysore,Bronze,2017-07-18
5630,Molly,Foster,Male,michaelmartin@example.com,+91-7656069559,India,Hyderabad,Gold,2025-03-08
5631,Scott,Fernandez,Other,ylee@example.com,+91-399422354,India,Visakhapatnam,Bronze,2018-04-22
5632,Raymond,Jones,Other,gscott@example.org,+91-1052307880,India,Bangalore,Bronze,2021-01-03
5633,Thomas,Miller,Other,zpearson@example.net,+91-5341132659,India,Thiruvananthapuram,Bronze,2021-10-28
5634,Michael,Clarke,Male,jacqueline41@example.com,+91-1366818998,India,Hyderabad,Platinum,2021-01-11
5635,Stephanie,Johnson,Female,wlynn@example.net,+91-3710277245,India,Vijayawada,Bronze,2025-02-13
5636,Kristen,Haas,Other,julie73@example.com,+91-9640544567,India,Vijayawada,Gold,2017-03-05
5637,Richard,Franklin,Male,michael04@example.com,+91-1008498480,India,Hyderabad,Bronze,2023-01-02
5638,Tony,Dunn,Male,ericmiller@example.org,+91-3552156521,India,Madurai,Bronze,2024-03-25
5639,Kenneth,Gonzalez,Male,cody54@example.net,+91-6021931283,India,Coimbatore,Silver,2020-01-28
5640,Brent,Frank,Male,tjames@example.com,+91-1341589911,India,Coimbatore,Silver,2017-01-20
5641,Christian,Curry,Male,pwells@example.org,+91-6937435659,India,Madurai,Gold,2022-02-10
5642,Fred,Johnson,Other,laurenbennett@example.com,+91-9845121741,India,Thiruvananthapuram,Bronze,2024-06-18
5643,James,Castro,Male,cody24@example.org,+91-2708326217,India,Mysore,Platinum,2024-03-29
5644,Cathy,Gutierrez,Male,dianamorse@example.net,+91-9705826729,India,Coimbatore,Bronze,2015-07-30
5645,Thomas,Flores,Other,todd02@example.org,+91-2026684748,India,Hyderabad,Bronze,2019-12-25
5646,Diane,Farley,Female,jenna89@example.org,+91-7691248663,India,Kochi,Bronze,2020-04-20
5647,Michelle,Townsend,Male,tfernandez@example.com,+91-8653535677,India,Hyderabad,Silver,2016-06-01
5648,Terrence,Lopez,Male,ronald39@example.net,+91-99034807,India,Coimbatore,Bronze,2016-02-01
5649,Jacob,Ortega,Male,janet26@example.com,+91-3062377120,India,Chennai,Platinum,2022-05-09
5650,Michael,Perkins,Female,deannafuentes@example.net,+91-7692770752,India,Hyderabad,Bronze,2016-01-12
5651,Ryan,Jones,Male,perkinsjulie@example.org,+91-9136325604,India,Coimbatore,Silver,2015-12-01
5652,Joseph,Gentry,Other,sbooker@example.net,+91-8517009895,India,Bangalore,Silver,2024-06-10
5653,Julia,Watson,Male,harrisonchristopher@example.com,+91-5139081428,India,Chennai,Bronze,2017-04-08
5654,Angela,Perez,Other,elizabethharrison@example.org,(961)905-7475,Jamaica,Singapore,Silver,2022-11-01
5655,Virginia,Hancock,Male,rosecatherine@example.org,+91-4250527089,India,Chennai,Bronze,2021-06-01
5656,Sean,Hernandez,Female,jacktaylor@example.org,+91-2950756198,India,Madurai,Bronze,2020-12-10
5657,Derek,Murray,Male,davidduffy@example.org,+91-3278330767,India,Mysore,Gold,2019-09-27
5658,Tanya,Garner,Female,gonzaleswendy@example.net,+91-9570359162,India,Hyderabad,Silver,2025-02-27
5659,Allen,Copeland,Other,underwoodjoseph@example.net,+91-1341580206,India,Bangalore,Bronze,2023-02-28
5660,Scott,Martin,Male,ryansmith@example.org,+91-2034801930,India,Chennai,Bronze,2022-04-01
5661,Lauren,Myers,Female,yperry@example.com,+91-6733291204,India,Madurai,Bronze,2017-09-07
5662,Paul,Best,Other,kimberlygriffin@example.org,+91-7903510088,India,Madurai,Gold,2023-11-05
5663,Martha,Young,Female,pwilliams@example.org,+91-4575033583,India,Bangalore,Silver,2021-07-08
5664,Richard,Phillips,Male,christopher05@example.net,+91-5822639006,India,Kochi,Bronze,2021-02-03
5665,Richard,Graham,Male,david70@example.com,+91-4795920044,India,Chennai,Gold,2022-04-01
5666,Donald,Simon,Male,ryanjustin@example.com,664-530-1897x84527,Poland,Dubai,Bronze,2023-10-02
5667,Hannah,Taylor,Female,rmurphy@example.com,+91-7993671414,India,Vijayawada,Bronze,2018-09-11
5668,Amy,Benitez,Male,teresa92@example.net,+1-846-841-4813,United Arab Emirates,Berlin,Bronze,2015-06-08
5669,Dennis,Garcia,Male,brett36@example.net,774-906-0991,Switzerland,Paris,Bronze,2022-08-29
5670,Michael,Gonzales,Other,thomasclark@example.net,+91-9089769663,India,Chennai,Platinum,2024-01-07
5671,Angela,Robinson,Male,acompton@example.net,+91-9748536278,India,Mysore,Bronze,2018-01-13
5672,Christopher,Mercado,Female,brucehughes@example.org,+91-9207545513,India,Kochi,Bronze,2018-10-06
5673,Ronald,Velez,Other,lisaflores@example.org,+91-8297817146,India,Coimbatore,Bronze,2019-11-16
5674,David,Bishop,Female,zachary02@example.org,+91-4131441017,India,Thiruvananthapuram,Silver,2016-12-31
5675,Justin,Manning,Other,fgarcia@example.org,001-476-928-6795x769,Samoa,London,Silver,2019-06-13
5676,Harry,Beck,Male,greeneanthony@example.org,+91-2146203566,India,Chennai,Platinum,2017-05-12
5677,Megan,James,Other,gadams@example.net,+91-2233502602,India,Coimbatore,Gold,2023-04-04
5678,Angelica,Boyd,Male,tvang@example.com,+91-5201468496,India,Bangalore,Bronze,2018-10-29
5679,Jennifer,Hall,Male,jacksonjason@example.com,+91-9628711665,India,Vijayawada,Gold,2015-12-27
5680,James,Hobbs,Male,vbryant@example.org,+91-5837326914,India,Coimbatore,Silver,2022-01-09
5681,Andrea,James,Female,lgarrison@example.net,+91-8164952511,India,Vijayawada,Silver,2022-02-07
5682,Kathy,Oneal,Female,ccox@example.com,(412)550-2336x05000,Luxembourg,New York,Gold,2019-04-12
5683,Norma,Campbell,Other,crosbydawn@example.org,+91-8627526634,India,Thiruvananthapuram,Bronze,2023-08-28
5684,Joseph,Adams,Female,ffarrell@example.net,+91-7439577808,India,Hyderabad,Bronze,2017-07-24
5685,Beverly,Lee,Male,mperry@example.com,+91-6424371750,India,Kochi,Bronze,2015-07-20
5686,Barbara,Garcia,Female,belldavid@example.org,+91-9724935909,India,Bangalore,Bronze,2018-02-27
5687,Jesus,Dougherty,Male,ramirezjoe@example.com,+91-3182909704,India,Madurai,Bronze,2021-05-30
5688,Julie,Moore,Female,ydavis@example.net,+91-3835346566,India,Visakhapatnam,Gold,2017-08-13
5689,Carolyn,Fuller,Female,kwhite@example.net,+91-9155882244,India,Chennai,Silver,2017-04-30
5690,Heather,Washington,Male,cbowman@example.org,+91-1635507916,India,Coimbatore,Silver,2020-11-30
5691,Cathy,Rivera,Female,cruzcharles@example.com,+91-2122320699,India,Chennai,Bronze,2018-11-16
5692,Maria,Lopez,Male,victorialopez@example.com,+91-9625374277,India,Hyderabad,Silver,2023-06-23
5693,Terri,Hendricks,Other,phernandez@example.com,+91-5889485895,India,Vijayawada,Bronze,2022-03-22
5694,Patricia,Johnson,Other,averyleslie@example.com,+91-5053325754,India,Hyderabad,Silver,2019-05-22
5695,Sean,West,Male,kimbeasley@example.org,+91-8685764770,India,Hyderabad,Silver,2022-03-10
5696,Heather,Jones,Male,hughesmike@example.com,+91-1451761551,India,Kochi,Silver,2023-09-16
5697,Denise,Gonzales,Female,greendavid@example.org,+91-6731858276,India,Thiruvananthapuram,Gold,2017-07-16
5698,Gregory,Baker,Female,samuelkirk@example.com,+91-5216421486,India,Bangalore,Silver,2024-12-29
5699,Debra,Washington,Female,pcohen@example.org,+91-439369386,India,Visakhapatnam,Platinum,2018-02-19
5700,Jennifer,Shaw,Other,agraham@example.net,+91-1527315700,India,Vijayawada,Platinum,2015-12-06
5701,Sandra,Jones,Other,tricia34@example.org,+1-759-299-9967,Montenegro,Tokyo,Gold,2019-07-01
5702,Timothy,Young,Male,michaelsingh@example.com,+91-6001914487,India,Chennai,Bronze,2015-05-14
5703,Ronald,Levy,Male,phillipsveronica@example.net,+91-2294633245,India,Chennai,Silver,2016-06-23
5704,Monica,Alexander,Other,carterstephanie@example.org,+91-9748107579,India,Vijayawada,Silver,2016-03-26
5705,Timothy,Palmer,Male,tcontreras@example.net,+91-5166076066,India,Mysore,Silver,2019-08-19
5706,Amber,Hanna,Other,leonardcynthia@example.org,+91-1515152489,India,Chennai,Bronze,2017-07-02
5707,Aaron,Murphy,Other,kristen41@example.org,+91-9777846981,India,Vijayawada,Silver,2021-08-24
5708,Shawn,Middleton,Male,blevinsjacqueline@example.net,+91-1633525767,India,Visakhapatnam,Bronze,2021-10-04
5709,Brandi,Gonzalez,Female,william62@example.net,239-966-5653x743,Hong Kong,Singapore,Gold,2024-12-01
5710,Joshua,Smith,Female,bbryan@example.org,+91-2752690645,India,Chennai,Bronze,2022-01-23
5711,Emily,Lee,Female,jonathanhoward@example.org,+91-380953467,India,Mysore,Bronze,2017-04-18
5712,Lisa,Blair,Male,maryhenderson@example.com,+91-4296212193,India,Chennai,Gold,2016-03-10
5713,Julie,Jones,Other,danielsbenjamin@example.org,+91-8687535594,India,Coimbatore,Gold,2023-03-18
5714,Jason,Ortiz,Other,sean25@example.org,+91-2335320089,India,Chennai,Bronze,2023-02-09
5715,Arthur,Leonard,Female,tapiajoshua@example.org,+91-2748144649,India,Kochi,Gold,2017-01-06
5716,Tracy,Taylor,Female,miranda34@example.com,+91-8699909893,India,Vijayawada,Silver,2015-12-14
5717,Chris,Lopez,Male,jeffreycraig@example.org,+91-8541580046,India,Visakhapatnam,Platinum,2017-07-27
5718,Jeffrey,Harper,Other,leslie91@example.org,+1-229-372-0136x0928,Philippines,Sydney,Gold,2024-10-10
5719,Adam,Miles,Female,brownrobert@example.org,+91-4396155609,India,Hyderabad,Bronze,2015-08-01
5720,Jordan,Rangel,Other,mfisher@example.org,352-346-0235x77065,North Macedonia,Los Angeles,Gold,2016-03-31
5721,Angela,Patel,Female,josephscott@example.com,+91-9612626936,India,Mysore,Platinum,2016-04-09
5722,Bryan,Sandoval,Male,diana60@example.com,+91-7057269909,India,Thiruvananthapuram,Silver,2016-01-20
5723,Ryan,Mccoy,Other,harold98@example.org,+91-2873059250,India,Mysore,Gold,2017-02-21
5724,Michael,Mcgee,Other,garyjohnson@example.com,+91-6166075912,India,Thiruvananthapuram,Bronze,2023-01-25
5725,Jessica,Scott,Other,kristopher46@example.net,+91-7785948755,India,Thiruvananthapuram,Silver,2024-03-15
5726,Jonathan,Brown,Other,scottcatherine@example.com,+91-9015190781,India,Hyderabad,Silver,2022-03-20
5727,Anna,Miles,Male,kathylawson@example.org,+91-8802964907,India,Mysore,Bronze,2020-07-15
5728,Jacob,Contreras,Other,scottlambert@example.net,(858)255-0088,Antigua and Barbuda,Los Angeles,Silver,2022-04-12
5729,Tiffany,Sullivan,Female,sarah72@example.net,+91-549739183,India,Madurai,Bronze,2019-04-05
5730,Ann,Smith,Other,jasonhardy@example.net,4155250946,Saint Kitts and Nevis,Singapore,Silver,2019-08-26
5731,Katherine,Griffin,Male,larryjones@example.com,+91-7615982795,India,Kochi,Silver,2016-04-11
5732,Donna,Kidd,Male,jthomas@example.com,+91-5459957327,India,Hyderabad,Bronze,2024-05-01
5733,Jennifer,Ayers,Female,harveycheryl@example.net,+91-9624505201,India,Bangalore,Silver,2020-09-01
5734,Patricia,Jordan,Female,amy13@example.com,+91-7705119641,India,Mysore,Silver,2016-11-03
5735,James,Jones,Female,brian99@example.org,(882)728-0724x36642,Australia,Singapore,Silver,2016-06-11
5736,Karen,Jones,Female,richardirwin@example.com,+91-6693781324,India,Bangalore,Platinum,2016-10-02
5737,Christina,Taylor,Male,rachelcruz@example.net,+91-163693914,India,Madurai,Silver,2017-01-20
5738,Nicolas,Gallegos,Other,richardsoncarrie@example.com,527-649-7967,Taiwan,Toronto,Gold,2019-06-19
5739,Jay,Daniel,Female,stephanie77@example.net,+91-2028666016,India,Mysore,Silver,2024-06-04
5740,Chris,Colon,Female,stonedebra@example.net,+91-5722424698,India,Coimbatore,Gold,2021-12-15
5741,Linda,Bell,Female,mannalec@example.org,+91-430041182,India,Mysore,Silver,2020-07-26
5742,Michael,Barker,Other,vbowen@example.com,+91-7809757490,India,Visakhapatnam,Bronze,2017-11-17
5743,David,York,Other,woodardscott@example.org,+91-1719854473,India,Thiruvananthapuram,Silver,2019-11-16
5744,Alexandra,Daugherty,Other,contreraskimberly@example.org,+91-4631841492,India,Thiruvananthapuram,Gold,2022-07-14
5745,Melanie,Peterson,Female,myersmalik@example.net,+91-7594618578,India,Coimbatore,Bronze,2020-07-27
5746,Tara,Berg,Female,michaelsullivan@example.com,+91-4301703397,India,Madurai,Silver,2019-04-02
5747,Douglas,White,Other,elliscarol@example.org,+91-2351935767,India,Mysore,Bronze,2018-06-02
5748,Scott,Chandler,Other,chloelucas@example.org,+91-6845731438,India,Chennai,Bronze,2018-09-10
5749,Eric,Yoder,Male,joshua17@example.org,+91-7527385268,India,Madurai,Bronze,2016-12-26
5750,Todd,Beard,Female,jeremymartinez@example.org,+1-812-810-5761x23539,Romania,Toronto,Bronze,2022-09-05
5751,Mark,Myers,Other,davisantonio@example.org,+91-2565003996,India,Madurai,Silver,2020-07-21
5752,Austin,Fields,Male,nneal@example.net,+91-8374056341,India,Chennai,Bronze,2015-08-28
5753,Mary,Perkins,Female,hansenkevin@example.org,+91-1711536610,India,Thiruvananthapuram,Silver,2023-02-06
5754,Michelle,Jenkins,Male,amandasullivan@example.org,+91-165136288,India,Visakhapatnam,Silver,2015-12-12
5755,Joshua,Evans,Other,scott56@example.com,+91-7328605706,India,Mysore,Platinum,2024-10-07
5756,Courtney,Levine,Other,mcmahonjennifer@example.com,+91-6755157823,India,Chennai,Bronze,2015-09-20
5757,Stacey,Hart,Male,sdavis@example.org,+91-8134919126,India,Thiruvananthapuram,Bronze,2016-04-03
5758,Brandon,Rodriguez,Other,betty41@example.com,+91-7764509101,India,Chennai,Bronze,2020-01-19
5759,Donna,White,Female,xdavidson@example.net,+91-1306777238,India,Coimbatore,Bronze,2018-03-20
5760,Melinda,Walker,Other,gfranklin@example.org,+91-8485133217,India,Mysore,Silver,2024-04-14
5761,Ricky,Martinez,Other,wellsjonathan@example.net,523.497.3770x7565,El Salvador,New York,Silver,2024-02-19
5762,Bryan,Sheppard,Male,debra10@example.org,+91-4783037091,India,Madurai,Bronze,2024-12-05
5763,Rodney,West,Female,kevin38@example.org,+91-521503861,India,Coimbatore,Gold,2020-12-08
5764,Elizabeth,Barajas,Male,brandonallen@example.org,+91-6993383951,India,Mysore,Gold,2021-04-25
5765,Jennifer,Banks,Other,arnoldgeorge@example.net,7663058303,Ireland,Sydney,Gold,2023-06-10
5766,Jeremy,Willis,Other,michelebarton@example.net,+91-5530727369,India,Kochi,Gold,2020-01-02
5767,David,Lewis,Other,schurch@example.com,+91-4574249624,India,Coimbatore,Gold,2021-04-07
5768,Melissa,Camacho,Other,ashleythomas@example.org,+1-479-875-9912x8422,Finland,Tokyo,Bronze,2022-02-23
5769,Alejandro,Nolan,Female,smithcynthia@example.org,+91-5851650403,India,Madurai,Bronze,2020-06-05
5770,Joan,Byrd,Female,breannaflowers@example.net,(424)576-0428,Nepal,Los Angeles,Silver,2017-03-25
5771,Diana,Cardenas,Female,turnercheryl@example.net,+91-6190240767,India,Bangalore,Bronze,2024-05-28
5772,Donna,Lawrence,Other,emma71@example.com,+91-7466667632,India,Vijayawada,Platinum,2022-08-02
5773,Frank,Martinez,Male,martinezzachary@example.org,+91-2735501642,India,Visakhapatnam,Bronze,2021-10-14
5774,Sarah,Young,Female,duartejennifer@example.com,+91-6755298633,India,Hyderabad,Bronze,2023-03-17
5775,Derek,Shaw,Female,zjones@example.net,+91-8027247734,India,Coimbatore,Gold,2020-05-03
5776,Maxwell,Rodriguez,Male,garciaandrew@example.org,+1-247-944-0758x455,United Arab Emirates,Dubai,Bronze,2020-01-18
5777,Jennifer,Sullivan,Other,warrenlaura@example.org,+91-8318715785,India,Hyderabad,Bronze,2020-04-08
5778,Kelly,Colon,Female,jennifermunoz@example.org,+91-6431897550,India,Kochi,Bronze,2017-05-19
5779,Bradley,Scott,Other,smithstephen@example.net,+91-3895099992,India,Kochi,Platinum,2018-01-09
5780,Lisa,Martinez,Male,virginiasmith@example.com,+91-8475343675,India,Mysore,Bronze,2016-09-08
5781,Brittany,Hill,Other,mccartyrandy@example.net,+91-8136220981,India,Coimbatore,Gold,2018-09-03
5782,Courtney,Johnson,Other,brownmark@example.net,+91-3486023716,India,Hyderabad,Bronze,2023-08-26
5783,Ashley,Dickson,Other,sbeck@example.com,+91-86878240,India,Madurai,Platinum,2024-08-27
5784,Mary,Riley,Other,kelly66@example.com,+91-33918124,India,Coimbatore,Gold,2021-03-07
5785,Joshua,Miller,Other,dgreen@example.com,+91-6045153406,India,Hyderabad,Silver,2022-06-09
5786,Chad,Tyler,Female,amandasharp@example.com,+91-4238905867,India,Vijayawada,Bronze,2019-03-08
5787,Stacie,Yang,Male,lambchristopher@example.com,+91-6561543972,India,Vijayawada,Silver,2015-07-04
5788,Elaine,Johnson,Male,joshuaharris@example.net,+91-867331200,India,Bangalore,Bronze,2016-03-16
5789,Jessica,Compton,Other,wilsonjoshua@example.com,+91-3630841959,India,Hyderabad,Bronze,2023-03-15
5790,Chris,Fischer,Female,marshalltimothy@example.org,+91-2229465608,India,Thiruvananthapuram,Silver,2020-06-25
5791,Susan,Gaines,Other,angela61@example.org,+91-6811825608,India,Coimbatore,Silver,2019-09-29
5792,Paul,Woods,Female,dylan37@example.com,+91-3645092101,India,Mysore,Gold,2022-08-07
5793,Gail,Wheeler,Other,deborah52@example.org,+91-9541997192,India,Chennai,Silver,2022-02-11
5794,Jessica,Watson,Other,michelle35@example.com,+91-8852890,India,Bangalore,Bronze,2015-05-06
5795,Daniel,Valenzuela,Other,mgreen@example.net,+91-8234977550,India,Bangalore,Bronze,2021-08-13
5796,Yesenia,Blevins,Other,bandrade@example.com,+1-621-774-1917x7849,Mayotte,Paris,Silver,2020-02-21
5797,John,Harmon,Female,adamfisher@example.net,+91-49959383,India,Bangalore,Silver,2016-03-03
5798,Michael,Sampson,Other,johnsonmatthew@example.net,+91-6150161855,India,Chennai,Gold,2020-06-09
5799,Debbie,Harding,Female,shaunflynn@example.org,293-437-6738,Congo,Paris,Silver,2018-11-30
5800,Eric,Lowe,Other,bauerjane@example.net,+91-5488867825,India,Coimbatore,Platinum,2018-04-22
5801,Paul,Williams,Male,warrenjason@example.net,001-452-543-8477,Heard Island and McDonald Islands,London,Silver,2024-11-15
5802,Douglas,Li,Other,andersonlaura@example.com,+91-8298214579,India,Hyderabad,Gold,2021-05-22
5803,Sarah,Phillips,Male,ndavis@example.com,+91-4635548608,India,Bangalore,Bronze,2017-10-05
5804,Michele,Bell,Other,rbaker@example.com,+91-5228772446,India,Thiruvananthapuram,Gold,2020-07-22
5805,Eugene,Collins,Other,samantha58@example.com,+91-6940136209,India,Mysore,Platinum,2023-06-09
5806,David,Sanchez,Other,tommybrown@example.net,+91-2355481085,India,Thiruvananthapuram,Silver,2019-09-30
5807,Sara,Allen,Male,cartertraci@example.org,+91-4131986899,India,Thiruvananthapuram,Bronze,2022-11-12
5808,Amber,Walters,Other,zwilson@example.net,+91-8435541168,India,Bangalore,Bronze,2023-10-22
5809,Christopher,Jackson,Male,mariomedina@example.com,+91-3722775225,India,Madurai,Silver,2019-05-19
5810,Cassandra,Hansen,Other,dustinrangel@example.org,+91-287358651,India,Vijayawada,Silver,2023-03-13
5811,Gabriel,Page,Male,dperkins@example.org,6582174224,Tanzania,Singapore,Gold,2020-10-13
5812,Robert,Hampton,Male,qrogers@example.org,657.800.3753,Timor-Leste,Sydney,Gold,2016-06-24
5813,Anthony,Sawyer,Other,zmiller@example.net,+91-8035806894,India,Kochi,Silver,2021-11-23
5814,Gregory,Horn,Male,xtate@example.org,+91-8421516368,India,Hyderabad,Bronze,2020-06-01
5815,Jennifer,Miller,Female,vdaugherty@example.com,+91-6642549558,India,Mysore,Silver,2022-07-17
5816,Ryan,Hunt,Other,weaverjeffrey@example.com,+91-8450904023,India,Visakhapatnam,Silver,2015-06-14
5817,Amy,Rodgers,Other,kimmichelle@example.com,+91-1327890320,India,Mysore,Silver,2023-03-09
5818,Kimberly,Wright,Female,ashley29@example.org,001-985-838-3778,Ethiopia,Sydney,Silver,2020-10-22
5819,Jillian,Hamilton,Other,kaufmanjason@example.org,+91-7304232568,India,Mysore,Gold,2021-03-08
5820,Joshua,Perez,Male,jenniferarmstrong@example.com,+1-941-579-9225,Nigeria,New York,Silver,2022-06-26
5821,Caleb,Wilson,Female,destinyreese@example.org,+91-9087616553,India,Bangalore,Bronze,2019-05-22
5822,Margaret,Taylor,Male,stephanieconway@example.net,+91-1048705758,India,Thiruvananthapuram,Silver,2019-04-27
5823,Aaron,Montoya,Female,allen77@example.com,+91-7349738113,India,Madurai,Bronze,2017-10-01
5824,Kara,Shaw,Female,arnoldgina@example.net,+91-79524243,India,Chennai,Silver,2023-10-31
5825,Martha,Mendoza,Female,natalie49@example.com,+91-7238276805,India,Visakhapatnam,Bronze,2025-02-22
5826,Regina,Bryant,Female,amarshall@example.org,+91-6408801517,India,Bangalore,Bronze,2023-07-08
5827,Natasha,Nelson,Other,angelamartinez@example.org,+91-5553991244,India,Kochi,Silver,2023-03-29
5828,Amanda,Kelly,Female,aaron33@example.org,+91-6698319956,India,Thiruvananthapuram,Gold,2020-08-05
5829,Michael,Thompson,Male,vnavarro@example.org,+91-405544894,India,Thiruvananthapuram,Bronze,2024-05-22
5830,Robert,Thomas,Other,darrellingram@example.org,+91-1832962353,India,Visakhapatnam,Bronze,2015-07-03
5831,Willie,Gilbert,Male,randolphdavid@example.com,+91-280223089,India,Visakhapatnam,Bronze,2023-06-24
5832,Kevin,Wilkins,Male,kevindalton@example.org,+91-7204943606,India,Madurai,Bronze,2019-11-18
5833,Sarah,Ellis,Female,caseyashley@example.net,+91-7306933534,India,Coimbatore,Bronze,2020-03-10
5834,Paul,Williams,Other,morrowtammy@example.net,+91-2021655486,India,Madurai,Silver,2021-02-01
5835,Geoffrey,Garner,Other,yallen@example.com,+91-455455502,India,Vijayawada,Platinum,2015-08-24
5836,Corey,Mason,Other,anthony37@example.com,+91-6198481056,India,Coimbatore,Silver,2023-12-12
5837,Vanessa,Wright,Female,stephenmiller@example.com,+91-8351540664,India,Kochi,Bronze,2018-08-28
5838,Amber,Murillo,Female,smithkathleen@example.com,(511)349-5775,Azerbaijan,Tokyo,Platinum,2017-12-02
5839,Jimmy,Stone,Female,zwilson@example.com,954.617.5175,Bahamas,New York,Silver,2019-03-21
5840,Ryan,Reyes,Male,benjamin77@example.com,001-322-565-1710x8121,Trinidad and Tobago,Singapore,Bronze,2025-02-04
5841,Paul,Silva,Female,jwarren@example.org,+91-9332513508,India,Chennai,Bronze,2017-07-26
5842,Jonathan,Rodriguez,Other,lorienglish@example.org,+91-6279264527,India,Hyderabad,Bronze,2018-11-24
5843,Nicholas,Garcia,Female,robertsann@example.com,(925)793-9804x59431,Armenia,Sydney,Platinum,2017-08-30
5844,Andrea,Roman,Male,ocarson@example.com,+91-6512292439,India,Vijayawada,Bronze,2024-04-05
5845,Manuel,Mcdonald,Other,ndunn@example.org,+91-5063967069,India,Hyderabad,Platinum,2018-11-12
5846,Andrea,Mann,Female,andersonjohnny@example.org,314.461.6438,Palau,Paris,Bronze,2024-11-20
5847,Brandon,Hatfield,Male,garciamaureen@example.org,+91-6263839104,India,Hyderabad,Bronze,2024-08-12
5848,Luis,Lee,Other,hollandlori@example.org,+91-3530262319,India,Hyderabad,Bronze,2024-04-04
5849,Eileen,Black,Other,rachaelgay@example.net,+91-1817891452,India,Bangalore,Bronze,2017-05-12
5850,Kevin,Snow,Other,alexandria16@example.com,001-875-240-3930,Turkmenistan,Singapore,Platinum,2021-06-09
5851,William,Livingston,Female,aliciastewart@example.com,+91-9353630814,India,Madurai,Gold,2016-12-14
5852,Tracy,Maxwell,Female,nancyshea@example.org,001-625-929-8139x618,Spain,Dubai,Gold,2022-07-08
5853,Michelle,Price,Female,fherrera@example.org,615-485-7071x4568,United States Minor Outlying Islands,Berlin,Bronze,2020-11-01
5854,Juan,Meza,Other,prattandrew@example.net,+91-2380078516,India,Vijayawada,Gold,2016-05-05
5855,Elizabeth,Carrillo,Female,patriciajones@example.net,+91-1860773802,India,Coimbatore,Gold,2021-08-27
5856,Natalie,Erickson,Other,david24@example.com,+91-2463561700,India,Chennai,Silver,2016-07-24
5857,Brandon,Wilson,Male,chaserussell@example.org,+91-4877925601,India,Kochi,Bronze,2021-04-01
5858,Jared,French,Other,sydney34@example.com,+91-3555126910,India,Coimbatore,Gold,2021-07-29
5859,Alicia,Lang,Male,ecollins@example.net,+91-5394972950,India,Thiruvananthapuram,Bronze,2021-01-22
5860,Brandon,Flores,Female,jeffreymahoney@example.com,+91-7376164761,India,Coimbatore,Silver,2020-05-19
5861,Thomas,Butler,Other,vaughanjose@example.org,+91-9007736939,India,Mysore,Bronze,2022-05-25
5862,Katrina,Gonzalez,Female,dingram@example.com,8654257493,Kenya,Sydney,Bronze,2023-04-03
5863,Alison,Doyle,Male,robertthomas@example.net,+91-2916838198,India,Mysore,Bronze,2024-10-17
5864,Steven,Douglas,Female,qparker@example.net,+91-5222210927,India,Madurai,Silver,2022-04-02
5865,Edward,Simpson,Female,flong@example.net,313-313-8870,Thailand,Tokyo,Gold,2024-08-02
5866,Michele,Smith,Female,kellywolfe@example.org,+91-6231993420,India,Chennai,Bronze,2015-10-08
5867,Brooke,Watson,Male,westrobert@example.net,+91-2448638876,India,Kochi,Bronze,2018-05-20
5868,Anita,Reed,Other,usmith@example.net,+91-6748811399,India,Thiruvananthapuram,Bronze,2021-05-30
5869,John,Anderson,Female,anna17@example.org,+91-7692790554,India,Vijayawada,Gold,2025-04-26
5870,Deanna,Freeman,Male,briancooper@example.net,+91-5103128359,India,Vijayawada,Silver,2015-07-13
5871,Derek,Wells,Other,zjohnson@example.com,+91-8446763326,India,Coimbatore,Gold,2022-05-13
5872,Scott,Hooper,Female,benjaminerin@example.org,+91-2250235138,India,Coimbatore,Silver,2021-09-22
5873,James,Costa,Female,joanna12@example.net,+91-366833004,India,Kochi,Platinum,2025-04-03
5874,Heather,Cooper,Female,pfitzgerald@example.net,+91-1181858667,India,Mysore,Platinum,2018-07-13
5875,Nicole,Long,Female,hectorsanchez@example.net,456-210-6805x4204,Saint Lucia,Sydney,Silver,2021-01-02
5876,Jackie,Jackson,Female,pklein@example.net,+1-261-650-5512x820,Denmark,Sydney,Bronze,2024-04-01
5877,Larry,Oconnor,Female,mary57@example.com,(875)656-4572x599,South Georgia and the South Sandwich Islands,Los Angeles,Bronze,2018-03-30
5878,David,Wolfe,Female,theresa60@example.com,891.771.5903,Palau,Berlin,Silver,2017-09-04
5879,Ross,Craig,Male,mmartinez@example.net,+91-7895652752,India,Vijayawada,Bronze,2023-03-13
5880,Michael,Simmons,Female,vbishop@example.net,+91-803100647,India,Hyderabad,Bronze,2023-06-09
5881,Christina,Goodwin,Other,lcooper@example.com,+91-9328434875,India,Thiruvananthapuram,Bronze,2022-09-26
5882,Elizabeth,Harrison,Other,spatel@example.com,+91-934320099,India,Mysore,Bronze,2021-06-04
5883,Amy,Patterson,Other,william59@example.com,(762)776-1650x622,Micronesia,Tokyo,Bronze,2025-04-01
5884,Sergio,Williams,Female,debrabryant@example.org,+91-3291949643,India,Thiruvananthapuram,Silver,2017-07-15
5885,Pamela,Ross,Male,brian30@example.com,+91-6883608622,India,Mysore,Platinum,2020-02-25
5886,Sarah,Boyd,Female,bakervictor@example.org,+91-6234780242,India,Vijayawada,Silver,2024-04-04
5887,Danny,Barrera,Female,freed@example.net,+91-4835980883,India,Bangalore,Bronze,2023-09-02
5888,Johnny,Murphy,Other,acevedojames@example.net,+91-2361893963,India,Vijayawada,Silver,2017-02-20
5889,Katie,Allen,Female,tara57@example.net,+91-6016101447,India,Kochi,Bronze,2023-10-11
5890,Kathleen,Johnson,Female,wilsondonna@example.org,+91-5574276215,India,Hyderabad,Bronze,2016-03-06
5891,Danielle,Anderson,Other,melissa60@example.com,+91-4713219415,India,Vijayawada,Gold,2016-08-08
5892,Mary,Gray,Female,kathryn26@example.net,+91-6744997443,India,Hyderabad,Platinum,2017-11-11
5893,Amanda,Allen,Male,brandonsmith@example.org,+91-3887674986,India,Vijayawada,Bronze,2024-06-20
5894,Ashley,Hernandez,Female,james05@example.com,+91-2930215542,India,Chennai,Gold,2022-09-27
5895,John,Miller,Male,garciakarl@example.org,+91-2017980294,India,Hyderabad,Bronze,2016-06-11
5896,Ashley,Kaiser,Female,sean03@example.org,+91-8281897651,India,Coimbatore,Bronze,2021-07-10
5897,Joshua,Aguilar,Other,ashleycruz@example.net,+91-6048482623,India,Hyderabad,Bronze,2022-09-20
5898,Christopher,Jones,Male,amy49@example.com,+91-5957909763,India,Thiruvananthapuram,Bronze,2018-02-15
5899,Amanda,Mayo,Female,justinmartin@example.com,+91-4912046337,India,Chennai,Silver,2025-01-29
5900,Carla,Flores,Other,thomas33@example.net,+91-6716279247,India,Coimbatore,Platinum,2016-09-20
5901,Stacy,Woods,Female,pattonadam@example.com,+91-3335548005,India,Mysore,Bronze,2018-05-24
5902,James,Perez,Male,robert59@example.com,+91-3230757424,India,Hyderabad,Silver,2021-08-03
5903,Charlotte,Robinson,Female,ramirezlauren@example.com,+91-2500259876,India,Bangalore,Bronze,2021-01-11
5904,Victor,Morrison,Male,ulane@example.org,+91-2050101954,India,Hyderabad,Silver,2023-10-03
5905,Anthony,Johnson,Male,pcarter@example.net,680.661.9382,Dominican Republic,Singapore,Bronze,2017-04-10
5906,Gregory,Bush,Other,khernandez@example.org,+91-1681724195,India,Kochi,Gold,2023-08-11
5907,Wesley,Stephens,Other,cmoore@example.com,+91-9252316299,India,Coimbatore,Silver,2024-02-13
5908,Marcus,Martinez,Female,fsherman@example.com,+91-5025844168,India,Vijayawada,Platinum,2019-01-14
5909,Grace,Downs,Other,glen78@example.com,+91-4810706736,India,Kochi,Bronze,2016-08-22
5910,Michael,Noble,Female,hcrosby@example.net,886-620-2420x372,Niue,Dubai,Bronze,2017-01-27
5911,Sharon,Dawson,Female,brownvanessa@example.net,+1-278-341-5364x54791,Guam,Toronto,Bronze,2015-07-10
5912,Nicole,Campbell,Female,pamelastout@example.net,+91-8859113169,India,Visakhapatnam,Silver,2019-09-18
5913,Chad,Miller,Female,chaveztara@example.org,+91-8807466406,India,Madurai,Gold,2020-08-21
5914,Kyle,Galloway,Male,michelleconner@example.com,+91-9519667936,India,Kochi,Silver,2019-12-31
5915,Christian,Perez,Male,brianmiller@example.org,+91-7949205491,India,Kochi,Gold,2025-02-09
5916,Samantha,Marks,Male,fweber@example.org,+91-7074417862,India,Madurai,Silver,2023-12-15
5917,Joseph,Graham,Male,alec89@example.org,+91-7695522965,India,Mysore,Bronze,2020-04-07
5918,Michael,Riley,Female,ibrown@example.org,+91-8225842368,India,Madurai,Silver,2018-05-30
5919,Karen,Rivera,Female,kingmichaela@example.net,+91-8744720653,India,Vijayawada,Silver,2019-04-23
5920,Brandon,Cisneros,Other,tgarcia@example.org,+91-1954618188,India,Coimbatore,Bronze,2017-03-17
5921,Jerry,Johnson,Male,caseylynch@example.org,+91-8712202621,India,Coimbatore,Platinum,2018-01-19
5922,Christopher,Kim,Female,thomasnelson@example.org,+91-6102643883,India,Visakhapatnam,Gold,2019-07-03
5923,Amanda,Flores,Female,annasmith@example.net,001-702-810-5135x568,New Zealand,Tokyo,Silver,2016-09-24
5924,Janice,Wilkins,Female,umiller@example.org,+91-4386984690,India,Mysore,Gold,2017-10-05
5925,Lisa,Wilkerson,Female,wudavid@example.org,+91-2421722454,India,Bangalore,Gold,2019-04-13
5926,Donald,Clark,Male,shannon03@example.net,+91-1199660487,India,Visakhapatnam,Bronze,2023-01-16
5927,Benjamin,Johnson,Female,christophergood@example.com,+91-4155460895,India,Kochi,Silver,2017-02-17
5928,Robert,Andrews,Female,kelsey76@example.net,+91-6204064247,India,Hyderabad,Gold,2021-01-30
5929,Kevin,Gardner,Male,christine84@example.org,+91-3020665309,India,Hyderabad,Silver,2018-05-08
5930,Kayla,Webster,Female,rossscott@example.com,+91-418625625,India,Thiruvananthapuram,Bronze,2020-11-09
5931,Douglas,Baker,Female,walkermark@example.org,+91-5524880228,India,Madurai,Silver,2023-06-23
5932,Isabella,Garrett,Female,cortiz@example.org,574.359.7001x18018,Grenada,Dubai,Gold,2016-12-15
5933,Ruth,Williams,Female,ctran@example.net,001-849-770-0306x1001,Uruguay,Berlin,Silver,2016-01-14
5934,Kevin,Martin,Male,teresafritz@example.org,+91-363536593,India,Coimbatore,Bronze,2020-02-13
5935,Kelli,Hogan,Female,pamela68@example.com,+91-9659287338,India,Hyderabad,Platinum,2022-07-08
5936,Anthony,Harris,Other,juanwilliams@example.com,(415)785-2483x2383,Marshall Islands,Dubai,Bronze,2019-04-04
5937,Katherine,Jones,Female,watsonjacqueline@example.com,+91-6145389693,India,Madurai,Bronze,2021-12-31
5938,Richard,Obrien,Female,jasmine24@example.org,+91-6593548786,India,Mysore,Silver,2022-02-03
5939,Holly,Jennings,Other,peggycobb@example.net,+91-6818710359,India,Kochi,Gold,2016-01-22
5940,Breanna,Gentry,Male,taylorchristine@example.org,+91-558429220,India,Kochi,Bronze,2020-09-25
5941,Victoria,Wong,Female,hpatterson@example.net,+91-2889701140,India,Vijayawada,Silver,2021-04-02
5942,Sabrina,Wang,Male,richardlopez@example.org,+91-1797358219,India,Madurai,Gold,2025-02-10
5943,Laura,Hill,Female,bhobbs@example.org,+91-5531620673,India,Thiruvananthapuram,Bronze,2023-11-19
5944,Anthony,Silva,Other,elizabethcrawford@example.org,+91-8772143924,India,Madurai,Silver,2024-06-28
5945,Michael,Aguilar,Female,imeza@example.net,+91-1484596240,India,Chennai,Platinum,2016-07-28
5946,Patricia,Fowler,Female,bennettchristopher@example.com,+91-2738056801,India,Visakhapatnam,Silver,2016-10-14
5947,Brian,Sharp,Female,jermaine70@example.net,+91-7680628958,India,Mysore,Bronze,2016-08-07
5948,Shirley,Santana,Female,derek83@example.com,001-551-725-2286x136,Luxembourg,Dubai,Platinum,2015-11-20
5949,Barbara,Stein,Female,stephanie08@example.org,+91-7604952403,India,Bangalore,Platinum,2019-05-24
5950,Chad,Robinson,Male,brianmorton@example.net,(547)491-1278,Honduras,Berlin,Bronze,2017-01-08
5951,Emily,Weeks,Female,hhendrix@example.net,+91-7342035389,India,Visakhapatnam,Bronze,2016-12-10
5952,Brad,Salinas,Male,munozandre@example.org,698.385.2269x348,El Salvador,Tokyo,Silver,2022-07-31
5953,Jessica,Dillon,Male,wilsoncrystal@example.org,001-944-248-4363,Vietnam,Toronto,Bronze,2019-12-16
5954,Michael,Grant,Other,frodriguez@example.com,+91-5210451182,India,Hyderabad,Bronze,2019-05-12
5955,Leslie,Peterson,Male,jessicakim@example.net,+1-369-956-0869x371,Heard Island and McDonald Islands,Dubai,Platinum,2015-10-13
5956,Jacqueline,Gonzalez,Other,kristopher32@example.com,+91-7650149305,India,Visakhapatnam,Silver,2021-02-18
5957,Joshua,Hoffman,Other,ryan17@example.net,+91-3269732362,India,Vijayawada,Silver,2023-01-08
5958,Amber,Weber,Male,qjohnston@example.net,+91-5435138598,India,Mysore,Platinum,2019-01-11
5959,Rebekah,Washington,Male,charvey@example.net,393-955-5854x63793,Mexico,New York,Bronze,2021-10-25
5960,Mitchell,Hardy,Female,stephensjason@example.net,+91-4493056216,India,Visakhapatnam,Silver,2015-07-09
5961,Richard,Roberts,Male,briana62@example.net,+91-4587978810,India,Mysore,Bronze,2021-03-21
5962,Gloria,Williams,Female,abigail96@example.net,+91-5955208196,India,Hyderabad,Platinum,2023-08-22
5963,Sergio,Owens,Male,joycemelissa@example.com,(498)470-8595,Taiwan,Toronto,Silver,2015-05-05
5964,Veronica,Davis,Female,rflores@example.net,+1-732-876-5534,Spain,New York,Platinum,2019-12-30
5965,Angela,Rice,Male,clarkjacob@example.net,+91-6802110232,India,Coimbatore,Platinum,2017-04-19
5966,Joseph,Scott,Female,zhall@example.org,+91-5858872910,India,Bangalore,Bronze,2017-01-07
5967,Brianna,Kane,Female,dwade@example.org,2597832240,Northern Mariana Islands,Singapore,Bronze,2020-10-21
5968,Jeffery,Underwood,Other,bcrane@example.net,+91-3933009468,India,Chennai,Bronze,2020-12-11
5969,Glen,Lopez,Male,amanda84@example.com,+91-9813449258,India,Hyderabad,Bronze,2024-03-25
5970,Kara,Lee,Other,ngarcia@example.org,+91-1719262385,India,Coimbatore,Silver,2017-05-26
5971,Jacob,Clark,Other,rodriguezsamuel@example.net,+91-4061770647,India,Bangalore,Silver,2019-11-05
5972,Catherine,Cox,Other,swatkins@example.net,+91-9734200660,India,Madurai,Silver,2024-06-12
5973,John,Green,Female,victoria70@example.org,+91-8373535277,India,Visakhapatnam,Bronze,2015-10-30
5974,Paula,Brown,Other,whitekimberly@example.com,+91-7463704442,India,Kochi,Bronze,2022-11-16
5975,Mark,Allen,Other,schmidtbrenda@example.org,+91-8543118366,India,Thiruvananthapuram,Bronze,2023-09-10
5976,Jeffrey,Russell,Female,grussell@example.net,+91-6172534082,India,Bangalore,Gold,2020-04-30
5977,Anthony,Wyatt,Female,brendabauer@example.org,+91-1068745460,India,Kochi,Gold,2024-10-29
5978,Juan,Martinez,Male,bcastaneda@example.net,+91-6138800409,India,Bangalore,Bronze,2018-05-25
5979,James,Macdonald,Male,katherine45@example.com,+91-9479693227,India,Vijayawada,Silver,2017-12-01
5980,Jennifer,Campos,Female,scottanthony@example.org,001-640-725-7779x413,Iran,Los Angeles,Gold,2023-02-17
5981,Haley,Mcbride,Male,jeffrey17@example.org,+91-8829865110,India,Coimbatore,Silver,2018-06-21
5982,Dean,Banks,Other,jasonchavez@example.net,+91-7030884471,India,Hyderabad,Gold,2023-05-05
5983,Charles,Haley,Male,lauraunderwood@example.org,+91-3804575376,India,Bangalore,Gold,2024-01-12
5984,James,Ward,Male,osbornemegan@example.com,+91-1515187362,India,Kochi,Silver,2015-08-11
5985,Jose,Glenn,Female,rjohnson@example.org,+91-5467198167,India,Mysore,Platinum,2022-02-09
5986,Christine,Wallace,Female,powellmegan@example.com,+91-3133128595,India,Kochi,Silver,2024-08-13
5987,Joseph,May,Male,perezrhonda@example.net,+91-3355127788,India,Madurai,Bronze,2022-06-22
5988,Lori,Cardenas,Female,rochacaroline@example.org,+91-7492460373,India,Kochi,Bronze,2016-06-28
5989,Mark,Johnston,Male,kingangela@example.net,+91-480408430,India,Hyderabad,Bronze,2021-08-14
5990,Allison,Thomas,Female,rmayer@example.net,302.785.5430,Bulgaria,Berlin,Bronze,2022-05-23
5991,Larry,Mccall,Other,stanleyaustin@example.org,+91-9948610208,India,Bangalore,Bronze,2024-12-08
5992,Henry,Lopez,Male,staceystanley@example.org,(949)715-7110x944,Tonga,Toronto,Silver,2023-08-28
5993,Rachael,Henderson,Male,loganking@example.com,506.315.4205,Pakistan,Berlin,Gold,2016-11-28
5994,Stephanie,Miller,Male,jstein@example.com,+91-7596615912,India,Vijayawada,Bronze,2018-06-08
5995,Darren,Young,Male,clarkchristopher@example.net,+91-8892509892,India,Visakhapatnam,Bronze,2020-08-07
5996,Chad,Hopkins,Other,daniel85@example.net,+91-1519010295,India,Bangalore,Platinum,2019-09-11
5997,Sharon,Woodward,Male,johnsondanny@example.net,+91-3385145895,India,Mysore,Bronze,2022-11-18
5998,Daniel,Robinson,Other,olsonleah@example.net,001-414-833-4648x66771,Ethiopia,Dubai,Bronze,2018-02-17
5999,Rachel,Woods,Male,tonya74@example.org,+91-2794545604,India,Coimbatore,Silver,2024-10-14
6000,Ryan,King,Female,taylormatthew@example.com,+91-4928166202,India,Hyderabad,Silver,2020-01-12
6001,Kevin,Lopez,Other,johnstondalton@example.com,+91-7087281990,India,Bangalore,Silver,2021-05-15
6002,Jacqueline,Lloyd,Other,ericksonjack@example.com,(217)581-2528,Trinidad and Tobago,Los Angeles,Bronze,2018-02-03
6003,Derek,Morris,Female,raguilar@example.net,+91-2700228971,India,Bangalore,Silver,2021-05-30
6004,Cody,Lee,Female,laura11@example.com,768-979-0756x55534,Canada,Sydney,Silver,2024-09-05
6005,Joshua,Harrison,Other,reynoldskenneth@example.com,310.314.8699x2171,Montenegro,Dubai,Bronze,2023-04-11
6006,Kristina,Santiago,Male,martinezdiane@example.com,463-565-4925x1783,Ghana,London,Bronze,2016-08-26
6007,Lisa,Foley,Other,steven80@example.net,+91-478357297,India,Mysore,Gold,2015-06-20
6008,Hannah,Lynn,Other,beckersandra@example.org,+91-3944769128,India,Chennai,Silver,2023-04-20
6009,Danielle,Lyons,Female,phamellen@example.org,+91-8069894052,India,Hyderabad,Gold,2022-12-17
6010,Jeffery,Cardenas,Female,kelseyjones@example.org,+91-9402898478,India,Thiruvananthapuram,Bronze,2023-06-10
6011,Nicholas,Green,Other,michaela60@example.net,+91-9196794363,India,Kochi,Platinum,2015-09-20
6012,Ricky,Barrera,Female,newtonmatthew@example.net,+91-8400686763,India,Thiruvananthapuram,Gold,2020-03-25
6013,Andrew,Mack,Female,leslieadkins@example.net,(480)774-7213,Uzbekistan,Los Angeles,Gold,2016-12-21
6014,Jaime,Liu,Female,walter36@example.net,+91-6850991984,India,Coimbatore,Bronze,2020-02-13
6015,Chad,Romero,Other,tsharp@example.com,+91-4327438519,India,Bangalore,Bronze,2020-04-20
6016,Matthew,Hernandez,Female,phillip94@example.com,961-998-2999,Burundi,Toronto,Gold,2024-06-21
6017,Elizabeth,Brown,Female,stephenshaley@example.com,+91-1931096387,India,Hyderabad,Bronze,2023-01-01
6018,Abigail,Cabrera,Other,jrios@example.net,+91-7835572584,India,Mysore,Bronze,2023-03-30
6019,Megan,Nielsen,Other,smithamy@example.org,+91-8348274471,India,Visakhapatnam,Bronze,2019-07-29
6020,Kathleen,Murphy,Male,renee50@example.org,+91-1314217739,India,Mysore,Bronze,2019-10-22
6021,Daniel,Dougherty,Other,johnsonricky@example.net,443-200-1560x11760,Germany,Paris,Silver,2023-10-27
6022,Cory,Jones,Female,broberts@example.org,+91-773192573,India,Vijayawada,Silver,2023-07-30
6023,Jillian,Ray,Male,richardsonthomas@example.com,+91-4949839846,India,Hyderabad,Silver,2015-05-16
6024,Regina,Woods,Other,nguyenmichael@example.net,+91-4638210470,India,Madurai,Gold,2022-11-28
6025,Christopher,Hebert,Female,brian90@example.com,+91-8623583000,India,Vijayawada,Bronze,2019-09-30
6026,Jose,Carter,Male,matthew83@example.net,001-824-620-3744,Anguilla,New York,Gold,2021-09-01
6027,Stephanie,Shaw,Female,hatfieldjoseph@example.com,+91-4053321345,India,Coimbatore,Platinum,2023-03-12
6028,Jeremy,Kelly,Female,michaelmarshall@example.net,+91-8726968979,India,Chennai,Bronze,2019-07-10
6029,Shelby,Williams,Male,richard04@example.com,+91-4812690950,India,Hyderabad,Bronze,2019-07-15
6030,Crystal,Barber,Other,richard71@example.org,+91-2719909885,India,Coimbatore,Silver,2023-01-31
6031,Anthony,Johnson,Other,jesse61@example.org,+91-9117132861,India,Bangalore,Silver,2021-12-15
6032,Angel,Hughes,Female,wangjustin@example.org,+91-369847369,India,Kochi,Gold,2016-03-21
6033,Lauren,Mitchell,Male,tuckershawn@example.org,+91-229454720,India,Chennai,Bronze,2015-10-30
6034,Barbara,Carlson,Other,kristinrose@example.net,+91-4129235679,India,Visakhapatnam,Silver,2017-05-14
6035,Jonathan,Johnson,Other,lcastillo@example.com,650-801-6304,Sri Lanka,New York,Gold,2022-02-28
6036,Mary,Saunders,Male,tinaanderson@example.net,+91-6627524895,India,Bangalore,Silver,2016-05-25
6037,Oscar,Collier,Female,michael13@example.com,844-450-4606x31009,Sao Tome and Principe,Sydney,Gold,2015-09-01
6038,Luis,Montoya,Female,shumphrey@example.com,+91-5955745132,India,Vijayawada,Platinum,2019-05-27
6039,Zachary,Caldwell,Female,mdavis@example.com,+91-6902416268,India,Hyderabad,Silver,2021-12-20
6040,Joe,Ramirez,Other,cordovaeric@example.net,+91-8279806181,India,Kochi,Bronze,2017-12-18
6041,Karen,Woods,Male,lopezanna@example.org,+91-8491113858,India,Mysore,Platinum,2015-11-25
6042,Jasmine,Wright,Other,qsmith@example.org,001-831-431-5061,Micronesia,Berlin,Bronze,2024-11-28
6043,Trevor,Grant,Male,carrie77@example.com,+91-2982493608,India,Mysore,Silver,2024-08-02
6044,Gloria,Reyes,Male,hamiltonashley@example.org,+91-1425018723,India,Thiruvananthapuram,Silver,2022-03-26
6045,Patrick,Welch,Female,calvinwilson@example.org,+91-7107213894,India,Visakhapatnam,Silver,2017-08-25
6046,Sabrina,Ortiz,Male,jacquelinekim@example.org,+91-1849000519,India,Vijayawada,Silver,2019-05-16
6047,Amanda,Harris,Male,eanderson@example.org,+91-8661949255,India,Thiruvananthapuram,Silver,2023-08-14
6048,Wendy,Miller,Male,leahhensley@example.com,001-254-714-7186x39399,Mayotte,Tokyo,Bronze,2015-05-02
6049,Joanna,Olson,Male,amber63@example.net,+91-9535423490,India,Chennai,Bronze,2023-11-06
6050,Cathy,Sandoval,Other,luis31@example.net,(837)489-1817x2386,Morocco,Singapore,Gold,2019-08-22
6051,Bridget,Smith,Male,kwalker@example.org,+91-5689720267,India,Thiruvananthapuram,Silver,2025-03-31
6052,David,Garcia,Male,deancamacho@example.org,+91-8117892167,India,Thiruvananthapuram,Bronze,2025-01-19
6053,Shane,Smith,Other,travis22@example.com,+91-9183668984,India,Thiruvananthapuram,Gold,2022-09-04
6054,Alex,Robinson,Male,dawnlopez@example.com,+91-5400982165,India,Bangalore,Gold,2023-11-03
6055,James,Bell,Female,regina84@example.org,+91-525382513,India,Vijayawada,Bronze,2024-02-16
6056,Andrew,Diaz,Female,singletonjustin@example.com,+91-8093769613,India,Hyderabad,Gold,2023-03-21
6057,Andre,Bridges,Female,oowens@example.org,+91-1737908505,India,Visakhapatnam,Bronze,2019-09-01
6058,Kristen,Stevens,Female,kara39@example.net,+91-1304871442,India,Chennai,Silver,2024-02-06
6059,Troy,Young,Other,phillipseric@example.net,+1-262-994-8045x450,North Macedonia,Tokyo,Bronze,2025-03-07
6060,Amy,Maynard,Other,simpsonsteve@example.org,+91-1698965030,India,Mysore,Silver,2024-10-26
6061,James,Hernandez,Female,krystalgoodman@example.net,(831)620-5170x4351,Ethiopia,Tokyo,Silver,2018-11-05
6062,Nicholas,Daugherty,Male,georgejames@example.net,+91-7987577901,India,Kochi,Platinum,2018-05-21
6063,Debbie,Moore,Male,nathaniel43@example.net,+91-876572272,India,Vijayawada,Gold,2020-12-13
6064,Heather,Williams,Female,robert62@example.net,+91-9754719784,India,Vijayawada,Platinum,2022-11-07
6065,Brandon,Farmer,Male,greg38@example.org,+91-2695470884,India,Madurai,Silver,2016-09-11
6066,Alex,Rogers,Other,charlesdouglas@example.com,243.403.4416,Portugal,Los Angeles,Silver,2016-09-03
6067,Lisa,Williams,Other,william83@example.net,+91-8540236722,India,Visakhapatnam,Bronze,2018-06-20
6068,Elizabeth,George,Female,matthew16@example.com,+91-5850424529,India,Bangalore,Silver,2017-08-02
6069,Claire,Pena,Male,john71@example.com,+91-1962333658,India,Vijayawada,Silver,2019-01-31
6070,Mary,Silva,Female,thomas45@example.com,793.449.6917,Denmark,Paris,Silver,2022-08-09
6071,Jason,Howell,Female,wilsonchelsea@example.com,+91-4719976597,India,Mysore,Platinum,2023-06-03
6072,Shawn,Valencia,Male,hurstjulie@example.org,+91-8644769944,India,Chennai,Platinum,2023-02-02
6073,Stephanie,Ellison,Female,katherine11@example.net,+91-2495974072,India,Chennai,Silver,2019-06-15
6074,Kathy,White,Other,edwardsdiana@example.net,+91-2214772565,India,Coimbatore,Bronze,2023-03-24
6075,Laura,Henderson,Female,ybentley@example.com,+91-2014447166,India,Vijayawada,Silver,2018-02-17
6076,Kara,Miller,Male,amybond@example.org,+91-947156463,India,Thiruvananthapuram,Platinum,2021-01-09
6077,Patricia,Kim,Other,shelby78@example.net,+91-8616837028,India,Bangalore,Gold,2021-02-09
6078,Tanner,Bowman,Other,debramartin@example.org,+91-7120791064,India,Vijayawada,Bronze,2017-11-02
6079,Amy,Simmons,Male,laurenoneal@example.com,+91-7045099470,India,Visakhapatnam,Bronze,2024-12-16
6080,Joshua,Williamson,Male,ramseyconnie@example.net,+91-2269289522,India,Hyderabad,Bronze,2018-09-22
6081,Ronald,Jones,Other,aphillips@example.org,+91-3625066256,India,Thiruvananthapuram,Gold,2023-12-11
6082,Christy,Bryant,Male,williamsonnicole@example.net,+91-2506904808,India,Madurai,Bronze,2022-02-09
6083,Derrick,Carroll,Male,tonyaanderson@example.net,+91-379787204,India,Vijayawada,Bronze,2021-01-29
6084,Joseph,Richardson,Other,diana89@example.com,+91-8139633597,India,Thiruvananthapuram,Bronze,2019-05-02
6085,Kathleen,Jackson,Female,owilliams@example.net,+91-4793533698,India,Chennai,Silver,2017-07-18
6086,Kathy,Wallace,Male,zimmermandennis@example.com,+91-2926952793,India,Kochi,Gold,2018-07-18
6087,Robert,Duncan,Male,nicole27@example.com,+91-3479300202,India,Hyderabad,Silver,2016-12-11
6088,Jennifer,Patrick,Female,bakerdarin@example.net,(569)891-1937x83886,Northern Mariana Islands,Sydney,Platinum,2024-12-19
6089,Albert,Mitchell,Female,maureenhowell@example.com,+91-7113391905,India,Vijayawada,Silver,2015-06-27
6090,Kathryn,Wilson,Male,nvega@example.org,+91-7823106420,India,Vijayawada,Gold,2018-10-25
6091,Joseph,Fisher,Female,lorijones@example.org,+91-9658142359,India,Madurai,Bronze,2019-03-25
6092,Luis,Carrillo,Female,walkermaria@example.net,581.946.1472x2126,Saint Barthelemy,Los Angeles,Gold,2022-07-27
6093,Brooke,Schroeder,Female,sarasmith@example.org,+91-4163506557,India,Vijayawada,Gold,2015-06-12
6094,Stephen,Jackson,Female,erin18@example.org,001-845-947-6934x205,Comoros,New York,Gold,2015-07-08
6095,Stephanie,Ward,Other,kelleytaylor@example.com,+91-9161701012,India,Coimbatore,Gold,2016-05-20
6096,Robert,Jones,Male,wendyreyes@example.com,+91-9923402766,India,Vijayawada,Bronze,2020-01-06
6097,Nicholas,Yang,Male,ihammond@example.net,983-570-4164,Suriname,Los Angeles,Silver,2016-07-07
6098,Paige,Johnson,Other,collinsjohn@example.org,+91-6276427360,India,Kochi,Silver,2021-05-20
6099,Teresa,Nunez,Male,christinawelch@example.net,+91-3747125675,India,Bangalore,Platinum,2022-05-30
6100,William,Gray,Female,danielsmark@example.com,+91-107485193,India,Coimbatore,Platinum,2023-04-24
6101,Anthony,Hansen,Other,williambennett@example.net,+91-7891416609,India,Bangalore,Silver,2022-12-29
6102,Jason,Maynard,Female,ronaldhicks@example.org,+91-7738978467,India,Coimbatore,Gold,2015-12-18
6103,Caroline,Everett,Male,brandon09@example.com,405-272-2211x79836,Isle of Man,London,Gold,2020-03-11
6104,Debra,Harris,Female,lwhite@example.com,001-990-376-3690x38833,North Macedonia,Berlin,Silver,2025-04-14
6105,Emily,Jones,Female,robert07@example.org,+91-5624418202,India,Kochi,Gold,2020-02-08
6106,Michael,Price,Other,pbrooks@example.net,+91-9709489241,India,Coimbatore,Bronze,2016-06-06
6107,Ronald,Hernandez,Other,pamela89@example.org,+1-975-463-2378x924,Rwanda,Singapore,Gold,2022-03-03
6108,Anita,Garza,Other,dmurillo@example.com,+91-4048466187,India,Hyderabad,Bronze,2023-04-13
6109,Michael,Taylor,Male,williamsalicia@example.org,+91-9537482208,India,Bangalore,Silver,2017-01-01
6110,Susan,Wong,Male,andrea60@example.net,+91-2689439697,India,Coimbatore,Bronze,2024-02-13
6111,Mark,Watson,Other,justin44@example.net,+91-7503880929,India,Coimbatore,Silver,2020-04-17
6112,Katherine,Anderson,Female,madelinecox@example.net,9149923310,Fiji,Singapore,Bronze,2020-10-02
6113,Abigail,Cook,Female,christopher30@example.org,+91-7061065681,India,Kochi,Silver,2015-10-22
6114,Joyce,Reid,Male,hturner@example.org,+91-5425397310,India,Chennai,Silver,2024-02-28
6115,Kevin,Johnson,Other,gomezheather@example.org,+91-6028475074,India,Vijayawada,Gold,2021-06-14
6116,Melissa,Watkins,Female,hjones@example.net,+91-9069939353,India,Chennai,Bronze,2019-10-28
6117,Philip,Wagner,Other,kschultz@example.com,+91-5507755497,India,Visakhapatnam,Bronze,2020-01-09
6118,Benjamin,Fisher,Male,ashleymaddox@example.org,(673)231-6435,New Zealand,Sydney,Bronze,2017-10-04
6119,Meghan,Andrews,Other,marc94@example.net,(583)497-8654x81588,Romania,London,Silver,2020-05-28
6120,Eric,Grant,Other,tracey40@example.net,+91-371800173,India,Kochi,Bronze,2019-07-14
6121,Michael,Gray,Female,nochoa@example.com,+91-341800488,India,Thiruvananthapuram,Bronze,2024-11-19
6122,Rachel,Perez,Female,trodriguez@example.net,501.947.7413x986,Uzbekistan,Toronto,Gold,2020-04-11
6123,James,Henderson,Other,morgan69@example.com,(981)495-7695x7669,Uruguay,Sydney,Bronze,2019-05-30
6124,Donna,Thomas,Female,tiffanyharrison@example.net,+91-6644032370,India,Coimbatore,Silver,2024-07-25
6125,Courtney,Mcintosh,Female,jason38@example.com,+91-2000263615,India,Chennai,Gold,2023-08-22
6126,John,Woods,Other,avilasamuel@example.net,+91-4444749328,India,Madurai,Bronze,2017-06-22
6127,Joel,Woods,Male,jwarner@example.com,001-903-246-8800x439,Cook Islands,Toronto,Bronze,2024-08-09
6128,Emily,Chavez,Female,maryjohnson@example.org,(961)256-3926,Guam,Sydney,Platinum,2022-12-18
6129,Vanessa,Robinson,Other,dawnphillips@example.com,885-514-3442x92848,Comoros,Tokyo,Bronze,2016-03-19
6130,Andre,Smith,Male,sheltonbethany@example.org,+91-1041271427,India,Bangalore,Silver,2025-01-22
6131,Victoria,Williams,Female,jessica53@example.org,+91-295758630,India,Visakhapatnam,Gold,2017-12-21
6132,Brandon,Rivera,Male,marissa77@example.org,+91-7443142709,India,Chennai,Bronze,2020-05-02
6133,Rachel,Nolan,Female,grahamstanley@example.net,+91-4811217827,India,Madurai,Bronze,2020-06-30
6134,Thomas,Brown,Other,meganhendrix@example.org,443.335.6124x9387,Equatorial Guinea,Los Angeles,Silver,2022-09-15
6135,Tanya,Myers,Other,williamsjacqueline@example.net,+91-1789322063,India,Coimbatore,Bronze,2016-12-05
6136,Lisa,Nicholson,Other,laurenleach@example.net,+91-1331580751,India,Chennai,Silver,2021-05-19
6137,Katie,Hunt,Male,parkercalvin@example.org,+91-792302125,India,Bangalore,Bronze,2017-10-04
6138,Jonathan,White,Female,gibsonleslie@example.com,+91-9471669369,India,Visakhapatnam,Gold,2023-09-20
6139,Christopher,Adams,Other,uarmstrong@example.com,769.957.5556,Northern Mariana Islands,Berlin,Gold,2019-12-04
6140,Brian,Wong,Female,nicole54@example.org,+91-3284058882,India,Mysore,Gold,2019-05-28
6141,Maria,Joyce,Other,jennifer86@example.net,+91-4870343033,India,Kochi,Silver,2022-01-24
6142,Elizabeth,Long,Male,phorton@example.com,+91-3130248799,India,Visakhapatnam,Gold,2021-07-09
6143,Colleen,Watson,Female,ostanton@example.com,+91-6694661816,India,Madurai,Gold,2019-01-06
6144,Katherine,Powell,Female,charles40@example.net,+1-378-555-7787x184,Mongolia,Los Angeles,Bronze,2023-01-28
6145,Carrie,Montgomery,Female,erik87@example.com,720-427-5164,Taiwan,Singapore,Silver,2019-08-03
6146,Kathryn,Carroll,Female,frankperez@example.org,+91-9598750981,India,Thiruvananthapuram,Bronze,2021-06-25
6147,Christian,Conway,Female,hopkinselizabeth@example.org,(730)534-6577x946,Ghana,Dubai,Silver,2015-06-06
6148,Misty,Harris,Male,gonzalezpatrick@example.com,+91-3959313719,India,Visakhapatnam,Bronze,2015-07-01
6149,Matthew,Fuller,Female,michael35@example.net,+91-6324306603,India,Visakhapatnam,Silver,2024-08-20
6150,Ellen,Gardner,Male,davidbooth@example.net,+91-3434573080,India,Madurai,Silver,2016-01-06
6151,Christian,Brooks,Other,htucker@example.org,+91-926811612,India,Kochi,Silver,2024-01-19
6152,Tyler,Moran,Female,smithmelinda@example.net,+91-4657320346,India,Bangalore,Bronze,2019-04-17
6153,Clinton,Stevens,Female,savannah18@example.net,+91-4573728023,India,Bangalore,Gold,2015-10-20
6154,Stacey,Russell,Female,vknight@example.org,833-341-2834,United States Minor Outlying Islands,Sydney,Bronze,2025-02-02
6155,Joseph,Perry,Female,mollyhenderson@example.net,2356738041,Saint Helena,Dubai,Gold,2018-11-05
6156,James,Rich,Other,bradley99@example.org,+1-476-261-1648,Iran,New York,Bronze,2024-12-02
6157,Nichole,Trujillo,Other,angelawright@example.com,+91-8618267158,India,Hyderabad,Bronze,2019-04-23
6158,Ryan,Perez,Other,tara86@example.org,+91-4160641192,India,Kochi,Bronze,2022-05-08
6159,Shirley,Kline,Other,jessicabrown@example.com,+91-9241183490,India,Coimbatore,Platinum,2015-05-14
6160,Heather,Moore,Female,karenarnold@example.com,+91-520190468,India,Coimbatore,Bronze,2022-01-27
6161,Margaret,Phillips,Female,wparker@example.com,+91-4101933945,India,Mysore,Bronze,2020-12-03
6162,Holly,Luna,Other,jasonlopez@example.net,+91-1423381160,India,Vijayawada,Bronze,2023-06-16
6163,Shannon,Dean,Male,christineramirez@example.org,+91-5428801256,India,Bangalore,Silver,2020-07-14
6164,Jessica,Baird,Other,edwardgates@example.org,001-810-367-7213,Taiwan,Dubai,Silver,2020-02-26
6165,Vincent,Bell,Male,molly67@example.com,813-724-9154x532,South Georgia and the South Sandwich Islands,Los Angeles,Silver,2018-07-07
6166,Christopher,Martinez,Male,andersoncharles@example.com,+91-8546131036,India,Vijayawada,Silver,2024-04-09
6167,Thomas,Wheeler,Other,jeremysimmons@example.org,+91-3221614448,India,Hyderabad,Platinum,2016-07-07
6168,Diane,Schneider,Female,stephaniebruce@example.org,(578)957-9973x549,Chile,Berlin,Silver,2018-10-23
6169,Melissa,Frost,Male,johnsonangela@example.com,+91-7517568410,India,Hyderabad,Platinum,2017-06-26
6170,Tamara,Stephenson,Male,dustinlopez@example.net,001-649-272-5568,Samoa,Singapore,Bronze,2016-05-14
6171,Robert,Hart,Male,jeffrey84@example.com,+91-5910145731,India,Hyderabad,Platinum,2020-07-09
6172,Daniel,Kennedy,Female,dickersonpedro@example.com,+91-2615600935,India,Vijayawada,Bronze,2019-04-25
6173,Joseph,Lewis,Male,sandersgary@example.org,+91-3972156169,India,Vijayawada,Silver,2019-12-03
6174,Joshua,Long,Male,crystalwilliams@example.com,+91-9475836948,India,Mysore,Gold,2015-05-20
6175,Rachel,Strickland,Female,williamstony@example.org,+91-5065142545,India,Madurai,Silver,2020-02-18
6176,Mary,Snow,Other,joan82@example.net,+91-6231070309,India,Mysore,Gold,2020-06-12
6177,Danielle,Carter,Male,ashleymorris@example.org,+91-4483322588,India,Coimbatore,Bronze,2025-01-18
6178,Sarah,Perry,Female,martinelizabeth@example.com,+91-9955232123,India,Madurai,Platinum,2019-10-26
6179,Gabriel,Nguyen,Female,smithsteven@example.org,545.712.1051x07873,Portugal,Singapore,Platinum,2021-11-21
6180,Cheyenne,Stevens,Female,amanda90@example.com,+91-7422117899,India,Hyderabad,Gold,2018-04-23
6181,Katie,Garcia,Male,cooleypatricia@example.net,+91-1944401117,India,Thiruvananthapuram,Bronze,2015-11-24
6182,Susan,Perry,Other,lopezpeter@example.org,+91-7024826601,India,Mysore,Platinum,2015-11-22
6183,Melissa,Stout,Male,qdelgado@example.org,+91-8525428644,India,Chennai,Silver,2019-09-16
6184,Christopher,Robertson,Male,danielruiz@example.org,+91-9482831853,India,Thiruvananthapuram,Gold,2024-11-06
6185,Sean,Tanner,Female,morgankristin@example.com,+91-3814797805,India,Madurai,Silver,2017-12-07
6186,Brittany,Smith,Other,parkerjennifer@example.com,+91-6233262448,India,Hyderabad,Silver,2018-07-24
6187,Elaine,Johnson,Female,nicole29@example.net,+91-8034107296,India,Mysore,Silver,2020-02-08
6188,Danielle,Williams,Male,hrodriguez@example.org,+91-2943859534,India,Vijayawada,Bronze,2018-04-27
6189,Alan,Wolf,Male,wrightjames@example.net,+91-6400495027,India,Hyderabad,Silver,2021-03-08
6190,Logan,Patterson,Male,joseph71@example.com,+91-2492501729,India,Bangalore,Silver,2018-06-21
6191,Krista,Cortez,Female,traceycastillo@example.com,+91-9685284570,India,Bangalore,Gold,2018-03-10
6192,Joseph,Morris,Female,gcohen@example.org,+91-165709982,India,Mysore,Silver,2017-12-28
6193,Adam,Ruiz,Other,jamiemadden@example.net,+91-1704169924,India,Coimbatore,Silver,2017-07-02
6194,Alejandro,Mora,Male,martinezanthony@example.com,+91-1278808529,India,Vijayawada,Silver,2017-11-22
6195,Jason,Hall,Other,amy62@example.com,+91-6284495383,India,Thiruvananthapuram,Platinum,2021-05-30
6196,Katherine,Collins,Other,mreed@example.com,+91-3444335163,India,Visakhapatnam,Silver,2019-04-12
6197,Robert,Carlson,Female,carloswarren@example.net,+91-2332573144,India,Bangalore,Bronze,2016-01-14
6198,Cathy,Jackson,Other,petersenchristine@example.org,+91-2326753796,India,Mysore,Silver,2019-05-03
6199,Karen,Edwards,Female,averymary@example.org,+91-4582213380,India,Bangalore,Bronze,2018-07-09
6200,Rachel,Anderson,Female,marioprice@example.org,+91-5787360069,India,Coimbatore,Bronze,2015-10-08
6201,Elizabeth,Parsons,Female,gatespaula@example.org,+91-931404910,India,Visakhapatnam,Silver,2018-08-29
6202,Valerie,Hall,Male,davidwarren@example.com,+91-2806628677,India,Visakhapatnam,Platinum,2016-10-23
6203,Robert,Bond,Male,williemartinez@example.org,+91-8122387802,India,Bangalore,Bronze,2022-09-22
6204,James,Fernandez,Male,kathleenwilson@example.net,+91-7589439115,India,Bangalore,Silver,2023-11-05
6205,Heather,Perez,Other,gregorythompson@example.com,+91-6016592229,India,Bangalore,Bronze,2019-08-29
6206,James,Gonzalez,Male,allenjohn@example.net,+91-9684460083,India,Thiruvananthapuram,Gold,2024-05-18
6207,Ryan,Garcia,Other,wkrueger@example.net,+91-2368905904,India,Chennai,Gold,2019-05-02
6208,Austin,Kidd,Female,lbender@example.com,+91-8122814072,India,Kochi,Bronze,2018-03-19
6209,John,Buchanan,Other,cindylopez@example.com,+91-2328940773,India,Bangalore,Bronze,2017-01-28
6210,Sharon,Esparza,Other,robert68@example.net,+91-9975091476,India,Chennai,Bronze,2021-11-22
6211,Robert,Burgess,Other,perezjessica@example.org,+91-8854134584,India,Thiruvananthapuram,Platinum,2022-01-16
6212,James,Soto,Other,taylormorgan@example.net,+91-8929475544,India,Hyderabad,Bronze,2021-03-12
6213,Brian,Neal,Male,zandrade@example.com,+91-188954423,India,Visakhapatnam,Platinum,2016-12-27
6214,Erin,Yang,Other,ohernandez@example.org,+91-7723676994,India,Kochi,Bronze,2020-10-06
6215,Ryan,Hunt,Female,riceseth@example.com,+91-1945369090,India,Madurai,Bronze,2022-06-12
6216,Kevin,Haynes,Other,bestkimberly@example.com,+1-471-940-1010x1420,Uruguay,Toronto,Platinum,2020-01-31
6217,Jill,Morris,Female,robertmurphy@example.org,+91-4639750886,India,Mysore,Silver,2017-05-24
6218,Thomas,Tate,Female,lisa75@example.net,+91-1890820391,India,Thiruvananthapuram,Silver,2017-10-27
6219,Katherine,Cantrell,Female,smiththeresa@example.com,001-391-575-0858x4895,Oman,Singapore,Platinum,2021-06-26
6220,Henry,Mcmillan,Female,elizabethwilson@example.com,+91-136263442,India,Thiruvananthapuram,Silver,2022-06-13
6221,Joseph,Smith,Male,markmorton@example.com,+91-2032362873,India,Thiruvananthapuram,Platinum,2018-07-03
6222,Kara,Ramos,Male,nsimmons@example.com,+91-1156582254,India,Visakhapatnam,Gold,2024-05-22
6223,Barbara,Jones,Other,kimross@example.net,+91-9621988297,India,Visakhapatnam,Silver,2024-03-03
6224,Ashley,Hubbard,Other,vjoyce@example.net,+91-3278209825,India,Visakhapatnam,Bronze,2024-09-16
6225,Jennifer,Young,Female,knightkelly@example.com,+91-5397840423,India,Coimbatore,Gold,2024-06-03
6226,Courtney,Scott,Female,briannacolon@example.org,+91-5570530789,India,Coimbatore,Bronze,2016-09-18
6227,Douglas,Benjamin,Male,edwardrobinson@example.com,+91-1944793590,India,Chennai,Gold,2018-06-02
6228,Keith,Miller,Male,stevensonstacy@example.com,+91-3543892432,India,Hyderabad,Platinum,2016-08-23
6229,Ryan,Thomas,Male,janice12@example.com,+91-7378823203,India,Bangalore,Bronze,2017-05-15
6230,Jack,Cohen,Other,katkinson@example.com,+91-721300411,India,Thiruvananthapuram,Bronze,2022-09-10
6231,Carlos,Huber,Other,audrey06@example.com,(677)297-6675x08002,Greenland,Toronto,Bronze,2016-11-14
6232,Jessica,Macias,Female,emilyharrington@example.net,+91-7739808225,India,Thiruvananthapuram,Silver,2023-11-13
6233,Eduardo,Foster,Female,johnsonkayla@example.com,+91-4219465324,India,Bangalore,Bronze,2018-01-11
6234,John,Webb,Female,thomas73@example.com,+91-8077503025,India,Thiruvananthapuram,Bronze,2018-06-14
6235,Shannon,Sawyer,Male,victorowens@example.org,+91-5542555518,India,Coimbatore,Bronze,2017-05-03
6236,Jason,Edwards,Other,allenlance@example.net,+91-4944566458,India,Madurai,Bronze,2019-08-27
6237,Adrian,Rios,Male,torresbrian@example.com,+91-8495497409,India,Madurai,Silver,2018-12-21
6238,Kelsey,Thomas,Other,franklingeorge@example.net,+91-4421799830,India,Bangalore,Bronze,2021-03-04
6239,Michael,Williams,Female,pschwartz@example.org,+91-9238165767,India,Thiruvananthapuram,Silver,2021-11-30
6240,Brittany,Murphy,Male,martinezrebecca@example.com,+91-4300929092,India,Chennai,Gold,2022-08-13
6241,Aaron,Kennedy,Female,tgonzales@example.net,+91-6864775131,India,Mysore,Silver,2017-07-01
6242,Jennifer,Bauer,Other,amywhite@example.net,+91-1614375126,India,Thiruvananthapuram,Gold,2017-04-07
6243,Mary,Lara,Male,christy45@example.com,+91-8528873318,India,Coimbatore,Gold,2022-12-18
6244,Wendy,Grant,Other,michael78@example.org,472.568.5111x4893,Suriname,Sydney,Bronze,2021-10-02
6245,Rebecca,Giles,Female,kevin39@example.net,+91-468619429,India,Chennai,Bronze,2023-10-20
6246,Kenneth,Brown,Other,andrewmorales@example.com,606-704-3824x15392,Chile,Sydney,Silver,2017-06-19
6247,Marcus,Peterson,Male,brianmartinez@example.com,+91-7195190451,India,Thiruvananthapuram,Gold,2017-02-20
6248,Andre,Williams,Male,hjacobs@example.net,(634)836-7841,Fiji,London,Silver,2017-01-01
6249,Tim,Zimmerman,Male,anne15@example.com,+91-7763058248,India,Vijayawada,Platinum,2019-11-11
6250,Joanna,Schaefer,Male,melissa65@example.net,+91-9386490904,India,Vijayawada,Silver,2023-04-22
6251,Lisa,Byrd,Female,murrayjoseph@example.org,+91-4135811038,India,Bangalore,Gold,2018-09-29
6252,Michael,Li,Male,anthony48@example.org,+91-2871268981,India,Vijayawada,Bronze,2022-09-29
6253,Stephen,Marks,Female,ystone@example.org,+91-6354979163,India,Bangalore,Bronze,2023-07-08
6254,Whitney,Martinez,Male,patrick77@example.net,+91-8137288537,India,Hyderabad,Bronze,2021-06-08
6255,Sean,Johnson,Male,melissawilliams@example.org,492-452-8122,India,Toronto,Bronze,2018-08-25
6256,Sara,Bowers,Female,manningscott@example.com,+91-6446078869,India,Bangalore,Bronze,2023-10-14
6257,David,Davenport,Male,michael98@example.net,(570)227-2998x861,Cyprus,New York,Gold,2016-11-05
6258,Michelle,Sullivan,Female,frank84@example.net,+91-4194778238,India,Kochi,Bronze,2024-02-02
6259,Jonathan,Dawson,Male,patrick93@example.net,+91-3419507937,India,Chennai,Bronze,2024-07-19
6260,Kevin,Smith,Male,xmorgan@example.com,+91-6023167161,India,Bangalore,Bronze,2021-11-12
6261,James,Moore,Other,rwatson@example.org,+91-881880169,India,Hyderabad,Gold,2024-05-04
6262,Robert,Cook,Female,mitchell72@example.com,+91-239941876,India,Coimbatore,Silver,2020-02-21
6263,Kelly,Miller,Male,bsmith@example.org,+91-1336557463,India,Hyderabad,Bronze,2021-01-13
6264,Alvin,French,Male,ngarcia@example.com,001-200-646-8683x697,Panama,Paris,Platinum,2024-04-13
6265,Charles,Knapp,Male,christine54@example.org,+91-7022846176,India,Bangalore,Bronze,2023-09-27
6266,Megan,Flynn,Other,sherylowens@example.net,+91-4979520374,India,Kochi,Gold,2023-06-15
6267,Rhonda,Curry,Female,jill89@example.org,+91-81873153,India,Kochi,Silver,2023-01-12
6268,Jonathan,George,Other,jonathanavila@example.com,+91-3184990712,India,Mysore,Bronze,2020-09-24
6269,Sydney,Calhoun,Female,jacqueline78@example.org,+91-7734505661,India,Visakhapatnam,Bronze,2021-06-02
6270,Alexis,Madden,Male,dsmith@example.com,+91-6937727768,India,Visakhapatnam,Silver,2015-11-09
6271,Melanie,Fernandez,Male,luke03@example.net,8484282159,Suriname,Dubai,Silver,2022-01-15
6272,Kelly,Dixon,Male,sharonjames@example.com,+91-1134672478,India,Chennai,Silver,2024-09-23
6273,Brianna,Burke,Other,christopherkirby@example.org,+91-7036839445,India,Coimbatore,Gold,2017-04-17
6274,Megan,Smith,Male,davidmann@example.org,+91-6857210147,India,Chennai,Gold,2019-03-09
6275,Billy,Eaton,Female,ytran@example.com,+91-6206752938,India,Visakhapatnam,Bronze,2016-11-27
6276,Melinda,Daniels,Male,evelyn45@example.com,+91-4244682102,India,Hyderabad,Bronze,2018-11-15
6277,Kristopher,Cunningham,Female,franciscoburns@example.com,+91-676558610,India,Kochi,Bronze,2020-03-11
6278,Richard,Solis,Female,krobinson@example.com,+91-5162383938,India,Chennai,Gold,2015-08-09
6279,Frank,Neal,Female,therring@example.net,+91-7997965955,India,Chennai,Silver,2022-01-01
6280,Samantha,Robinson,Other,lindawoodward@example.net,+91-5115989227,India,Bangalore,Bronze,2016-11-29
6281,Sara,Wiley,Male,amber99@example.org,409-628-6752x66450,Comoros,Paris,Gold,2017-03-29
6282,Jonathon,Hanson,Other,davidhorn@example.org,+91-9625309320,India,Kochi,Platinum,2016-01-08
6283,Curtis,Anderson,Male,matthewellis@example.net,+91-3190903877,India,Mysore,Bronze,2017-09-10
6284,David,Johnson,Male,davidkeller@example.net,+91-7446339650,India,Bangalore,Gold,2022-04-06
6285,Holly,Howard,Other,ryan85@example.com,+91-3852066756,India,Coimbatore,Gold,2016-04-03
6286,Megan,Arnold,Male,bwatts@example.net,+91-5117366430,India,Thiruvananthapuram,Silver,2022-10-05
6287,Stephanie,Kelly,Male,yangtracy@example.com,+91-8318216,India,Madurai,Silver,2017-05-11
6288,Christopher,Miller,Male,abigail23@example.com,+91-349081709,India,Kochi,Bronze,2020-10-25
6289,Morgan,Gomez,Male,carl30@example.net,+91-8599691758,India,Thiruvananthapuram,Silver,2018-12-03
6290,James,Hamilton,Female,davisjohn@example.net,+91-6398344596,India,Bangalore,Silver,2018-12-05
6291,Scott,Murphy,Male,robertgraham@example.com,+91-4267112464,India,Kochi,Silver,2016-04-04
6292,Daniel,Shaffer,Other,alexanderjill@example.net,001-283-889-8180x7447,Malta,Los Angeles,Gold,2022-05-01
6293,Patricia,Wilson,Female,sanchezryan@example.org,+91-1476403760,India,Mysore,Bronze,2021-07-03
6294,Leslie,Garcia,Male,stacey29@example.org,+91-8996556295,India,Mysore,Bronze,2024-10-16
6295,Sandra,Watts,Other,jamie47@example.net,001-952-830-6851x48822,China,Los Angeles,Bronze,2016-01-27
6296,Diana,Jensen,Female,loricannon@example.net,+91-2781801832,India,Hyderabad,Bronze,2019-05-13
6297,Kaitlyn,Miller,Female,ashleychen@example.com,+91-6589743858,India,Bangalore,Bronze,2019-10-20
6298,Lacey,Holt,Female,ganderson@example.net,+91-6358293762,India,Chennai,Gold,2024-09-13
6299,Kathy,May,Male,rstephenson@example.com,+91-3808713787,India,Coimbatore,Bronze,2023-02-06
6300,Gregory,Johnson,Male,ronaldgross@example.org,+91-574382663,India,Coimbatore,Silver,2018-08-05
6301,Richard,Barr,Female,johnsonmary@example.com,+91-713622123,India,Bangalore,Silver,2022-07-03
6302,Christopher,Harris,Female,yclark@example.net,+91-8049338066,India,Vijayawada,Gold,2018-11-13
6303,Monica,Armstrong,Male,jordandavidson@example.org,+91-646109621,India,Madurai,Gold,2015-12-23
6304,Jennifer,Harris,Male,douglasbrian@example.com,+91-3196501827,India,Coimbatore,Gold,2016-04-17
6305,Alison,Dudley,Other,kjones@example.net,+91-8253792317,India,Vijayawada,Bronze,2020-08-04
6306,David,Lewis,Other,ivasquez@example.net,+91-27763940,India,Mysore,Gold,2017-08-05
6307,Marcia,Robbins,Female,brandon56@example.org,+91-1183464273,India,Coimbatore,Bronze,2025-03-10
6308,Ashley,Miller,Female,nathanwalters@example.com,+91-7926896602,India,Vijayawada,Silver,2015-09-04
6309,Ann,Holland,Female,sherikennedy@example.com,+91-5052324843,India,Hyderabad,Gold,2015-08-28
6310,Maria,Bradley,Other,david35@example.com,+91-9942666009,India,Thiruvananthapuram,Silver,2022-04-03
6311,Thomas,Davila,Other,watsonphilip@example.com,+91-54001969,India,Vijayawada,Silver,2019-03-08
6312,Jessica,Perez,Other,martinezalexandra@example.net,(654)751-7416,Andorra,Los Angeles,Bronze,2023-07-24
6313,Lisa,Lowe,Female,bryan47@example.org,+91-8402046752,India,Coimbatore,Bronze,2016-01-07
6314,James,Marshall,Female,riddlechristopher@example.net,+91-4700577546,India,Thiruvananthapuram,Silver,2021-01-08
6315,Kelly,Snyder,Female,kenneth15@example.org,+91-7202861175,India,Thiruvananthapuram,Silver,2021-12-06
6316,Samuel,Schwartz,Other,carol87@example.org,+91-1185201869,India,Hyderabad,Bronze,2024-10-17
6317,Matthew,Yu,Female,hailey79@example.net,+91-8279559784,India,Vijayawada,Bronze,2023-06-11
6318,Amy,Dunn,Other,jacobsonadam@example.net,939.585.3653x4350,Georgia,Singapore,Bronze,2015-07-26
6319,Jason,Little,Female,mdavis@example.net,+91-7301645783,India,Bangalore,Gold,2021-08-30
6320,Adam,Brown,Female,jenniferrussell@example.org,+91-2780936517,India,Vijayawada,Silver,2021-09-26
6321,Lisa,James,Other,georgebaird@example.org,+91-2770757857,India,Madurai,Bronze,2018-01-18
6322,Frederick,Lindsey,Female,sheilamartin@example.com,(258)836-1693x49929,Central African Republic,Tokyo,Bronze,2016-07-28
6323,Mark,Jones,Male,obailey@example.net,204.682.5331,Brunei Darussalam,Toronto,Bronze,2025-02-08
6324,David,Smith,Female,floresmichael@example.com,+91-8742040714,India,Chennai,Bronze,2017-06-25
6325,Heather,Davis,Male,jpalmer@example.org,+91-4631589354,India,Mysore,Silver,2016-05-25
6326,Tracy,Miller,Female,troygray@example.net,+91-1844547255,India,Chennai,Platinum,2024-05-22
6327,Jessica,Benitez,Other,qstewart@example.org,+91-1749555431,India,Vijayawada,Gold,2019-08-20
6328,Brandon,Brown,Other,zcharles@example.org,+91-6174870238,India,Kochi,Platinum,2018-11-16
6329,Elizabeth,Ponce,Male,susanmiller@example.com,+91-4793947348,India,Coimbatore,Silver,2019-09-27
6330,Benjamin,Reynolds,Other,monica95@example.com,+91-1267514284,India,Kochi,Silver,2017-08-15
6331,Daniel,Osborne,Other,jennifergonzalez@example.org,+91-6711972784,India,Hyderabad,Bronze,2017-06-02
6332,Aaron,York,Female,mturner@example.com,+91-7290805566,India,Visakhapatnam,Platinum,2018-06-24
6333,Larry,Miller,Male,daniel76@example.net,(804)559-6760x805,Svalbard & Jan Mayen Islands,Singapore,Gold,2021-06-28
6334,Amber,Smith,Other,johnsonjonathan@example.net,+91-830322403,India,Bangalore,Gold,2020-09-11
6335,Shannon,Hoover,Male,ysantiago@example.net,+91-4997314853,India,Visakhapatnam,Gold,2021-09-12
6336,Robert,Holland,Female,fbradley@example.net,+91-7033630987,India,Thiruvananthapuram,Silver,2016-04-13
6337,Joseph,Johnson,Female,sshields@example.com,+91-2765213942,India,Hyderabad,Bronze,2021-05-13
6338,Jessica,Mcfarland,Male,brandon16@example.com,+91-4064797780,India,Chennai,Silver,2022-02-15
6339,Jessica,Benson,Male,trevinojustin@example.org,+91-7411115709,India,Madurai,Gold,2021-11-15
6340,Sarah,Atkins,Other,angelamiller@example.com,+91-8071777018,India,Chennai,Gold,2022-08-11
6341,Kevin,Zamora,Other,kcrosby@example.com,+91-169525070,India,Bangalore,Bronze,2024-12-19
6342,Holly,Thompson,Other,angelica56@example.com,+91-2155716782,India,Visakhapatnam,Silver,2020-05-13
6343,Brian,Murphy,Male,jon54@example.net,515-728-1452x33236,India,Singapore,Silver,2018-11-02
6344,Robert,Harris,Other,flemingemily@example.net,+91-237829681,India,Thiruvananthapuram,Platinum,2016-11-08
6345,Amy,Miller,Other,michael43@example.com,602-474-4496x474,Christmas Island,Dubai,Bronze,2023-12-17
6346,Roy,Rodriguez,Other,arnoldthomas@example.org,+91-7967219837,India,Madurai,Bronze,2025-04-21
6347,Brandi,Malone,Male,tlopez@example.com,575.227.6011,Liechtenstein,Paris,Gold,2017-09-10
6348,Amanda,Fuentes,Other,christinecohen@example.com,001-535-565-9748x73221,Senegal,Sydney,Silver,2019-06-04
6349,Jermaine,Moore,Male,hmoore@example.com,+91-6163416500,India,Mysore,Bronze,2016-12-14
6350,Christopher,Holt,Other,wjohnson@example.com,+91-436612769,India,Mysore,Bronze,2017-11-23
6351,Erin,Benson,Other,robertthompson@example.org,+91-427586078,India,Madurai,Bronze,2023-04-02
6352,Christopher,Johnson,Female,patrickkimberly@example.org,+91-1328447813,India,Coimbatore,Bronze,2018-01-15
6353,Jeremy,Boone,Male,joel92@example.org,+91-3464722262,India,Madurai,Gold,2019-01-17
6354,Paula,Martinez,Male,perkinsdonna@example.net,+91-3644993195,India,Hyderabad,Bronze,2023-08-08
6355,Kayla,Mckenzie,Female,crosbybrianna@example.net,+91-7401044926,India,Madurai,Bronze,2021-12-27
6356,Tyler,Singleton,Other,lstanley@example.net,+91-2571808888,India,Mysore,Gold,2015-10-17
6357,Carolyn,Ford,Other,simonjill@example.net,+91-9625838740,India,Vijayawada,Silver,2017-12-20
6358,Chelsea,Gray,Female,richard49@example.net,+91-5739822620,India,Kochi,Silver,2017-08-02
6359,Cynthia,Adams,Female,rogersmith@example.org,(321)266-6608x4870,Yemen,Paris,Gold,2019-05-06
6360,Abigail,Perry,Male,christopherstanton@example.net,+91-9751532201,India,Coimbatore,Gold,2017-08-13
6361,Timothy,Jordan,Other,henryheather@example.net,+91-5444443391,India,Chennai,Silver,2017-12-06
6362,Wesley,Soto,Female,alewis@example.com,+91-3953832226,India,Mysore,Bronze,2021-10-17
6363,Roy,Rodriguez,Male,susan83@example.net,+91-8362793197,India,Chennai,Bronze,2020-11-05
6364,Vanessa,Osborne,Female,caldwellmark@example.com,+91-3696538836,India,Madurai,Bronze,2016-12-16
6365,Cory,Kennedy,Other,serranonicole@example.org,+91-4066206512,India,Hyderabad,Gold,2018-03-21
6366,Alicia,Johnson,Male,caldwellmichael@example.com,+1-811-202-6648x797,Netherlands Antilles,Paris,Silver,2015-12-23
6367,John,Lane,Other,stephen59@example.org,+91-9973484848,India,Madurai,Silver,2016-08-28
6368,Katherine,Garcia,Female,sandra09@example.org,+91-4965231578,India,Hyderabad,Bronze,2022-03-19
6369,Joseph,Bowers,Female,reeddonna@example.org,+91-5411174290,India,Vijayawada,Silver,2018-03-26
6370,Brian,Parsons,Female,jonathan29@example.com,+91-1251575632,India,Visakhapatnam,Silver,2021-12-15
6371,Jasmin,Harrison,Other,sandralandry@example.com,+91-6487788531,India,Kochi,Gold,2020-01-06
6372,Scott,Davis,Female,torresmichael@example.net,690.475.0370,Kuwait,New York,Silver,2023-12-01
6373,Diana,Parker,Female,sandersjohn@example.net,+91-7074613501,India,Kochi,Bronze,2021-12-23
6374,Ethan,Campbell,Other,fellis@example.net,+91-6257136321,India,Kochi,Gold,2022-06-13
6375,April,Walsh,Other,carsonmisty@example.com,+91-5638626351,India,Vijayawada,Platinum,2018-09-16
6376,Tara,Daniels,Female,bryanwells@example.org,+91-1603466371,India,Coimbatore,Bronze,2023-08-25
6377,Darrell,Hartman,Male,angela07@example.net,+91-5195788638,India,Thiruvananthapuram,Silver,2015-05-12
6378,Mary,Wilson,Other,james21@example.com,+91-8578390783,India,Madurai,Bronze,2017-05-09
6379,Amy,Bullock,Male,smartin@example.org,+91-1375254051,India,Thiruvananthapuram,Silver,2017-07-21
6380,Sarah,Neal,Male,tracyserrano@example.org,+91-682934772,India,Bangalore,Silver,2016-10-31
6381,Kaylee,Hernandez,Other,grant82@example.org,+91-2655903021,India,Coimbatore,Bronze,2018-10-14
6382,Joyce,Dominguez,Female,kerriwalker@example.net,+91-2979487722,India,Thiruvananthapuram,Silver,2021-09-29
6383,James,Stein,Male,jenkinsstacy@example.org,+91-5604347848,India,Vijayawada,Gold,2024-07-23
6384,Ann,Walker,Other,romantimothy@example.org,+91-609700874,India,Mysore,Platinum,2018-06-25
6385,Erika,Harris,Other,rvilla@example.org,+91-8251790283,India,Madurai,Bronze,2020-02-29
6386,Anthony,Collins,Other,kellypark@example.org,+91-2381894576,India,Visakhapatnam,Bronze,2020-09-29
6387,Shaun,Morales,Male,wilsonjason@example.net,+91-6122201468,India,Bangalore,Platinum,2022-06-16
6388,John,Jackson,Male,nancydavis@example.org,+91-1322917558,India,Madurai,Bronze,2023-01-22
6389,Michael,Chung,Male,jessica96@example.com,+91-9197883927,India,Mysore,Bronze,2022-03-30
6390,Jose,Francis,Other,browntammy@example.net,(329)686-4519x73612,Cuba,Paris,Gold,2016-09-13
6391,Bobby,Neal,Male,myerseric@example.net,+91-3295363115,India,Chennai,Gold,2015-09-08
6392,Hayden,Summers,Male,hannah90@example.com,+91-5893773625,India,Thiruvananthapuram,Gold,2019-08-08
6393,Martin,Williams,Other,jonathanthompson@example.org,+91-2150754360,India,Hyderabad,Bronze,2018-05-20
6394,Allison,Molina,Other,jeffmoore@example.com,+91-5876567314,India,Chennai,Silver,2025-04-18
6395,Patricia,Burgess,Other,aparks@example.org,+91-5562128807,India,Vijayawada,Silver,2023-07-12
6396,Kimberly,Reynolds,Male,robin91@example.com,+91-3800919642,India,Coimbatore,Bronze,2016-02-09
6397,John,Lindsey,Other,kimheather@example.com,+91-9950487164,India,Mysore,Gold,2022-05-16
6398,Frederick,Austin,Male,kevinmiller@example.net,+91-2570095468,India,Madurai,Gold,2022-12-11
6399,Nancy,Oliver,Female,savagefrank@example.org,+91-2148042654,India,Mysore,Silver,2020-12-27
6400,Jeremiah,Chavez,Female,james78@example.com,+91-4168553478,India,Madurai,Bronze,2024-04-06
6401,Christopher,Duncan,Male,hollandzachary@example.org,+91-7233740214,India,Visakhapatnam,Platinum,2017-11-03
6402,Suzanne,Garza,Female,hjones@example.org,001-541-257-5042x01803,British Indian Ocean Territory (Chagos Archipelago),Paris,Gold,2015-12-16
6403,Sierra,Lewis,Male,anna06@example.com,+91-5256882783,India,Hyderabad,Bronze,2020-08-23
6404,Spencer,Marquez,Female,ybass@example.com,+91-1958879348,India,Vijayawada,Bronze,2015-05-16
6405,Sara,Cooper,Male,walkerbobby@example.org,001-345-553-7601x46962,Cayman Islands,Los Angeles,Gold,2023-11-05
6406,Christopher,Baker,Other,alannguyen@example.com,+91-2325965563,India,Thiruvananthapuram,Bronze,2016-06-29
6407,Joseph,Morrison,Other,evansjon@example.net,+91-673720271,India,Vijayawada,Platinum,2017-11-21
6408,Jessica,Hebert,Female,stewartchristopher@example.com,+91-6101338367,India,Mysore,Bronze,2019-12-27
6409,Brooke,Steele,Other,russelljohn@example.com,+91-9742568770,India,Hyderabad,Bronze,2018-05-19
6410,Mary,Smith,Other,stephaniesmith@example.com,(521)326-8411x786,Sweden,Berlin,Bronze,2018-05-07
6411,Stephanie,Atkinson,Female,danny30@example.org,+91-2378954161,India,Vijayawada,Bronze,2021-11-27
6412,Brandi,Bennett,Other,calvinperkins@example.org,+91-5647697318,India,Kochi,Gold,2016-03-27
6413,Amanda,Woodward,Female,cookjennifer@example.net,+91-5928568928,India,Vijayawada,Silver,2023-09-29
6414,Lindsey,Anderson,Female,robertbailey@example.org,+91-651294739,India,Thiruvananthapuram,Gold,2018-06-16
6415,Paige,Heath,Other,juan23@example.net,+91-648280188,India,Kochi,Gold,2021-12-24
6416,Mckenzie,Ramsey,Male,cassiegonzalez@example.com,+91-5064616317,India,Vijayawada,Bronze,2016-05-07
6417,Michael,Schroeder,Female,phillipchristian@example.net,+91-4548649285,India,Visakhapatnam,Gold,2016-07-07
6418,Heather,Davidson,Other,audrey79@example.net,001-692-468-9537,Slovakia (Slovak Republic),London,Gold,2018-06-02
6419,Steven,Cook,Male,patriciaherrera@example.org,+91-1044118851,India,Coimbatore,Silver,2020-10-29
6420,Deborah,Harris,Other,savannahcollins@example.org,+91-8517200981,India,Visakhapatnam,Gold,2023-11-09
6421,Lisa,Bowen,Male,deborahthompson@example.org,+91-7838158365,India,Visakhapatnam,Silver,2015-07-18
6422,Rick,Taylor,Other,christyweaver@example.net,+91-6299127730,India,Chennai,Bronze,2017-03-02
6423,Mitchell,Kennedy,Male,kingcory@example.org,+91-9199029630,India,Coimbatore,Bronze,2015-09-02
6424,Glenn,Avery,Other,acaldwell@example.net,+91-6996517723,India,Kochi,Silver,2016-08-05
6425,Jennifer,Wolf,Other,teresa67@example.com,+91-3355233108,India,Coimbatore,Gold,2021-08-19
6426,Ashley,Hill,Other,jswanson@example.net,+91-4024214456,India,Chennai,Bronze,2023-08-29
6427,Arthur,Lewis,Other,zanderson@example.org,+91-5450361950,India,Bangalore,Bronze,2021-04-21
6428,Jessica,Parker,Female,angelicadavis@example.com,+91-8456671176,India,Visakhapatnam,Gold,2021-01-04
6429,Matthew,Hickman,Female,timothy18@example.net,517-430-3479,Romania,Singapore,Bronze,2019-09-25
6430,Lisa,Herrera,Male,jeffreysnyder@example.org,+91-3221631558,India,Thiruvananthapuram,Bronze,2016-02-20
6431,Mark,Shea,Female,angelatodd@example.net,+91-4552448969,India,Visakhapatnam,Silver,2025-04-02
6432,Kathleen,Wilson,Male,calderonmary@example.org,+91-8973764665,India,Chennai,Bronze,2018-11-23
6433,Robert,Dunlap,Female,jonesderek@example.com,+91-6115039771,India,Kochi,Bronze,2022-01-06
6434,Shari,Wheeler,Male,elizabethjones@example.org,+91-438763785,India,Kochi,Gold,2017-04-19
6435,Kristen,Marks,Other,zzhang@example.com,+91-1672126552,India,Hyderabad,Gold,2019-12-23
6436,Joshua,Vaughn,Other,kweaver@example.org,+91-686358920,India,Thiruvananthapuram,Gold,2019-09-09
6437,Samantha,Mason,Other,daviswendy@example.com,+91-4826076424,India,Bangalore,Silver,2018-04-02
6438,Luis,Duran,Male,jessica59@example.org,+91-3203489335,India,Kochi,Platinum,2021-03-21
6439,Derrick,Richardson,Female,rhondazuniga@example.org,+91-4536635336,India,Mysore,Bronze,2020-03-15
6440,Tommy,Salinas,Male,virwin@example.net,+91-1841854104,India,Bangalore,Bronze,2024-10-12
6441,Amanda,Brown,Other,josephjackson@example.org,+91-617883540,India,Thiruvananthapuram,Silver,2023-02-01
6442,Mark,Berry,Male,ramirezmelissa@example.com,+91-6286686932,India,Thiruvananthapuram,Platinum,2017-06-28
6443,Amanda,Moore,Male,sparkstiffany@example.com,225-579-0164,Argentina,Berlin,Bronze,2018-01-10
6444,Eduardo,King,Other,lsmith@example.org,+91-7297542090,India,Coimbatore,Bronze,2018-08-09
6445,Rebecca,Lutz,Other,hernandezevelyn@example.org,+91-9025838699,India,Visakhapatnam,Silver,2020-07-12
6446,Bryan,Flores,Male,gardnerjeffrey@example.com,+91-4420572747,India,Coimbatore,Gold,2018-06-27
6447,Raymond,Church,Other,everetttyrone@example.net,+91-9650521957,India,Thiruvananthapuram,Silver,2019-05-10
6448,Courtney,Johnson,Male,martin73@example.org,+91-4999622670,India,Bangalore,Bronze,2019-04-28
6449,Heather,Holder,Other,daniel47@example.org,001-818-276-5829x766,Cook Islands,Paris,Silver,2019-03-11
6450,Brendan,Hopkins,Female,ginachurch@example.com,+91-4070277261,India,Coimbatore,Silver,2016-10-08
6451,Cynthia,Willis,Male,jeremyleonard@example.org,6136431266,Sweden,Dubai,Bronze,2024-09-10
6452,John,Fields,Other,heather53@example.com,+91-624703836,India,Madurai,Silver,2017-11-29
6453,Doris,Mcclain,Male,tina88@example.org,+91-7626829617,India,Mysore,Bronze,2016-08-25
6454,Susan,Cruz,Male,theresahudson@example.com,+91-207224063,India,Kochi,Bronze,2024-03-31
6455,Mariah,Lawrence,Female,robertmorgan@example.org,+91-9937949328,India,Bangalore,Silver,2016-07-01
6456,Jake,Tate,Male,stevensmary@example.com,+91-9277329680,India,Mysore,Platinum,2022-03-28
6457,Christopher,Johnston,Other,katie07@example.net,+91-2115869199,India,Madurai,Silver,2018-03-11
6458,Scott,Miller,Female,mendozakenneth@example.com,+91-6222250349,India,Vijayawada,Gold,2024-12-21
6459,Steven,Page,Female,danielmcdonald@example.net,+91-2756253154,India,Bangalore,Silver,2023-04-10
6460,Daniel,Blackburn,Other,nicholasellis@example.org,652.327.6893x9544,France,Los Angeles,Silver,2023-08-19
6461,Angela,Morton,Female,bellmatthew@example.org,+91-5995370273,India,Chennai,Platinum,2017-04-12
6462,Christopher,Robinson,Male,codyjenkins@example.net,+91-6855904439,India,Hyderabad,Silver,2017-05-14
6463,Justin,Gaines,Male,juliesilva@example.org,+91-9096479419,India,Thiruvananthapuram,Gold,2018-03-26
6464,Shannon,Burton,Male,kimkatherine@example.org,+91-1506810740,India,Kochi,Platinum,2017-09-26
6465,Barbara,Cardenas,Male,richardjones@example.net,+91-9229462571,India,Bangalore,Bronze,2020-10-29
6466,Jonathan,Campbell,Female,marc23@example.com,+91-9475527113,India,Mysore,Gold,2020-04-06
6467,Anne,Atkins,Male,vlittle@example.net,+91-7732715506,India,Coimbatore,Bronze,2023-01-20
6468,Timothy,Martinez,Other,wellis@example.net,+91-2154105032,India,Visakhapatnam,Bronze,2020-01-13
6469,Jo,Brown,Female,gknox@example.net,+91-5776826101,India,Kochi,Silver,2017-07-12
6470,Jonathan,Brown,Other,zsmith@example.org,9457465220,Algeria,Berlin,Bronze,2023-02-17
6471,Sandra,Johnson,Other,kelliott@example.com,+91-3590048891,India,Bangalore,Gold,2023-12-09
6472,Daniel,Smith,Female,jimmy51@example.org,(308)482-1235x885,Cyprus,Paris,Bronze,2025-03-03
6473,Christy,Serrano,Female,robert97@example.net,+91-3398042826,India,Thiruvananthapuram,Silver,2021-12-02
6474,Jonathan,Choi,Female,scottkevin@example.com,+91-8766661662,India,Mysore,Bronze,2021-09-12
6475,Joshua,Gonzalez,Male,amberschwartz@example.org,+91-2748339872,India,Hyderabad,Bronze,2024-08-16
6476,Manuel,Bridges,Male,ronald57@example.com,+91-6581845670,India,Hyderabad,Bronze,2019-10-02
6477,Shannon,Morgan,Other,wbutler@example.net,+91-6078247897,India,Mysore,Gold,2017-07-17
6478,Stephen,Miller,Female,huangbradley@example.net,+91-8956366686,India,Vijayawada,Platinum,2022-08-12
6479,Cynthia,Ferguson,Female,george28@example.org,+91-8950648489,India,Mysore,Bronze,2018-12-08
6480,Crystal,Lopez,Other,shelleyperez@example.org,+91-1807941961,India,Madurai,Bronze,2020-08-24
6481,Richard,Hopkins,Male,stephen66@example.net,+91-1837692702,India,Visakhapatnam,Gold,2016-04-25
6482,Joseph,Johns,Male,jon17@example.net,+91-9098444417,India,Hyderabad,Bronze,2015-12-03
6483,Michael,Martinez,Other,rachel37@example.com,+91-8894034976,India,Coimbatore,Bronze,2018-10-15
6484,Robert,Turner,Male,qdaniels@example.com,+91-2065578279,India,Coimbatore,Bronze,2015-08-28
6485,Andrew,Wilson,Male,laurencurry@example.net,+91-4284021915,India,Mysore,Platinum,2025-04-07
6486,Bonnie,Weeks,Female,theresawilliams@example.com,+91-4589965105,India,Visakhapatnam,Silver,2025-03-26
6487,Devon,Green,Male,fordlaurie@example.org,+91-2654173086,India,Coimbatore,Silver,2025-01-18
6488,Debra,Soto,Male,pbaker@example.com,(660)371-2650x8686,French Southern Territories,Tokyo,Bronze,2017-11-24
6489,Anthony,Johnson,Other,michaelayers@example.org,+91-211954237,India,Mysore,Silver,2019-11-20
6490,Sarah,King,Male,danielle91@example.org,+91-2529177957,India,Visakhapatnam,Gold,2024-03-01
6491,John,Owens,Male,butlerjennifer@example.net,2012054051,Guatemala,Los Angeles,Bronze,2016-10-19
6492,Michelle,Ramirez,Other,wrightmark@example.org,+91-7544437017,India,Kochi,Platinum,2018-12-15
6493,Destiny,Oliver,Male,alison82@example.com,+91-6984267654,India,Hyderabad,Gold,2016-03-19
6494,Elizabeth,Gallagher,Other,duncaneric@example.com,2673151674,Honduras,London,Silver,2018-04-14
6495,Tyrone,Garrett,Male,gabriela02@example.org,+91-7587545331,India,Vijayawada,Platinum,2022-10-06
6496,David,Russo,Male,griffithmercedes@example.net,+91-9156505863,India,Vijayawada,Silver,2022-05-02
6497,Joshua,Jones,Other,elliottsarah@example.org,+91-4178684319,India,Visakhapatnam,Gold,2024-10-20
6498,Johnny,Harris,Other,seanenglish@example.net,+91-1646801957,India,Visakhapatnam,Gold,2018-09-23
6499,Edward,Scott,Male,jason09@example.com,+91-603437052,India,Visakhapatnam,Platinum,2024-05-12
6500,Debra,Wong,Male,drew61@example.org,+91-3106219580,India,Visakhapatnam,Bronze,2019-02-11
6501,Alicia,Robinson,Male,heathercampbell@example.org,+91-4256159762,India,Hyderabad,Silver,2023-07-29
6502,Tiffany,Cook,Male,moorekevin@example.org,001-491-544-8360x72421,Greenland,New York,Bronze,2023-03-20
6503,Craig,Crawford,Male,danielmartin@example.net,001-722-259-4082x795,Montenegro,Los Angeles,Silver,2021-07-30
6504,Makayla,Mathis,Male,tdunn@example.org,397.758.6625,Heard Island and McDonald Islands,Los Angeles,Silver,2024-01-27
6505,Jessica,Pratt,Female,timothyrios@example.com,+91-5150171517,India,Vijayawada,Bronze,2015-07-22
6506,David,Bailey,Male,escobarjacqueline@example.com,+91-4267000060,India,Kochi,Bronze,2016-09-23
6507,Melissa,Anderson,Other,lisabutler@example.net,+1-403-707-1192x022,Netherlands Antilles,Toronto,Silver,2016-08-26
6508,Christine,Rodriguez,Other,wangjanice@example.org,606.439.9393x12433,Kuwait,Berlin,Bronze,2018-09-30
6509,Judy,Bond,Female,howardkelly@example.net,+91-1030621826,India,Vijayawada,Gold,2024-11-25
6510,Larry,Schroeder,Female,ispencer@example.net,948-301-2448x25175,Gibraltar,Los Angeles,Platinum,2020-02-03
6511,Anthony,Castillo,Other,joshuacox@example.org,+91-7288423877,India,Coimbatore,Silver,2020-06-11
6512,Christopher,Smith,Male,imurray@example.com,+91-7831372575,India,Vijayawada,Bronze,2023-07-03
6513,Jacob,Goodwin,Male,huberchristine@example.com,+91-1688680328,India,Chennai,Silver,2023-03-09
6514,Amy,Burgess,Male,ygreen@example.org,+91-7478524816,India,Hyderabad,Bronze,2019-04-11
6515,Anna,Martinez,Other,tramirez@example.com,+91-2532748561,India,Bangalore,Gold,2022-12-03
6516,Sandra,Jones,Male,samuelmorales@example.org,+91-3490342465,India,Kochi,Bronze,2019-02-13
6517,Anthony,Stark,Male,obrienpamela@example.com,+91-9703081857,India,Vijayawada,Bronze,2022-05-19
6518,Paul,King,Female,tdavis@example.org,+91-1487074187,India,Bangalore,Gold,2017-06-18
6519,Robert,Arias,Male,geraldthomas@example.net,+91-5993092462,India,Mysore,Gold,2019-04-11
6520,Michael,Wyatt,Female,riversjessica@example.net,727.627.4619,Nepal,London,Silver,2021-09-08
6521,Nicole,Garner,Male,matthew55@example.org,+91-4731830834,India,Vijayawada,Bronze,2022-11-13
6522,Jeffrey,Fleming,Male,jesse87@example.com,+91-7516305891,India,Coimbatore,Bronze,2016-09-10
6523,Terri,Lambert,Male,rwood@example.com,+91-2408189206,India,Chennai,Bronze,2020-06-12
6524,Randy,Smith,Other,andrea58@example.com,(592)577-8120x464,Latvia,Paris,Silver,2024-01-17
6525,Tiffany,Mccoy,Other,youngdeborah@example.org,+91-2887686619,India,Chennai,Bronze,2016-03-11
6526,Richard,Morris,Other,nicholas88@example.com,+91-7425166805,India,Mysore,Silver,2019-03-14
6527,Ryan,Guerrero,Other,joseph46@example.org,+91-8175022976,India,Hyderabad,Silver,2016-06-18
6528,Jasmine,Rollins,Other,kristin29@example.com,+91-1994679434,India,Vijayawada,Platinum,2024-02-01
6529,Joseph,Rodriguez,Female,rebecca38@example.com,662.533.9991,Romania,Sydney,Gold,2022-03-30
6530,Robert,Lewis,Male,hoffmanjoseph@example.net,+91-3272499718,India,Visakhapatnam,Platinum,2023-05-20
6531,Anthony,Rivera,Male,floressteven@example.org,+91-6193027376,India,Kochi,Bronze,2022-11-21
6532,Jessica,Kelley,Female,briggs@example.com,+1-534-334-3658x19329,Montserrat,Toronto,Silver,2020-05-21
6533,Jacqueline,Black,Other,stephaniemiller@example.com,001-585-911-3763,Saint Helena,New York,Silver,2015-10-06
6534,Brent,Mcneil,Male,vernon97@example.com,+91-2321462181,India,Visakhapatnam,Platinum,2016-06-16
6535,Audrey,Lopez,Male,williambrady@example.net,+91-4699425771,India,Chennai,Silver,2022-03-15
6536,Jennifer,Lee,Female,jessica22@example.com,+91-6406018932,India,Visakhapatnam,Bronze,2019-06-01
6537,Julie,Duke,Other,vrich@example.org,+1-776-975-1791,American Samoa,New York,Silver,2019-05-23
6538,George,Hunter,Male,davidprince@example.org,(958)646-5532x41658,Samoa,Los Angeles,Silver,2022-07-01
6539,Gary,Phillips,Male,hcarr@example.org,4127697681,Swaziland,Toronto,Silver,2019-12-11
6540,Shannon,Rivas,Male,timothy31@example.com,+91-9609158731,India,Kochi,Gold,2025-03-29
6541,Sandra,Patel,Male,candicelopez@example.org,+91-4778774379,India,Coimbatore,Gold,2016-01-17
6542,Brian,Moran,Other,jennifer46@example.net,3408988347,Russian Federation,Singapore,Silver,2022-04-01
6543,Kevin,Castro,Male,rflores@example.com,+91-8863990716,India,Madurai,Silver,2022-10-28
6544,Amber,Brown,Other,malvarez@example.org,+91-1906049808,India,Coimbatore,Gold,2024-07-31
6545,Joseph,Harris,Female,taylorphillips@example.com,+91-7398082075,India,Kochi,Silver,2021-08-05
6546,Andrea,Schneider,Other,gregory39@example.org,+1-749-992-1838,Senegal,Berlin,Silver,2017-04-18
6547,Michael,Hall,Female,jlara@example.net,+91-2073786734,India,Coimbatore,Gold,2017-09-21
6548,Jason,Jackson,Male,ashley59@example.org,001-323-813-8101,Netherlands Antilles,Los Angeles,Silver,2019-03-14
6549,Ronald,Silva,Male,donald25@example.org,001-413-956-0738,Brunei Darussalam,New York,Bronze,2018-04-21
6550,Benjamin,Wood,Female,kevinthompson@example.org,+91-9151222408,India,Bangalore,Gold,2021-05-22
6551,Maria,Miller,Female,hayleysantos@example.net,+91-920489280,India,Thiruvananthapuram,Platinum,2022-01-17
6552,Elizabeth,Fox,Female,josephdavis@example.net,(495)989-7654,Palau,London,Gold,2018-03-13
6553,Timothy,Figueroa,Other,joshuadean@example.com,+91-8391967400,India,Visakhapatnam,Silver,2020-12-13
6554,Ronald,Cordova,Female,aaronreeves@example.org,9065274348,Slovenia,Los Angeles,Gold,2018-06-12
6555,Peter,Rosales,Other,savagemary@example.org,+1-806-519-6625x430,Somalia,Sydney,Silver,2022-04-05
6556,Joshua,Weber,Other,vburns@example.net,+91-8221581155,India,Chennai,Gold,2016-05-19
6557,Joseph,Carrillo,Male,emiles@example.net,+1-764-949-2896,Northern Mariana Islands,Berlin,Silver,2016-09-28
6558,Stephanie,Long,Female,annwood@example.com,+91-9091157222,India,Thiruvananthapuram,Platinum,2024-04-19
6559,Melissa,Robertson,Female,arthur98@example.com,+91-8562932144,India,Bangalore,Bronze,2019-08-03
6560,Margaret,Deleon,Female,taylorfischer@example.net,(510)479-4923x63914,Tanzania,Berlin,Gold,2024-07-22
6561,Latoya,Jones,Other,irobinson@example.com,(951)904-8591x522,Saint Helena,Paris,Platinum,2016-11-28
6562,Nancy,Bryant,Other,matthew94@example.org,+91-2111725360,India,Kochi,Platinum,2016-09-14
6563,Joshua,Robertson,Female,simmonshannah@example.com,+91-5753610851,India,Hyderabad,Silver,2024-04-23
6564,Amy,Newton,Other,uortega@example.org,+91-5954284792,India,Kochi,Bronze,2025-01-12
6565,Robert,Hayes,Other,michaelmccullough@example.net,+91-8358288046,India,Bangalore,Silver,2017-07-29
6566,Edwin,Foster,Male,agibbs@example.org,802.776.1518x6320,Costa Rica,Singapore,Gold,2025-04-08
6567,Tammy,Anderson,Female,amber02@example.com,+91-1535773443,India,Visakhapatnam,Gold,2024-11-12
6568,Isaac,Chavez,Female,reneeburke@example.com,+91-3054447081,India,Mysore,Silver,2023-03-20
6569,Deborah,Guzman,Female,madisonsweeney@example.org,+91-3931117873,India,Coimbatore,Bronze,2018-08-01
6570,Caitlyn,Johnson,Male,robertahoward@example.com,+91-4751430005,India,Visakhapatnam,Bronze,2016-08-26
6571,Paula,Dennis,Female,gmurray@example.com,+91-6958988045,India,Bangalore,Gold,2018-01-02
6572,Billy,Mitchell,Other,amynunez@example.org,+91-3087994919,India,Hyderabad,Platinum,2019-11-01
6573,Billy,Ryan,Other,xturner@example.com,001-945-328-5005x573,Falkland Islands (Malvinas),Dubai,Silver,2015-12-23
6574,Mark,Cunningham,Female,martinluis@example.com,(704)469-0050,Greenland,Sydney,Gold,2017-04-07
6575,Angelica,Reid,Female,paulboyd@example.com,+91-7009130165,India,Coimbatore,Gold,2020-06-19
6576,Regina,Fuller,Female,goodgregory@example.com,+91-5171870610,India,Bangalore,Gold,2019-06-27
6577,Stephen,Acosta,Other,fullerbryan@example.com,+91-528239324,India,Madurai,Gold,2024-06-02
6578,Jennifer,Webb,Male,sarahcole@example.org,+91-4128416537,India,Mysore,Bronze,2023-06-09
6579,Jesus,Kelly,Male,michaelallison@example.net,+91-5721669962,India,Thiruvananthapuram,Bronze,2020-01-12
6580,Sean,Marquez,Male,angelablack@example.net,+1-423-707-6151,French Polynesia,Toronto,Silver,2018-09-23
6581,Alison,Watkins,Female,richard27@example.org,+91-6858250161,India,Kochi,Bronze,2018-09-26
6582,Amy,Stone,Female,sandracampos@example.org,+91-8284272353,India,Kochi,Bronze,2025-02-21
6583,Luis,Andrews,Female,rporter@example.org,+91-200641279,India,Bangalore,Silver,2015-08-03
6584,Barry,Pugh,Male,heathermay@example.com,+91-8745408567,India,Chennai,Silver,2019-09-26
6585,Joshua,Hobbs,Other,vegamatthew@example.net,+91-8163392096,India,Thiruvananthapuram,Gold,2022-12-29
6586,Stacey,Edwards,Female,datkinson@example.org,+91-4728758331,India,Kochi,Bronze,2021-07-13
6587,Brianna,Bartlett,Male,martinezchristina@example.com,(229)917-6844x605,Madagascar,Berlin,Bronze,2016-09-14
6588,Lindsay,Moore,Female,williamsonjessica@example.org,345.249.1123,Guatemala,Tokyo,Platinum,2017-04-20
6589,Julia,Valencia,Female,cthompson@example.net,+91-5820381226,India,Bangalore,Gold,2018-01-06
6590,Ronald,Melendez,Male,oharris@example.org,6835676305,Christmas Island,Dubai,Bronze,2021-06-18
6591,Robin,Smith,Female,xedwards@example.com,+91-5719405258,India,Kochi,Bronze,2018-12-09
6592,Timothy,Tucker,Other,xchristian@example.com,366-539-7992,South Africa,London,Bronze,2022-03-10
6593,Jennifer,Pace,Female,irichards@example.com,+91-6641580613,India,Vijayawada,Bronze,2020-12-20
6594,Marissa,Andrade,Other,wespinoza@example.org,+91-5936818038,India,Thiruvananthapuram,Silver,2022-01-20
6595,Michael,Griffin,Female,owensjacqueline@example.net,+91-4752349518,India,Visakhapatnam,Bronze,2023-06-04
6596,Barbara,Bennett,Other,adamsjohn@example.org,+91-297054733,India,Coimbatore,Bronze,2022-06-15
6597,Elizabeth,Krueger,Male,johnsmax@example.com,+91-803184984,India,Bangalore,Gold,2024-05-04
6598,Christopher,Anderson,Female,jordanmichelle@example.org,+91-8198834760,India,Kochi,Silver,2025-01-31
6599,Karen,Kelly,Male,ibrown@example.com,+91-3148417514,India,Thiruvananthapuram,Bronze,2015-07-11
6600,Jamie,Aguilar,Other,jaredroberts@example.org,+91-8527395630,India,Madurai,Bronze,2016-03-09
6601,Kelly,Joseph,Female,nguyencrystal@example.net,+91-965227320,India,Coimbatore,Bronze,2017-09-24
6602,Barbara,Stewart,Female,samuelwilson@example.org,+91-7389932582,India,Coimbatore,Gold,2015-09-21
6603,Margaret,Valdez,Male,andrew60@example.net,+91-9895117744,India,Madurai,Bronze,2018-08-12
6604,Cynthia,Andrews,Other,thomascompton@example.org,246.556.2110x44223,Serbia,Los Angeles,Bronze,2021-09-22
6605,Chris,Walters,Other,bmueller@example.org,+91-2592703628,India,Mysore,Bronze,2019-02-02
6606,Valerie,Morris,Female,williamsalas@example.com,+91-7121993487,India,Hyderabad,Silver,2022-05-08
6607,Robert,Lane,Female,julie49@example.net,+91-6790412385,India,Coimbatore,Silver,2016-07-12
6608,Mark,Valdez,Other,eburgess@example.com,+91-7913200203,India,Coimbatore,Platinum,2023-11-30
6609,Jessica,Hicks,Male,taylor62@example.net,+91-9633635920,India,Vijayawada,Gold,2015-12-24
6610,Carl,Bowers,Female,atorres@example.com,(354)675-2636,Faroe Islands,Toronto,Bronze,2019-12-18
6611,Andrew,Roberts,Male,carrie07@example.net,+91-8244379649,India,Madurai,Gold,2022-01-05
6612,Victor,Rodriguez,Male,joshua79@example.com,+91-9669004311,India,Vijayawada,Gold,2015-12-08
6613,Lisa,Hampton,Male,scott72@example.net,+91-477945004,India,Thiruvananthapuram,Gold,2024-11-12
6614,Ashley,White,Other,tiffanycline@example.net,+91-9971755677,India,Bangalore,Bronze,2019-08-25
6615,David,Krause,Male,parkerjoseph@example.com,+91-6939129022,India,Vijayawada,Silver,2020-03-13
6616,Charles,Miller,Male,georgemalone@example.org,+91-9980194427,India,Mysore,Bronze,2015-05-09
6617,Amanda,Taylor,Other,becky43@example.org,781.557.3936x98083,Tajikistan,Singapore,Platinum,2022-07-25
6618,Jennifer,Leach,Female,stewartaaron@example.org,+91-9310410157,India,Coimbatore,Platinum,2019-12-26
6619,Sierra,Chandler,Other,mccartywanda@example.com,(323)462-0627x614,Cuba,New York,Bronze,2020-12-04
6620,David,Mason,Other,llee@example.com,+91-4856319648,India,Chennai,Platinum,2024-04-20
6621,Susan,Mitchell,Female,williamhammond@example.com,+91-5184860134,India,Hyderabad,Bronze,2023-09-06
6622,Sarah,Cole,Female,dukedeborah@example.com,+91-6440923075,India,Vijayawada,Platinum,2018-09-08
6623,Michelle,Wilson,Male,wreeves@example.org,+91-9602492823,India,Bangalore,Bronze,2018-07-02
6624,Gerald,Wolf,Other,jerryhopkins@example.org,+91-401990010,India,Bangalore,Platinum,2025-03-01
6625,Mark,Estes,Female,ruizjack@example.net,+91-5181545339,India,Thiruvananthapuram,Silver,2019-08-28
6626,John,Pace,Other,nathan21@example.com,901-247-5372,Togo,Paris,Bronze,2021-07-27
6627,Philip,Perry,Male,perezlori@example.org,+91-5403809099,India,Mysore,Gold,2022-02-19
6628,Barry,White,Other,athompson@example.net,+91-8145421061,India,Coimbatore,Silver,2024-12-17
6629,Matthew,Evans,Other,tevans@example.net,+91-800941332,India,Hyderabad,Gold,2018-03-13
6630,Richard,Lewis,Male,elizabethhernandez@example.org,+91-283989320,India,Madurai,Silver,2022-03-16
6631,Mary,Bowman,Female,aguilarmorgan@example.net,+91-260141757,India,Madurai,Bronze,2019-11-23
6632,William,Rocha,Female,marilyndiaz@example.net,+91-1574827748,India,Bangalore,Gold,2019-09-14
6633,Angela,Pena,Female,robinsonryan@example.com,+91-9895470681,India,Chennai,Bronze,2017-06-21
6634,Sarah,Mcfarland,Female,benjaminmoody@example.com,+91-4732060997,India,Vijayawada,Bronze,2020-07-22
6635,Geoffrey,Cooper,Other,wstone@example.net,+91-5790640240,India,Visakhapatnam,Bronze,2021-09-11
6636,Robert,Mitchell,Male,rachel01@example.com,739.861.6570,Cocos (Keeling) Islands,Singapore,Bronze,2021-07-16
6637,Tristan,Garcia,Other,thomascooper@example.org,+91-1912441896,India,Madurai,Bronze,2024-10-16
6638,Ronnie,Price,Other,hooperrichard@example.org,+91-5369014947,India,Chennai,Bronze,2024-02-19
6639,Jennifer,Kim,Other,bryanmullins@example.com,+91-6165703708,India,Hyderabad,Silver,2023-06-01
6640,Joshua,Ellis,Male,lauren68@example.com,+91-9649584001,India,Hyderabad,Bronze,2024-08-14
6641,Michael,Stone,Other,melissa89@example.net,943-344-2590x073,Grenada,Berlin,Bronze,2015-06-23
6642,Keith,Gordon,Other,amy03@example.net,+91-9436407792,India,Madurai,Platinum,2021-01-02
6643,Brian,Carter,Male,steven22@example.net,393.394.8083,Cocos (Keeling) Islands,Tokyo,Silver,2018-10-18
6644,Jason,Paul,Other,david06@example.org,+91-9422414964,India,Vijayawada,Silver,2016-05-07
6645,Crystal,Freeman,Male,derekjones@example.net,+91-7733973976,India,Chennai,Gold,2015-07-31
6646,James,Berry,Female,sanderssavannah@example.net,+91-5870995596,India,Mysore,Silver,2015-12-29
6647,Wendy,Smith,Female,jpetty@example.com,+91-4221759399,India,Coimbatore,Gold,2022-09-03
6648,Kim,Castillo,Male,annettebrock@example.com,+91-9512822249,India,Bangalore,Silver,2018-05-16
6649,Deborah,Wiggins,Other,samantha36@example.org,775.351.9488x4726,Eritrea,Toronto,Bronze,2022-05-18
6650,Paul,Jefferson,Female,jenniferfarrell@example.com,+91-1183968385,India,Bangalore,Bronze,2022-06-25
6651,Steven,Moran,Other,ltravis@example.org,+91-2944196496,India,Chennai,Gold,2025-03-07
6652,Gloria,Jones,Other,kevin58@example.com,227-681-8078,Cameroon,New York,Platinum,2020-06-25
6653,Jessica,Carpenter,Female,nicole56@example.com,+91-6764837634,India,Mysore,Silver,2025-01-24
6654,Dustin,Hughes,Other,stevensondominic@example.org,+91-2111076137,India,Bangalore,Silver,2019-10-27
6655,Andrew,Santana,Other,rogersedward@example.net,+91-3952874927,India,Bangalore,Gold,2015-07-30
6656,Craig,Schmidt,Other,ihansen@example.org,+91-2213324321,India,Chennai,Silver,2020-09-24
6657,Allison,Turner,Male,campbellvictor@example.com,+91-7045073823,India,Madurai,Bronze,2023-01-26
6658,Antonio,Rodriguez,Female,joseph80@example.net,+91-3553160024,India,Mysore,Bronze,2017-01-14
6659,Mitchell,Thomas,Female,kreed@example.org,+91-8641583193,India,Coimbatore,Silver,2016-04-08
6660,Richard,Young,Female,georgegibson@example.com,+91-2625023628,India,Visakhapatnam,Silver,2015-10-28
6661,Darius,Murphy,Other,brian72@example.net,+91-5966304600,India,Vijayawada,Silver,2019-12-02
6662,Annette,Bray,Female,tammylee@example.org,4852540350,North Macedonia,Toronto,Platinum,2025-02-04
6663,Angela,Rodriguez,Male,carolwalsh@example.com,+91-9730698464,India,Chennai,Silver,2022-05-02
6664,Mario,Cooper,Female,roblesblake@example.com,+91-4991724621,India,Thiruvananthapuram,Bronze,2015-10-10
6665,Emma,Smith,Other,courtney88@example.org,+91-459698164,India,Visakhapatnam,Gold,2024-06-29
6666,Jennifer,Murphy,Other,connoresparza@example.org,+91-2207872274,India,Coimbatore,Silver,2021-12-11
6667,Christopher,Hester,Other,christopher68@example.com,+91-5991650714,India,Chennai,Gold,2020-03-18
6668,Angela,Chandler,Female,erin41@example.net,+91-6469008941,India,Bangalore,Bronze,2024-11-26
6669,Melinda,Mason,Other,dunnbrandy@example.com,+91-7371805969,India,Kochi,Bronze,2022-07-08
6670,Jacob,Farrell,Other,moorejoe@example.com,+91-1009759473,India,Thiruvananthapuram,Platinum,2024-05-27
6671,Jessica,Smith,Female,hammondpaul@example.org,001-264-603-4142x896,Palau,Singapore,Bronze,2023-05-07
6672,Lorraine,Garcia,Female,nelsonjoe@example.org,341-539-1100x5963,Madagascar,Paris,Silver,2021-04-20
6673,Cynthia,Baker,Other,amber25@example.com,+91-5648087081,India,Madurai,Bronze,2024-02-13
6674,Donald,Palmer,Male,bfoster@example.com,+91-5593684099,India,Visakhapatnam,Bronze,2016-08-25
6675,April,Espinoza,Female,starkpaul@example.net,+91-6286993345,India,Madurai,Bronze,2019-11-25
6676,Tabitha,Velasquez,Female,jennifer43@example.com,+91-7780991966,India,Madurai,Silver,2016-02-04
6677,Allen,Herrera,Male,johnrollins@example.net,+91-4977894201,India,Kochi,Silver,2017-10-13
6678,Jose,Carter,Other,newmansergio@example.org,370-712-6261,Palau,Dubai,Bronze,2024-04-08
6679,Jamie,Boone,Female,pattersonlawrence@example.org,+91-2127596411,India,Bangalore,Silver,2019-03-10
6680,Robert,Gray,Female,loretta24@example.com,+91-4029682158,India,Thiruvananthapuram,Silver,2016-08-02
6681,Elizabeth,Levine,Other,hroberts@example.org,+91-209414732,India,Hyderabad,Silver,2019-02-10
6682,Thomas,Williams,Male,vmorgan@example.net,+91-1441149062,India,Chennai,Silver,2021-11-01
6683,Tyrone,Moody,Male,travisgutierrez@example.net,+1-748-494-5314,Central African Republic,New York,Gold,2018-08-30
6684,Susan,Douglas,Other,deborah23@example.org,+91-3576222424,India,Coimbatore,Silver,2020-01-01
6685,David,Hall,Other,kaitlyn02@example.org,+91-4898520732,India,Thiruvananthapuram,Bronze,2017-05-17
6686,Joshua,Sanchez,Female,jonathan57@example.com,+91-8108893297,India,Hyderabad,Gold,2020-05-09
6687,Tammy,Adams,Female,johnsonalyssa@example.com,914-237-6008,Algeria,New York,Gold,2025-04-05
6688,Bruce,Johnson,Other,lcarroll@example.org,+91-4460438980,India,Mysore,Bronze,2023-03-23
6689,Sarah,Phillips,Male,leonard77@example.net,+91-7153023597,India,Madurai,Bronze,2022-01-07
6690,Michelle,Proctor,Other,waltersgabrielle@example.net,+91-6869968907,India,Kochi,Bronze,2024-07-19
6691,Elijah,Floyd,Female,jenniferflowers@example.net,+91-5803679568,India,Kochi,Silver,2020-08-03
6692,Karen,Ramos,Female,pricebrenda@example.org,+91-1026896485,India,Chennai,Gold,2021-06-13
6693,Matthew,Espinoza,Female,elizabeth65@example.org,+91-3330056298,India,Vijayawada,Bronze,2019-02-21
6694,Andrew,Hernandez,Female,ginaweeks@example.com,+91-9526698387,India,Mysore,Bronze,2024-01-06
6695,Jamie,Daniels,Male,adiaz@example.org,789-659-3491,Yemen,Paris,Bronze,2024-07-31
6696,Denise,Lambert,Other,pgibson@example.net,+91-6876052587,India,Madurai,Bronze,2017-01-04
6697,Sarah,Chandler,Male,morrisonjustin@example.org,+91-6548007554,India,Madurai,Silver,2021-07-06
6698,Jared,Gamble,Other,april74@example.org,+91-7517307534,India,Visakhapatnam,Bronze,2020-04-05
6699,Jonathan,Lin,Other,kennedyjustin@example.com,+91-8878440421,India,Thiruvananthapuram,Silver,2020-03-27
6700,Todd,Hancock,Female,buckleybenjamin@example.org,+91-9531722004,India,Vijayawada,Silver,2022-09-30
6701,Charlene,Meyers,Other,vanceemily@example.net,+91-9547357208,India,Vijayawada,Silver,2017-05-08
6702,Grace,Reyes,Male,collinsheidi@example.org,+91-3154718699,India,Chennai,Gold,2021-09-01
6703,Margaret,Young,Female,ujackson@example.com,(661)395-3495,Svalbard & Jan Mayen Islands,Singapore,Silver,2018-04-07
6704,Christopher,Jones,Other,rpatel@example.org,+91-5042358832,India,Kochi,Silver,2018-07-16
6705,Marilyn,Castillo,Female,jonathan52@example.net,+91-402012196,India,Chennai,Bronze,2023-08-22
6706,Heather,Collins,Male,lisabrown@example.com,+91-6713765319,India,Mysore,Platinum,2020-09-20
6707,Larry,Hoffman,Other,shari80@example.net,+91-3052463714,India,Madurai,Bronze,2022-05-01
6708,Paul,Whitaker,Other,thorntoncindy@example.org,(996)808-2692,Belarus,Paris,Silver,2018-10-04
6709,Nicholas,Patton,Other,qcraig@example.org,+91-569790839,India,Coimbatore,Platinum,2025-04-03
6710,Sarah,Durham,Female,dhansen@example.com,+91-3198383276,India,Bangalore,Gold,2015-10-05
6711,Kenneth,Martin,Male,dominiquenelson@example.net,+91-2856547203,India,Mysore,Gold,2023-06-27
6712,Judy,Hogan,Female,jasonwilliams@example.org,+91-7172463972,India,Thiruvananthapuram,Bronze,2016-04-18
6713,Trevor,Martinez,Female,ephillips@example.com,+91-6592718111,India,Thiruvananthapuram,Gold,2025-01-24
6714,Jennifer,Moses,Female,loricarson@example.org,+91-7239019500,India,Vijayawada,Bronze,2016-05-31
6715,Tony,Smith,Female,mary06@example.org,+91-9115664258,India,Coimbatore,Silver,2019-08-03
6716,Brian,Chen,Male,morganmary@example.net,+91-3709280397,India,Chennai,Silver,2024-04-01
6717,Stephen,Weaver,Other,brandybuchanan@example.com,+91-7604602857,India,Kochi,Silver,2017-01-14
6718,Vanessa,Vazquez,Other,troyjensen@example.com,917-874-4267,Djibouti,Paris,Bronze,2017-01-30
6719,Nathan,Rodgers,Male,mitchell68@example.com,(809)982-4742x4143,Guadeloupe,Toronto,Bronze,2021-12-30
6720,Anthony,Fuller,Male,crossjulie@example.com,+91-8862621197,India,Chennai,Bronze,2018-03-07
6721,Melissa,Griffin,Female,turnerjoel@example.org,+91-5239664003,India,Madurai,Silver,2022-05-27
6722,Sharon,Schmidt,Male,nicolewalters@example.net,+91-2167329253,India,Visakhapatnam,Gold,2018-12-23
6723,Catherine,Koch,Male,adamsrobert@example.org,+91-9916135332,India,Thiruvananthapuram,Silver,2023-08-08
6724,Patrick,Andrews,Other,bridgesjeffrey@example.net,+91-7722557816,India,Vijayawada,Gold,2016-07-05
6725,Autumn,Jones,Female,pamelapearson@example.com,+91-8323090524,India,Vijayawada,Bronze,2024-04-16
6726,Melinda,Baker,Male,emendez@example.com,+91-5310377203,India,Visakhapatnam,Platinum,2016-01-30
6727,Juan,Hodges,Other,washingtonjeremy@example.com,(523)349-5716x027,French Polynesia,Dubai,Bronze,2020-06-04
6728,Lauren,Klein,Other,johnsonbrittany@example.net,+91-6877038111,India,Bangalore,Bronze,2022-04-25
6729,Bryan,Barr,Male,tonya98@example.com,+91-2713313966,India,Hyderabad,Gold,2023-11-09
6730,Robert,Vaughn,Other,victorevans@example.net,793-262-0201x587,Kazakhstan,Singapore,Gold,2022-07-16
6731,Rebecca,Taylor,Female,nalexander@example.com,+91-7947725683,India,Chennai,Gold,2017-02-09
6732,Sarah,Hill,Male,aaronoliver@example.org,+91-7261722367,India,Coimbatore,Gold,2017-01-20
6733,Carlos,Roberts,Other,dawn40@example.org,+91-1767670382,India,Chennai,Gold,2020-07-07
6734,Stacey,Hobbs,Male,rhernandez@example.org,+91-6591189407,India,Hyderabad,Silver,2019-04-25
6735,Tiffany,Keller,Female,khughes@example.com,+91-6972187749,India,Madurai,Silver,2022-05-12
6736,Ian,Clark,Female,lyonserica@example.net,+91-5068550324,India,Hyderabad,Silver,2024-02-03
6737,Juan,Bowman,Other,sullivanlisa@example.org,+91-6551586461,India,Visakhapatnam,Silver,2020-06-15
6738,Mitchell,Hopkins,Male,shiggins@example.org,+1-969-463-2880x2706,China,Los Angeles,Bronze,2018-08-19
6739,Eric,Harris,Female,amandamurray@example.net,+91-3047482874,India,Thiruvananthapuram,Bronze,2021-11-09
6740,Meghan,Dunn,Female,lturner@example.org,+91-9072517943,India,Coimbatore,Bronze,2015-05-03
6741,Jason,Acosta,Other,vpowell@example.com,+91-7829546548,India,Bangalore,Silver,2016-01-29
6742,Nancy,Hayes,Other,dustin65@example.net,+91-9305992744,India,Chennai,Gold,2022-03-25
6743,Robert,Smith,Male,johnsonolivia@example.org,+91-8824346141,India,Chennai,Bronze,2019-01-30
6744,Christopher,Wright,Female,michele52@example.com,+91-5042847948,India,Kochi,Bronze,2017-04-06
6745,Bryan,Ross,Other,martinbrandon@example.org,+91-2055896776,India,Visakhapatnam,Silver,2022-06-17
6746,Mitchell,Hicks,Male,contrerastiffany@example.org,+91-8286406077,India,Visakhapatnam,Bronze,2021-11-06
6747,Courtney,Smith,Other,meyerskevin@example.net,+91-3966829666,India,Coimbatore,Platinum,2025-04-25
6748,David,Johnson,Other,zwheeler@example.com,+91-3073730146,India,Bangalore,Silver,2024-01-23
6749,Stacey,James,Female,victoria58@example.com,329-603-8307x17637,Qatar,Paris,Bronze,2021-10-28
6750,Jenna,Myers,Other,smiller@example.com,+91-3141326214,India,Mysore,Bronze,2019-07-22
6751,Jeffrey,Ferrell,Male,amartinez@example.com,+1-361-483-7635x234,Algeria,Sydney,Gold,2024-02-14
6752,Peter,Walker,Other,bortega@example.net,+91-4884222532,India,Kochi,Silver,2019-02-28
6753,Jeffrey,Kelley,Other,crystal84@example.org,+91-8390714050,India,Bangalore,Silver,2021-08-26
6754,Lauren,Shannon,Other,matthew00@example.org,+91-9776666798,India,Vijayawada,Bronze,2016-06-12
6755,Andrew,Tucker,Female,christopherfrench@example.org,+91-9588760164,India,Chennai,Silver,2015-10-26
6756,David,Lin,Female,timothy89@example.com,+91-4064212836,India,Vijayawada,Bronze,2023-06-04
6757,Sydney,Marshall,Female,hudsonandrea@example.com,+91-5252085125,India,Bangalore,Bronze,2019-11-18
6758,Paula,Pitts,Female,joe01@example.com,+91-5456742704,India,Kochi,Bronze,2022-09-25
6759,Amanda,Morales,Other,ymiller@example.net,+91-7357173004,India,Chennai,Bronze,2019-01-17
6760,Claire,Schmidt,Female,jennifer76@example.net,+91-4866331457,India,Hyderabad,Bronze,2021-06-29
6761,Alyssa,Garrison,Female,pconley@example.org,+91-2949084244,India,Kochi,Bronze,2016-11-18
6762,Danny,Davis,Other,owells@example.com,+1-573-603-946,Cocos (Keeling) Islands,Berlin,Platinum,2019-04-10
6763,Chelsea,Hoffman,Other,derrickroberson@example.net,+91-5556484035,India,Bangalore,Silver,2020-11-13
6764,Eric,Morales,Male,whitney72@example.com,+91-9412021972,India,Chennai,Platinum,2023-07-27
6765,Stephanie,Henderson,Female,lucasgabrielle@example.org,+91-5148556582,India,Chennai,Platinum,2016-01-22
6766,Kelli,Morton,Male,snydernicole@example.com,560-671-4110,Cote d'Ivoire,Los Angeles,Bronze,2015-09-15
6767,Elizabeth,Young,Other,clarkvictoria@example.net,+91-9299697621,India,Bangalore,Gold,2021-09-23
6768,Daniel,Green,Male,adamsmary@example.net,+91-8069729274,India,Coimbatore,Silver,2022-02-11
6769,Teresa,Lam,Female,brookemassey@example.net,+91-7911965810,India,Mysore,Gold,2016-05-21
6770,Jose,Perez,Female,samantha29@example.org,+91-4604236215,India,Vijayawada,Gold,2021-03-29
6771,Deborah,Parker,Other,jackcraig@example.net,+91-6538941622,India,Bangalore,Bronze,2017-12-04
6772,Amber,Mitchell,Other,jasonstanton@example.net,802-582-4523,Germany,Dubai,Silver,2020-03-24
6773,Collin,Harmon,Female,bcampbell@example.com,+91-9087495703,India,Mysore,Silver,2021-12-11
6774,Jamie,Greene,Male,thompsonjackie@example.org,851.989.5963,Haiti,Berlin,Gold,2019-08-21
6775,Lee,Hughes,Female,johnsondaniel@example.net,+91-9650880481,India,Thiruvananthapuram,Platinum,2015-05-31
6776,Elizabeth,Jackson,Male,danagallagher@example.com,+91-9189639202,India,Coimbatore,Silver,2018-03-19
6777,Alyssa,Anderson,Female,william52@example.com,+91-7300825419,India,Chennai,Bronze,2019-02-25
6778,Justin,Young,Other,timothy90@example.net,+91-9591598615,India,Mysore,Silver,2018-04-17
6779,Cody,Richardson,Other,tammyperry@example.net,+91-2058945250,India,Madurai,Bronze,2020-01-30
6780,Katherine,Little,Female,jenniferlong@example.com,+91-4515228256,India,Chennai,Bronze,2021-05-17
6781,Kimberly,Gross,Other,cheryl61@example.org,+91-4806211781,India,Visakhapatnam,Bronze,2019-10-26
6782,Dustin,Walton,Female,vegajason@example.net,(637)652-9437x671,Svalbard & Jan Mayen Islands,Toronto,Bronze,2021-12-28
6783,Heather,Fisher,Other,williamsjames@example.com,502-726-4321x250,United Arab Emirates,Tokyo,Silver,2024-11-11
6784,Christopher,Shah,Male,robertsdavid@example.net,+91-5536557793,India,Vijayawada,Bronze,2018-04-21
6785,Ebony,Ramirez,Other,shawnabryant@example.com,+91-2437903327,India,Coimbatore,Bronze,2021-11-13
6786,Aaron,Velez,Male,scottvalerie@example.com,+91-7734967144,India,Vijayawada,Bronze,2018-06-13
6787,Nancy,Palmer,Male,carlsonbrian@example.com,+91-8290419625,India,Vijayawada,Bronze,2025-02-21
6788,Maria,Brown,Female,sweeneymelvin@example.net,+1-626-279-1316x3468,Estonia,London,Silver,2022-06-25
6789,Diane,Bryan,Female,nelsonabigail@example.org,818.657.1644x5284,Grenada,Toronto,Silver,2020-06-08
6790,John,Cole,Female,savagenicole@example.org,589-475-4659,Tuvalu,London,Bronze,2020-09-21
6791,Jeffrey,Jones,Other,samantha20@example.org,+91-1162735306,India,Chennai,Bronze,2017-07-28
6792,Timothy,Garner,Other,garrisonwesley@example.net,+91-695923947,India,Visakhapatnam,Gold,2017-06-19
6793,Heather,Berger,Female,belinda51@example.net,+91-391310723,India,Visakhapatnam,Bronze,2021-03-10
6794,Tracey,Johnson,Female,lisa34@example.net,+91-2468477494,India,Vijayawada,Silver,2016-02-11
6795,Elizabeth,Vance,Female,thomasfrost@example.org,+91-740379553,India,Vijayawada,Bronze,2017-06-29
6796,Kayla,Rogers,Female,fletcherkeith@example.net,+91-8423673672,India,Thiruvananthapuram,Platinum,2015-08-26
6797,John,Shaw,Female,qbrown@example.net,+91-9138150546,India,Vijayawada,Gold,2018-07-11
6798,Aaron,Lewis,Male,nrodriguez@example.net,+91-6036979162,India,Visakhapatnam,Gold,2024-03-21
6799,Jordan,Wyatt,Female,kpark@example.com,+91-1561438835,India,Bangalore,Silver,2021-01-21
6800,Justin,Cummings,Male,kayla28@example.net,851-839-5342x34883,Costa Rica,Dubai,Silver,2019-01-21
6801,Michael,Hodges,Female,nashmichael@example.net,+91-6742419460,India,Visakhapatnam,Platinum,2017-05-22
6802,Deanna,Clark,Male,joycenicole@example.org,+91-946098415,India,Bangalore,Silver,2021-07-06
6803,Ashley,Copeland,Male,sparker@example.org,001-323-342-7576,South Georgia and the South Sandwich Islands,Singapore,Bronze,2022-03-13
6804,Yvette,Gomez,Male,phillipsisaiah@example.com,261.329.5944x3269,Marshall Islands,London,Silver,2025-03-07
6805,Kenneth,Richards,Other,derrick97@example.com,001-229-629-9719x972,Brunei Darussalam,Tokyo,Gold,2023-07-21
6806,Benjamin,Bates,Female,patricia92@example.com,(354)570-7810,Monaco,Tokyo,Bronze,2021-05-07
6807,Jennifer,Collins,Female,armstrongmatthew@example.org,+91-4601628803,India,Bangalore,Silver,2023-03-27
6808,Bridget,Schmitt,Female,perkinstiffany@example.org,710-478-0604x09803,Romania,Toronto,Bronze,2020-04-30
6809,Joseph,Williams,Female,jpham@example.com,+91-5008427814,India,Madurai,Gold,2016-06-15
6810,Steven,King,Other,marydelgado@example.com,(439)403-9933,Sweden,Tokyo,Bronze,2020-04-10
6811,Patrick,Davis,Male,youngcharles@example.net,+91-2801829640,India,Bangalore,Bronze,2022-09-18
6812,John,Velasquez,Female,timothykelly@example.net,+91-2587430829,India,Vijayawada,Platinum,2022-01-31
6813,Ronald,Noble,Female,hernandezsamantha@example.org,001-602-697-7509x81773,Mali,Los Angeles,Gold,2024-05-13
6814,William,Grant,Other,iking@example.org,+91-3567479935,India,Madurai,Bronze,2019-11-15
6815,Jessica,Davis,Other,brandichan@example.org,+1-498-663-9809,South Georgia and the South Sandwich Islands,London,Bronze,2023-08-31
6816,Joshua,Steele,Other,hpayne@example.com,+91-4987267035,India,Coimbatore,Gold,2023-06-25
6817,Mary,Le,Other,alannicholson@example.org,+91-7033555393,India,Mysore,Bronze,2020-05-15
6818,Amanda,Shields,Female,qperez@example.net,+91-2860673237,India,Mysore,Gold,2018-10-21
6819,Destiny,Moore,Other,ashley73@example.net,+91-3183381629,India,Vijayawada,Silver,2022-10-27
6820,Patricia,Lloyd,Male,rodriguezjoseph@example.net,+91-217777563,India,Mysore,Bronze,2017-08-30
6821,Lauren,Terry,Female,mike56@example.net,790-640-8670x5619,Belarus,Singapore,Bronze,2022-03-15
6822,Christopher,Valenzuela,Female,katrinagalloway@example.org,+91-7013204088,India,Madurai,Silver,2025-02-01
6823,Gabrielle,Barrera,Male,johnsteele@example.org,+91-4251582675,India,Thiruvananthapuram,Silver,2020-01-21
6824,Sandra,Freeman,Male,michael48@example.org,+91-800335636,India,Mysore,Platinum,2019-12-07
6825,Kim,Gross,Male,rachellong@example.net,+91-3878639577,India,Chennai,Bronze,2020-12-20
6826,Tyler,Kent,Male,jthomas@example.com,(408)485-8137,Serbia,Tokyo,Bronze,2019-01-07
6827,Arthur,Holt,Other,juliacoleman@example.net,+91-2596890538,India,Vijayawada,Platinum,2021-09-21
6828,Traci,Miller,Female,istewart@example.com,+91-1766307485,India,Madurai,Silver,2016-08-28
6829,Brandon,Mcneil,Male,nancy91@example.com,+1-481-850-7694x87065,Belize,Berlin,Silver,2021-03-24
6830,Emily,Jackson,Other,gregorychristine@example.net,+91-7687160751,India,Thiruvananthapuram,Bronze,2015-07-20
6831,Karen,Waters,Female,hernandezwilliam@example.org,+91-1260549521,India,Bangalore,Bronze,2015-07-14
6832,Karen,Garcia,Male,joshuasutton@example.net,+91-528933222,India,Visakhapatnam,Gold,2023-03-03
6833,Jennifer,Fleming,Other,brownalexandra@example.org,+91-7653593412,India,Vijayawada,Bronze,2024-04-20
6834,Anne,Reynolds,Female,lorigarcia@example.net,+91-9695479747,India,Hyderabad,Silver,2024-09-22
6835,Rebecca,Taylor,Female,zlopez@example.net,+91-3800309928,India,Thiruvananthapuram,Bronze,2019-08-19
6836,Chase,Booth,Other,katherine50@example.net,+91-5278354117,India,Madurai,Silver,2016-12-30
6837,Daniel,Cowan,Female,thompsonpamela@example.net,+91-711411321,India,Bangalore,Silver,2018-09-28
6838,Mary,Huang,Other,timothypatel@example.net,001-529-843-1950x18523,Macao,Sydney,Gold,2016-07-20
6839,Michael,Parsons,Female,jill45@example.com,+91-6668897047,India,Kochi,Gold,2016-12-17
6840,Malik,Santos,Other,cherylgarza@example.net,+91-2797477617,India,Visakhapatnam,Silver,2018-10-02
6841,Larry,Reed,Female,michael65@example.com,+91-4433134804,India,Visakhapatnam,Gold,2023-01-02
6842,Paul,Padilla,Other,alexanderwhite@example.org,+1-858-952-8096x7887,Bermuda,London,Gold,2016-05-06
6843,Jamie,Ray,Male,davismark@example.com,+1-569-793-4742x37395,Senegal,Los Angeles,Silver,2024-09-21
6844,Thomas,Mullen,Other,butlerjames@example.com,219.563.5080x73965,Sao Tome and Principe,Berlin,Silver,2021-05-30
6845,Charles,Holmes,Female,gking@example.com,+91-4957350714,India,Visakhapatnam,Bronze,2022-03-20
6846,Thomas,Jones,Female,hopkinsfrancisco@example.org,+91-5584276409,India,Madurai,Gold,2016-11-16
6847,Yvonne,Farrell,Female,olsonmelinda@example.org,+91-6115412899,India,Visakhapatnam,Gold,2019-08-22
6848,Ryan,Brooks,Female,jamesking@example.com,+91-4843232988,India,Hyderabad,Platinum,2019-04-26
6849,Timothy,Holt,Female,amyhill@example.com,+91-4385290228,India,Coimbatore,Bronze,2016-02-01
6850,Angela,Taylor,Male,courtneybell@example.com,+91-748855561,India,Thiruvananthapuram,Bronze,2015-08-12
6851,Michael,Mccullough,Other,goliver@example.net,+91-994025005,India,Thiruvananthapuram,Bronze,2019-05-14
6852,Elizabeth,Wagner,Female,cmason@example.net,+91-5852522211,India,Visakhapatnam,Bronze,2018-01-04
6853,Ruben,Lewis,Other,rweaver@example.org,584-307-3407x01912,Cook Islands,London,Platinum,2023-01-12
6854,Jeanne,Woodward,Male,tyler62@example.net,+91-8014730779,India,Vijayawada,Bronze,2021-12-20
6855,Brian,Bowers,Female,hardydaniel@example.com,+91-4858408954,India,Hyderabad,Platinum,2022-01-27
6856,Brian,Walsh,Female,ajones@example.org,+91-1107096583,India,Bangalore,Silver,2018-12-14
6857,Elizabeth,Johnson,Male,danielmaldonado@example.org,+91-4646088305,India,Visakhapatnam,Silver,2021-06-07
6858,Kathleen,Odonnell,Female,christophermaxwell@example.org,+91-6991721284,India,Coimbatore,Bronze,2018-03-29
6859,Peter,Strong,Other,warrenbarbara@example.net,+91-7351565135,India,Madurai,Silver,2022-10-30
6860,Alexander,Davis,Male,martinezsherri@example.net,+91-9322187502,India,Vijayawada,Gold,2021-04-17
6861,John,Campbell,Other,williamssandra@example.com,+91-7825654432,India,Coimbatore,Bronze,2018-12-05
6862,Brittany,Johnson,Other,courtneywilkins@example.net,841.269.6134,Cyprus,Sydney,Silver,2018-06-10
6863,Paula,Oliver,Other,kharrison@example.com,+91-8901613340,India,Mysore,Bronze,2019-04-26
6864,Sandy,Benson,Other,brucealvarado@example.org,+91-3486786732,India,Thiruvananthapuram,Gold,2018-07-29
6865,Joseph,Foster,Other,bonnie13@example.com,+91-2020515434,India,Madurai,Silver,2023-03-08
6866,Jocelyn,Tran,Female,ufry@example.net,+91-7557344754,India,Coimbatore,Bronze,2016-09-12
6867,Samantha,Kelly,Other,mmckay@example.org,+91-7494434045,India,Hyderabad,Silver,2021-11-25
6868,Angel,Hart,Other,lbarrera@example.net,+91-5067890635,India,Vijayawada,Bronze,2017-01-02
6869,Laura,Lewis,Female,stewartmichael@example.org,+91-9729481166,India,Madurai,Bronze,2022-10-31
6870,Daniel,Kelley,Female,stephanie29@example.org,+91-4213329450,India,Mysore,Platinum,2024-11-25
6871,Terry,Gonzalez,Male,jasmine57@example.com,+91-9460896638,India,Kochi,Silver,2023-06-04
6872,Amber,Harris,Male,davidmalone@example.net,326-398-2510x8815,China,London,Silver,2017-11-11
6873,Jeremy,Scott,Female,larryroberson@example.org,+91-7161774970,India,Vijayawada,Bronze,2021-11-29
6874,Matthew,Tyler,Female,mary33@example.com,+91-1317105538,India,Vijayawada,Bronze,2022-06-28
6875,Amy,Diaz,Other,christina30@example.net,001-430-271-4212x8911,Svalbard & Jan Mayen Islands,Dubai,Platinum,2024-12-28
6876,Savannah,Romero,Female,joseallen@example.org,+91-3520079514,India,Mysore,Gold,2017-09-10
6877,Lisa,Michael,Other,cassandraboyd@example.com,+91-5316461024,India,Bangalore,Gold,2018-09-28
6878,Robert,Murphy,Male,rsalas@example.net,239.899.1722x35276,Netherlands,New York,Bronze,2015-09-19
6879,Daniel,Evans,Other,olivia92@example.org,+91-7953149811,India,Hyderabad,Silver,2021-03-05
6880,Stacey,Garcia,Other,laurenle@example.org,+91-3223476411,India,Madurai,Gold,2023-08-25
6881,Richard,Kelley,Other,jameslong@example.org,+91-9559090871,India,Mysore,Gold,2016-12-04
6882,Larry,Gregory,Other,jeremiahmiranda@example.org,+91-7669459598,India,Kochi,Platinum,2022-05-12
6883,Nancy,King,Male,leonardkyle@example.net,+91-2560639923,India,Madurai,Bronze,2018-05-12
6884,Gregory,Gallagher,Other,drichardson@example.net,(866)902-6010,Norfolk Island,Singapore,Gold,2016-03-30
6885,Jared,Morgan,Other,briangibson@example.com,+91-3592784985,India,Hyderabad,Bronze,2016-02-20
6886,Matthew,Allen,Other,joshuapatterson@example.org,+91-9393437309,India,Coimbatore,Silver,2016-04-24
6887,Nathan,Stevenson,Female,thorton@example.org,+91-6056100734,India,Visakhapatnam,Platinum,2017-02-23
6888,Jason,Bennett,Male,gwalton@example.org,+1-506-904-9242x81854,Singapore,Paris,Silver,2024-10-13
6889,Jeffery,Bryant,Male,diazsusan@example.org,+91-8756957745,India,Hyderabad,Gold,2016-05-17
6890,Peter,Miller,Other,skinnerpaul@example.com,+91-5747799068,India,Mysore,Bronze,2016-12-19
6891,Michelle,Holden,Male,alyssa24@example.net,+91-9967483341,India,Bangalore,Gold,2023-07-07
6892,John,Schneider,Male,joshuamaddox@example.com,+91-2701732628,India,Vijayawada,Silver,2023-04-08
6893,Anna,Mason,Other,pbarnes@example.net,+91-4082119024,India,Vijayawada,Bronze,2021-11-27
6894,Rebecca,Fleming,Female,vlopez@example.com,776.465.0115,Cameroon,Toronto,Silver,2017-01-11
6895,Kevin,Davis,Other,holly16@example.net,+91-7949765388,India,Visakhapatnam,Silver,2022-11-08
6896,Michael,Thompson,Female,staceymiller@example.org,+91-3969190949,India,Thiruvananthapuram,Silver,2024-05-27
6897,James,Kirby,Female,krystalmoore@example.net,+91-3968710615,India,Kochi,Silver,2017-02-16
6898,Curtis,Munoz,Female,hannah08@example.net,+91-5280137730,India,Madurai,Silver,2017-05-01
6899,Christine,Garcia,Female,hphillips@example.com,001-828-892-1986x1990,Antarctica (the territory South of 60 deg S),Tokyo,Gold,2024-04-27
6900,Lisa,Henry,Female,laura30@example.com,+91-4717029927,India,Thiruvananthapuram,Platinum,2021-09-15
6901,Danielle,Yates,Male,knightphillip@example.org,+91-7456493900,India,Coimbatore,Bronze,2018-10-08
6902,William,Blackwell,Other,david62@example.com,+91-6314482774,India,Madurai,Bronze,2017-07-12
6903,Cody,Marsh,Other,wangcarol@example.com,(949)293-3616x4911,Martinique,Paris,Gold,2016-01-15
6904,Michael,Smith,Male,hgonzalez@example.org,+91-4239613448,India,Madurai,Silver,2023-10-29
6905,Todd,Gomez,Male,sara90@example.org,+91-6508260453,India,Hyderabad,Bronze,2016-08-04
6906,Melissa,Jones,Male,katherinewilliams@example.net,+91-3675969653,India,Mysore,Platinum,2023-01-19
6907,Rachel,Bridges,Male,joseph14@example.org,+91-1565151413,India,Bangalore,Bronze,2018-04-30
6908,William,Barry,Other,dawsondaniel@example.org,+91-1933209669,India,Vijayawada,Bronze,2022-12-05
6909,Garrett,Booth,Female,vicki43@example.net,+91-4612539360,India,Hyderabad,Bronze,2019-10-19
6910,Ricardo,Gordon,Female,lawrencearias@example.com,+91-6664226885,India,Mysore,Bronze,2016-03-20
6911,William,Newman,Female,aliciahartman@example.net,+91-7825182222,India,Madurai,Silver,2020-09-07
6912,Brandon,Baird,Female,kerrygriffith@example.com,6714128552,Iran,Sydney,Bronze,2022-03-19
6913,Jessica,Ramirez,Male,ericagrant@example.com,+91-5899304465,India,Mysore,Bronze,2024-05-09
6914,Joseph,Barber,Male,jeremy76@example.com,+91-8464740174,India,Hyderabad,Silver,2023-11-02
6915,Michael,Cummings,Other,amyglenn@example.com,+91-9910605017,India,Madurai,Gold,2022-05-16
6916,Sarah,Powell,Other,rsmith@example.org,+91-1097659046,India,Thiruvananthapuram,Bronze,2025-02-22
6917,Regina,Anderson,Female,christopher53@example.org,301.229.0471x2900,Azerbaijan,Tokyo,Bronze,2016-01-26
6918,Duane,Russell,Other,danielgreen@example.com,+91-1657941678,India,Kochi,Platinum,2018-06-17
6919,Lisa,Butler,Other,david08@example.org,+91-8994468693,India,Coimbatore,Bronze,2020-03-24
6920,Michael,White,Female,millernicole@example.net,+91-2028285182,India,Chennai,Bronze,2025-01-30
6921,Ryan,Smith,Male,rhernandez@example.com,+91-5681220113,India,Chennai,Silver,2024-01-25
6922,Lori,Andrade,Male,snyderjacqueline@example.com,+91-4896884964,India,Kochi,Silver,2018-12-25
6923,Kelly,Mitchell,Male,oconner@example.net,+91-2870397643,India,Chennai,Silver,2022-07-27
6924,Jason,Wilson,Male,taylorronald@example.com,+91-5320751623,India,Visakhapatnam,Bronze,2016-02-09
6925,Krista,Anderson,Female,ismith@example.com,+91-303366167,India,Visakhapatnam,Silver,2021-03-18
6926,Alejandro,Wilson,Other,david89@example.org,+91-400448138,India,Kochi,Gold,2022-09-19
6927,Brian,Ford,Male,wmcconnell@example.net,+91-6659719156,India,Vijayawada,Silver,2019-09-16
6928,Jason,Brown,Male,derrickellis@example.org,+91-560425740,India,Bangalore,Silver,2023-10-23
6929,Rebecca,Barker,Male,smithjames@example.net,+91-8999731649,India,Mysore,Silver,2016-07-29
6930,Denise,Davenport,Other,jason23@example.com,+91-1878460450,India,Madurai,Gold,2020-04-07
6931,Alicia,Wilson,Female,stephanie36@example.net,+91-1909437349,India,Coimbatore,Gold,2022-11-10
6932,Shannon,King,Other,stephanie53@example.net,8678977819,Jersey,Toronto,Silver,2017-03-03
6933,Whitney,Coleman,Female,joshua69@example.net,+91-2392357193,India,Visakhapatnam,Silver,2019-05-09
6934,Michael,Lynch,Male,jesseayala@example.net,001-577-292-5509x937,South Africa,Tokyo,Gold,2024-06-22
6935,Samantha,Barr,Male,lcox@example.org,+91-3940487778,India,Kochi,Platinum,2021-11-23
6936,Michele,Scott,Other,stephensjohnny@example.org,+91-4324393538,India,Kochi,Bronze,2020-12-29
6937,Michael,Nichols,Male,kellieyoung@example.com,+91-729015531,India,Chennai,Silver,2021-01-16
6938,Christina,Shepherd,Other,collinsbrandon@example.org,+91-6602362710,India,Visakhapatnam,Silver,2018-09-22
6939,Andrea,Gonzalez,Male,millssteven@example.org,+91-7391284360,India,Madurai,Bronze,2019-01-09
6940,Amy,Chapman,Male,sarah54@example.org,+91-6897913368,India,Coimbatore,Silver,2020-02-20
6941,Michael,Duncan,Female,patrickhorne@example.com,+91-2312620949,India,Thiruvananthapuram,Silver,2022-03-24
6942,Jill,Tyler,Female,brownsean@example.net,+91-1650187942,India,Madurai,Silver,2022-05-27
6943,Adam,Beck,Other,westmatthew@example.com,778.958.9519x4990,Aruba,Tokyo,Gold,2024-06-23
6944,Gary,Conner,Male,mmullins@example.com,+91-4198963109,India,Kochi,Platinum,2024-03-21
6945,Kristen,Davidson,Other,susan93@example.org,+91-7456387646,India,Mysore,Bronze,2017-01-31
6946,Julie,Davies,Male,fernando51@example.org,(638)499-0520x8511,Christmas Island,Berlin,Bronze,2017-06-01
6947,Sarah,Adams,Female,washingtonpaul@example.net,+91-6465472833,India,Mysore,Silver,2020-12-18
6948,John,Sims,Female,taylorjoseph@example.org,229-468-2435x70616,Uruguay,Sydney,Gold,2020-05-07
6949,Regina,Harmon,Other,richard02@example.org,+91-4529341268,India,Madurai,Bronze,2023-03-20
6950,Daryl,Marquez,Female,gonzalesmichael@example.org,+91-4593749724,India,Thiruvananthapuram,Bronze,2019-01-09
6951,Victoria,Blair,Female,fcarr@example.com,+91-3365149742,India,Bangalore,Silver,2018-02-19
6952,Johnny,Ware,Female,ashleyking@example.net,+91-3100427752,India,Kochi,Gold,2021-05-02
6953,Kathleen,Hughes,Male,ljohnson@example.com,+91-203430768,India,Vijayawada,Bronze,2024-07-15
6954,Cole,Moore,Female,sharon80@example.net,+91-7079705755,India,Vijayawada,Gold,2015-09-09
6955,Amy,Owens,Male,bwilson@example.com,+91-3133677431,India,Hyderabad,Bronze,2017-03-01
6956,Brian,Hughes,Male,janet15@example.org,+91-7091727798,India,Coimbatore,Bronze,2019-07-12
6957,Angela,Moreno,Other,tgreer@example.net,+91-8080189984,India,Chennai,Silver,2024-01-13
6958,Cassandra,Nichols,Female,williamnguyen@example.com,+91-764717321,India,Hyderabad,Gold,2023-07-15
6959,Henry,Harrell,Male,joseph28@example.org,+91-5184828258,India,Madurai,Gold,2018-08-10
6960,Luis,Le,Other,jasonwhite@example.com,6628187398,Cuba,Sydney,Bronze,2023-03-22
6961,Karen,Carroll,Other,ojohnson@example.net,+91-63403813,India,Visakhapatnam,Bronze,2018-02-06
6962,Luis,Hill,Female,shannongregory@example.net,+91-3613133839,India,Mysore,Bronze,2020-06-26
6963,Ryan,Shepard,Other,sherry95@example.org,790-432-7285x162,Thailand,Sydney,Bronze,2024-04-13
6964,Rebecca,Roberson,Male,dawnchang@example.org,+91-2935543490,India,Thiruvananthapuram,Silver,2018-06-13
6965,Joseph,Young,Other,amydominguez@example.org,+91-155699716,India,Bangalore,Bronze,2024-08-20
6966,Robert,White,Male,hbell@example.org,+91-3437416312,India,Coimbatore,Silver,2023-11-22
6967,Michelle,Espinoza,Other,tylerbrown@example.net,+91-4645153561,India,Thiruvananthapuram,Silver,2020-11-13
6968,Nichole,Crawford,Male,lorifrancis@example.org,+91-724331159,India,Visakhapatnam,Bronze,2018-08-17
6969,Angela,Gray,Female,john92@example.net,+91-4890997825,India,Hyderabad,Platinum,2023-11-10
6970,Michael,Gill,Female,smithkaren@example.com,+91-5356049145,India,Hyderabad,Bronze,2022-10-13
6971,Timothy,Cooper,Other,mikaylamartinez@example.org,403.892.3925x627,Morocco,Singapore,Gold,2022-01-08
6972,Michelle,Russell,Male,markvalenzuela@example.net,+91-7183088088,India,Coimbatore,Gold,2020-06-27
6973,Christine,Bowers,Other,simsamanda@example.net,+91-5482009717,India,Hyderabad,Silver,2024-10-11
6974,George,Smith,Male,sara25@example.com,(660)837-3547x3302,United Kingdom,Dubai,Gold,2022-08-27
6975,William,Patterson,Other,sheena14@example.com,+91-233038879,India,Mysore,Platinum,2017-12-16
6976,Courtney,Shepard,Male,jamie93@example.org,+91-8948834446,India,Mysore,Gold,2021-11-30
6977,Allison,Young,Female,idunn@example.org,+91-5279867685,India,Coimbatore,Gold,2016-07-01
6978,Matthew,Martin,Other,wileyrebecca@example.net,+91-4125003823,India,Vijayawada,Bronze,2016-05-31
6979,Gabrielle,Adams,Male,kimberly27@example.net,+91-5964644638,India,Chennai,Bronze,2024-09-28
6980,Joshua,Cervantes,Female,tinathomas@example.net,+91-7007286449,India,Mysore,Gold,2015-08-30
6981,Tanya,Armstrong,Female,burtoncarolyn@example.com,+91-2830794025,India,Bangalore,Bronze,2015-12-24
6982,Denise,Davis,Male,zwright@example.org,+91-6479564818,India,Visakhapatnam,Silver,2023-03-04
6983,Gabriella,Lester,Other,fbush@example.net,7978731522,Kiribati,Toronto,Gold,2024-10-04
6984,Amanda,Blake,Male,kaitlynleonard@example.net,+91-5224415649,India,Thiruvananthapuram,Bronze,2016-09-02
6985,John,Herrera,Other,blairalec@example.net,+91-7218085769,India,Madurai,Bronze,2021-12-01
6986,Kevin,Arnold,Female,amandashaw@example.com,+91-3612020956,India,Chennai,Bronze,2024-03-22
6987,Christopher,Durham,Other,nicole62@example.org,+91-9043261352,India,Thiruvananthapuram,Silver,2017-06-03
6988,Dawn,Haney,Male,millertrevor@example.org,+91-2577188736,India,Visakhapatnam,Gold,2020-04-06
6989,John,Tucker,Male,kyle43@example.org,+91-1327125881,India,Thiruvananthapuram,Bronze,2024-12-03
6990,Martin,Tran,Female,rochacourtney@example.com,001-282-299-8146,Puerto Rico,Singapore,Bronze,2023-01-01
6991,Elizabeth,Gonzalez,Male,pamelaphillips@example.com,001-521-408-7728,Cayman Islands,New York,Silver,2015-11-13
6992,Sara,Wilson,Female,john70@example.org,001-308-882-8321,Nepal,London,Bronze,2021-07-26
6993,Thomas,Stout,Female,michellehart@example.org,+91-6428774554,India,Chennai,Bronze,2018-08-14
6994,Keith,Joseph,Female,victoriapowell@example.org,+91-3451245853,India,Mysore,Bronze,2020-06-22
6995,Tiffany,Chapman,Other,jonesphilip@example.org,+91-4854916508,India,Mysore,Gold,2022-05-26
6996,Suzanne,Romero,Male,dawn67@example.com,+91-4343038978,India,Visakhapatnam,Platinum,2020-05-10
6997,Patrick,Brown,Other,michael66@example.com,+91-5992954011,India,Hyderabad,Gold,2020-05-26
6998,Donna,Reid,Other,hollyfarley@example.com,+91-6925596180,India,Visakhapatnam,Silver,2024-09-17
6999,Matthew,Mcguire,Male,jennifer67@example.org,+91-6876416028,India,Bangalore,Bronze,2024-06-03
7000,Anthony,Taylor,Male,raymond12@example.com,+91-545178296,India,Vijayawada,Silver,2020-10-24
7001,Caitlin,Vance,Female,brandi71@example.com,+91-1494731288,India,Vijayawada,Silver,2018-01-26
7002,Kenneth,Flowers,Female,jennifer09@example.net,001-240-241-4856x653,Croatia,London,Bronze,2023-08-02
7003,Jessica,Phillips,Female,kellershannon@example.org,+91-5354101958,India,Mysore,Gold,2020-05-18
7004,Theresa,Smith,Female,wward@example.com,+91-3610652213,India,Thiruvananthapuram,Gold,2019-10-31
7005,Robin,Pratt,Female,robin46@example.com,+91-6088574117,India,Vijayawada,Silver,2023-04-09
7006,Kathleen,Russell,Male,juliawilson@example.net,+91-5228050764,India,Hyderabad,Gold,2023-05-02
7007,Jennifer,Gardner,Male,zgordon@example.org,+91-7255427609,India,Hyderabad,Bronze,2024-01-15
7008,David,Brown,Female,mphillips@example.org,+91-3674576134,India,Madurai,Bronze,2017-09-28
7009,Zachary,Raymond,Male,xlopez@example.org,+91-9042972246,India,Kochi,Silver,2021-12-21
7010,Austin,Howard,Other,jessica18@example.org,(507)282-4526x5719,Kazakhstan,Berlin,Platinum,2019-03-15
7011,Darren,Marshall,Female,nancyhopkins@example.com,+91-3438191443,India,Visakhapatnam,Bronze,2017-12-03
7012,Juan,Donovan,Male,kcline@example.com,+91-623408226,India,Vijayawada,Bronze,2019-11-07
7013,Diana,Waters,Other,lynnjackson@example.com,+91-5983101091,India,Madurai,Bronze,2021-03-07
7014,Ronald,Schmidt,Female,ashleyabbott@example.org,+91-7038526584,India,Mysore,Silver,2015-09-13
7015,Andrea,Pham,Male,sbrown@example.net,+91-882138084,India,Coimbatore,Silver,2018-12-18
7016,Timothy,Mueller,Female,mossdonna@example.com,+91-1197087898,India,Kochi,Gold,2017-08-18
7017,Taylor,Brewer,Other,mstewart@example.net,+91-9119662510,India,Visakhapatnam,Bronze,2016-02-04
7018,Amanda,Randall,Male,teresamcneil@example.net,+91-4992016766,India,Coimbatore,Bronze,2020-04-07
7019,Michael,Morgan,Male,liumichele@example.org,+91-4949993280,India,Thiruvananthapuram,Gold,2022-06-09
7020,Miguel,Dalton,Other,jennifer54@example.net,+91-4158726087,India,Madurai,Silver,2015-09-14
7021,Heidi,Grant,Male,howardgeorge@example.net,+91-3900064133,India,Hyderabad,Silver,2017-07-22
7022,William,Johnson,Male,urowe@example.org,+91-6560839792,India,Visakhapatnam,Silver,2021-01-10
7023,Robert,Martin,Male,tjohnson@example.org,+91-8070446047,India,Kochi,Silver,2021-01-15
7024,Jesse,Taylor,Other,hmcknight@example.com,+91-4794366783,India,Coimbatore,Bronze,2018-06-11
7025,Stephanie,Shaw,Male,kellyivan@example.org,+91-2030606372,India,Kochi,Platinum,2017-08-31
7026,Andrew,Wheeler,Female,peter85@example.org,+91-2018928450,India,Chennai,Bronze,2018-06-03
7027,Kyle,Hernandez,Other,wisemarilyn@example.com,+91-32673255,India,Vijayawada,Bronze,2019-10-22
7028,Andrea,Mathews,Other,johnsonamy@example.com,+91-8162264308,India,Mysore,Gold,2016-12-31
7029,Christine,Logan,Male,privera@example.org,+91-3151542337,India,Kochi,Silver,2016-04-28
7030,Cody,Roman,Male,harmondavid@example.net,+91-9136367577,India,Bangalore,Silver,2020-07-30
7031,Paul,Houston,Male,moorethomas@example.com,001-834-984-8275x31510,Pitcairn Islands,Los Angeles,Bronze,2024-02-14
7032,Barbara,Stuart,Male,susan04@example.com,+91-9459443040,India,Hyderabad,Silver,2025-04-03
7033,Janice,Mckinney,Other,cgibson@example.net,+91-7510923785,India,Madurai,Bronze,2020-12-06
7034,Aaron,Collier,Female,rebecca01@example.com,+91-7548049778,India,Thiruvananthapuram,Bronze,2024-03-10
7035,Bryan,Thomas,Female,george02@example.org,+91-2829962782,India,Kochi,Bronze,2023-11-06
7036,Jessica,Sherman,Male,antoniowest@example.org,+91-4256284305,India,Coimbatore,Silver,2018-08-18
7037,Joseph,Smith,Male,beanmichael@example.org,+91-2833137620,India,Chennai,Gold,2017-04-07
7038,Charles,Howard,Other,pereztimothy@example.org,+91-2129347329,India,Kochi,Bronze,2025-01-19
7039,Michael,Turner,Female,sarahdoyle@example.com,(378)628-1621,Northern Mariana Islands,London,Bronze,2025-04-13
7040,John,Mathews,Female,taylorlynn@example.org,+91-3004070193,India,Madurai,Bronze,2018-12-14
7041,Gregory,Medina,Other,dakota47@example.org,+91-5322370915,India,Bangalore,Gold,2020-01-21
7042,Ronnie,Williamson,Male,beardmark@example.net,+91-1643760189,India,Thiruvananthapuram,Gold,2016-03-26
7043,Amy,Holt,Male,davidferguson@example.com,+91-2886046683,India,Mysore,Silver,2017-01-25
7044,Jerry,Edwards,Male,ycrawford@example.org,+91-8397576178,India,Thiruvananthapuram,Silver,2022-08-18
7045,Arthur,Wood,Male,debbie68@example.net,+91-9090764010,India,Madurai,Bronze,2016-04-04
7046,Karen,Green,Female,jamesshannon@example.com,+91-4446332239,India,Kochi,Silver,2023-08-27
7047,Ashley,Cameron,Male,jasonbaldwin@example.com,+91-9914353568,India,Visakhapatnam,Platinum,2018-01-19
7048,Ryan,Moreno,Male,edwardaustin@example.org,376.955.9305,French Guiana,Berlin,Bronze,2022-07-04
7049,William,Bryan,Female,djordan@example.net,+91-1814018108,India,Mysore,Bronze,2019-03-02
7050,Ronald,Olson,Female,stewartshelly@example.net,+91-2582624147,India,Kochi,Bronze,2016-11-20
7051,Amanda,Walls,Male,hannah07@example.org,+91-1766140407,India,Bangalore,Platinum,2024-07-29
7052,Nicholas,Lopez,Female,ktaylor@example.org,+91-4105076158,India,Chennai,Bronze,2020-05-20
7053,Michael,Richardson,Male,tamaracunningham@example.com,+91-8984371742,India,Chennai,Gold,2023-09-05
7054,Kayla,Bryant,Female,ipark@example.org,+91-6972647469,India,Vijayawada,Silver,2022-04-03
7055,Travis,Reynolds,Other,oporter@example.net,+91-6528631992,India,Vijayawada,Gold,2024-11-14
7056,Mason,Livingston,Female,leedarryl@example.com,+91-3870630821,India,Madurai,Bronze,2021-05-13
7057,Michael,Lee,Male,rileystacy@example.com,+91-35465597,India,Chennai,Silver,2019-04-05
7058,Seth,Gay,Female,courtney66@example.com,+91-6202728758,India,Hyderabad,Platinum,2017-05-27
7059,Susan,Morgan,Other,brianmendoza@example.net,001-685-434-6334,Brunei Darussalam,London,Bronze,2024-01-05
7060,Darren,Mcdonald,Female,ccarroll@example.org,+91-5329268508,India,Kochi,Bronze,2016-11-26
7061,James,Frey,Male,christopheranderson@example.net,+91-461298364,India,Bangalore,Gold,2019-10-17
7062,Emma,Velez,Female,robinterrell@example.net,+91-4229410548,India,Thiruvananthapuram,Silver,2017-01-09
7063,Devin,Boyd,Male,lawrencemelanie@example.org,+91-5171768957,India,Visakhapatnam,Silver,2018-02-08
7064,Morgan,George,Other,daytyler@example.com,+91-2146441063,India,Hyderabad,Bronze,2023-07-02
7065,Daniel,Thomas,Male,yramos@example.net,+91-2478169467,India,Bangalore,Platinum,2021-12-06
7066,Deborah,Velasquez,Female,tracyreyes@example.org,+91-1299558573,India,Madurai,Gold,2020-12-28
7067,Jennifer,Lopez,Male,kenneth51@example.com,001-420-628-0369x882,Israel,Tokyo,Platinum,2017-07-19
7068,Brandi,Mccarty,Male,wharris@example.net,+91-2955178302,India,Bangalore,Bronze,2024-09-23
7069,Janice,Bishop,Male,nsaunders@example.com,+91-5255379787,India,Mysore,Bronze,2017-07-07
7070,Evan,Proctor,Other,isaacsmith@example.net,+91-916465809,India,Visakhapatnam,Bronze,2017-03-11
7071,Greg,Todd,Male,kschroeder@example.com,+91-5353457554,India,Mysore,Gold,2020-01-24
7072,Kyle,Brooks,Other,jasongonzales@example.org,+91-4869740414,India,Bangalore,Gold,2017-07-09
7073,Jeremy,Welch,Male,georgeanna@example.com,+91-1265150148,India,Vijayawada,Platinum,2022-01-25
7074,Craig,Phillips,Female,kbell@example.net,+91-9464263491,India,Visakhapatnam,Platinum,2021-11-25
7075,Manuel,Williams,Male,gonzalezedwin@example.org,899-412-7328,South Africa,London,Silver,2025-03-14
7076,Sherri,Perez,Other,hendersonmelissa@example.com,+91-7332303162,India,Madurai,Gold,2019-06-27
7077,Michael,Martin,Female,hernandezjulie@example.com,+91-2304825327,India,Thiruvananthapuram,Gold,2022-11-01
7078,Norma,Trevino,Male,julie20@example.net,(208)649-7243x79817,Estonia,New York,Bronze,2023-09-07
7079,Brandon,Yu,Male,hernandezmichelle@example.com,+1-789-400-0737x122,Estonia,New York,Bronze,2020-02-23
7080,Julie,Fernandez,Female,cristian00@example.org,+91-9527732857,India,Kochi,Silver,2025-03-03
7081,Michael,Holland,Male,ewilson@example.org,+91-8039839935,India,Hyderabad,Gold,2022-06-03
7082,Samantha,Snyder,Other,todd92@example.org,(333)850-8910,Cameroon,Paris,Silver,2024-03-16
7083,Thomas,Price,Female,emily21@example.net,(326)938-7027,Canada,New York,Bronze,2021-08-26
7084,Christine,Brandt,Other,blackjason@example.net,667.979.4489x65442,Japan,Sydney,Bronze,2016-03-17
7085,Melissa,Perez,Other,belledward@example.org,+91-1021838571,India,Hyderabad,Gold,2025-02-23
7086,Jennifer,Park,Male,trivera@example.com,+91-6207933666,India,Madurai,Bronze,2023-02-23
7087,Jonathan,Scott,Other,mcdonaldveronica@example.org,+91-2936560482,India,Bangalore,Gold,2023-02-17
7088,Daniel,Watkins,Male,josephjay@example.net,+91-797732985,India,Coimbatore,Platinum,2024-06-29
7089,Shawn,Grant,Male,shannonroy@example.com,+91-4929807657,India,Hyderabad,Bronze,2023-05-06
7090,Michael,Webb,Female,pjohnson@example.org,289-448-8537,Lebanon,Tokyo,Gold,2016-05-29
7091,Tara,Pham,Male,john50@example.com,+91-6827595078,India,Madurai,Bronze,2023-11-02
7092,Kenneth,Cook,Other,andrew47@example.org,7453003081,Serbia,Los Angeles,Gold,2021-04-29
7093,Ryan,Mccullough,Female,guzmanrichard@example.org,366.481.8359x62179,El Salvador,Singapore,Bronze,2022-04-13
7094,Susan,Wong,Female,paul47@example.net,+91-6468128315,India,Hyderabad,Bronze,2016-05-11
7095,Erika,Reese,Other,kennethdiaz@example.net,+91-4458401254,India,Madurai,Bronze,2023-08-14
7096,Patty,Wood,Other,cathyrivera@example.org,+91-125303507,India,Mysore,Bronze,2015-07-16
7097,Bruce,Mccoy,Other,coltonpearson@example.org,+91-6092205280,India,Visakhapatnam,Gold,2015-07-02
7098,Susan,Rogers,Other,rebeccahoward@example.org,+91-2541358090,India,Chennai,Silver,2016-07-23
7099,Katie,Osborn,Other,mary74@example.net,+91-4896839042,India,Bangalore,Bronze,2020-07-12
7100,Craig,Levine,Female,juan56@example.com,+91-1293217624,India,Thiruvananthapuram,Bronze,2016-12-13
7101,Christine,Williams,Male,alvarezbrandon@example.org,933-469-3489x970,American Samoa,Toronto,Silver,2019-01-09
7102,Sandra,Carpenter,Female,richardkane@example.net,+91-7090272412,India,Mysore,Silver,2019-12-13
7103,Lisa,Le,Other,wilsonbrooke@example.com,+91-5851030763,India,Hyderabad,Gold,2018-03-27
7104,Christina,Baker,Other,zblake@example.org,+91-972968195,India,Coimbatore,Bronze,2024-05-12
7105,Jonathan,Fisher,Other,danielperez@example.com,+91-8424608537,India,Bangalore,Platinum,2024-04-15
7106,Todd,James,Other,wyu@example.com,+91-8630895014,India,Thiruvananthapuram,Gold,2016-09-05
7107,Nathan,Burton,Female,amandabarrera@example.net,+91-395014370,India,Coimbatore,Silver,2019-01-20
7108,Sarah,White,Male,amanda68@example.net,+91-8103124506,India,Kochi,Platinum,2024-09-16
7109,Natalie,Smith,Male,aherrera@example.net,+91-2627159015,India,Madurai,Silver,2016-09-16
7110,Amanda,May,Female,deborahmyers@example.net,958-528-0166x530,Bosnia and Herzegovina,Singapore,Silver,2018-06-09
7111,Dana,Miranda,Female,emyers@example.net,+91-7237630239,India,Vijayawada,Bronze,2020-05-17
7112,David,Taylor,Female,rclark@example.com,+91-7381128441,India,Kochi,Gold,2015-06-25
7113,Angela,Clark,Other,nrodriguez@example.org,451.993.2419x56727,Portugal,Berlin,Bronze,2021-06-02
7114,Deanna,Mckinney,Female,wendy80@example.org,(877)681-5422,Congo,Tokyo,Gold,2021-05-20
7115,Amber,Rodriguez,Other,bjensen@example.com,+91-3002653148,India,Vijayawada,Bronze,2020-06-11
7116,Justin,Robbins,Female,amber99@example.net,+91-4752404007,India,Vijayawada,Platinum,2021-09-07
7117,Justin,Cruz,Other,steven28@example.com,+91-7745544502,India,Thiruvananthapuram,Gold,2016-03-26
7118,Jacqueline,Krueger,Female,brownmelissa@example.net,+91-4762827270,India,Vijayawada,Silver,2017-06-30
7119,Megan,James,Female,ronald69@example.org,497.242.5953,Oman,Toronto,Silver,2023-12-31
7120,Kristen,Lozano,Male,sparksdarren@example.net,+91-5340861641,India,Hyderabad,Bronze,2022-03-15
7121,Shannon,Mueller,Male,vtucker@example.com,+91-4854650111,India,Vijayawada,Bronze,2023-12-26
7122,James,Sanders,Female,alicia94@example.net,+91-900110057,India,Vijayawada,Bronze,2020-12-28
7123,Sarah,Hall,Female,stacyperez@example.com,+91-1001332528,India,Chennai,Gold,2015-11-16
7124,Ryan,Weiss,Other,renee27@example.org,+91-1022929715,India,Coimbatore,Silver,2024-06-14
7125,Reginald,Henderson,Other,williammay@example.org,+91-6788894099,India,Kochi,Bronze,2022-04-25
7126,Lawrence,Hansen,Other,funderwood@example.org,+91-6845738100,India,Bangalore,Bronze,2020-07-29
7127,Dwayne,Cunningham,Male,nelsontoni@example.org,+91-916439504,India,Mysore,Platinum,2021-10-08
7128,Jackson,Hoffman,Male,patrickmarshall@example.org,895.788.3977,Sweden,Los Angeles,Gold,2019-08-13
7129,Kristen,Thompson,Male,bradleyjoe@example.net,+91-3672735,India,Hyderabad,Bronze,2019-12-05
7130,Angela,Middleton,Other,heather57@example.org,+91-3213342628,India,Madurai,Silver,2019-12-05
7131,Hayley,Torres,Other,garciadiane@example.com,+91-6087997483,India,Bangalore,Bronze,2019-02-26
7132,Daniel,Nguyen,Male,qwebster@example.org,+91-5873534269,India,Madurai,Bronze,2021-09-11
7133,Dakota,Dixon,Male,georgesparks@example.net,+91-2907175757,India,Mysore,Silver,2016-03-29
7134,Stephanie,Scott,Other,powersstacy@example.org,001-291-269-9544,Cook Islands,New York,Bronze,2019-09-18
7135,Tracey,Parker,Other,porterwilliam@example.org,+91-5244534584,India,Bangalore,Gold,2022-03-31
7136,Craig,Mora,Other,hmcdowell@example.net,+91-3092358990,India,Madurai,Bronze,2020-05-08
7137,Paul,Schultz,Other,gmckinney@example.org,+91-3458383092,India,Mysore,Silver,2020-11-17
7138,Gerald,Gonzalez,Other,paulheather@example.org,220.360.6002x25946,Grenada,London,Bronze,2016-04-13
7139,Bryan,Wood,Male,jose32@example.com,(577)876-7806x20841,Poland,Sydney,Silver,2022-12-07
7140,Brooke,Evans,Other,mcdonaldmichael@example.net,+91-294620318,India,Visakhapatnam,Gold,2021-10-08
7141,Alexandra,Thompson,Male,wtorres@example.com,+91-8126105541,India,Madurai,Platinum,2023-12-03
7142,Jessica,Smith,Male,christineking@example.com,+91-5344811281,India,Visakhapatnam,Silver,2024-05-17
7143,Philip,Cobb,Other,westnicole@example.org,+91-1788287971,India,Thiruvananthapuram,Gold,2018-09-18
7144,Nicole,Copeland,Female,cromero@example.com,+91-2954243489,India,Hyderabad,Silver,2018-11-21
7145,Tami,Malone,Male,michelleturner@example.org,+91-7318698434,India,Visakhapatnam,Silver,2021-06-19
7146,Brandon,Davis,Other,ericparker@example.net,+91-5510686077,India,Visakhapatnam,Bronze,2019-08-12
7147,Tasha,Fernandez,Female,uwatson@example.org,+91-5154605042,India,Vijayawada,Bronze,2022-01-06
7148,Lisa,Jordan,Other,iwalker@example.net,+91-594811456,India,Vijayawada,Silver,2023-09-06
7149,James,Smith,Male,ogardner@example.net,+91-7437809894,India,Madurai,Bronze,2022-12-16
7150,Gregory,Larsen,Other,stephaniethompson@example.com,+91-505417647,India,Bangalore,Bronze,2022-07-21
7151,Alexander,Cross,Female,michaelbowen@example.org,+91-2877037829,India,Chennai,Platinum,2023-09-14
7152,Jason,Soto,Female,combsdavid@example.com,+91-119722930,India,Vijayawada,Platinum,2016-11-26
7153,Elizabeth,Chang,Other,sarah12@example.org,+91-7001534343,India,Kochi,Gold,2015-07-11
7154,Matthew,Richard,Male,betty56@example.com,+91-9651109332,India,Coimbatore,Gold,2022-07-09
7155,Willie,Ochoa,Male,saradelacruz@example.org,+91-3511482135,India,Chennai,Silver,2025-02-01
7156,Nathan,Anderson,Female,mikayla19@example.net,+91-8058121050,India,Chennai,Silver,2024-05-19
7157,Ashley,Brown,Male,kingjoan@example.com,+91-2056133185,India,Madurai,Bronze,2022-06-11
7158,Luke,Smith,Other,josecardenas@example.com,+91-6050075166,India,Visakhapatnam,Silver,2021-11-08
7159,John,Mckee,Male,kevinwilcox@example.org,5922378860,Namibia,Dubai,Bronze,2022-07-03
7160,Philip,Escobar,Female,hinesjared@example.com,+91-2156333425,India,Madurai,Silver,2024-05-26
7161,Laura,Johnson,Female,mitchellchristopher@example.org,+91-5180434318,India,Madurai,Silver,2015-07-28
7162,Luis,Hernandez,Female,jmosley@example.com,668-587-3970x45847,Latvia,New York,Bronze,2019-11-03
7163,Sean,Scott,Other,pnewton@example.net,+91-4315029457,India,Kochi,Silver,2018-06-08
7164,Nathaniel,Walker,Other,larrycampbell@example.com,001-553-291-7579x740,Indonesia,London,Platinum,2019-08-31
7165,Emily,King,Male,matthew10@example.net,+91-4909466401,India,Chennai,Bronze,2022-11-05
7166,Jeff,Parker,Female,robertlittle@example.com,2958290822,Grenada,Singapore,Platinum,2021-11-03
7167,Timothy,Franklin,Other,oheath@example.com,+91-5951894557,India,Hyderabad,Bronze,2018-10-04
7168,Dorothy,Newman,Male,sbenson@example.com,+91-7992711402,India,Mysore,Bronze,2023-11-22
7169,John,Smith,Female,frank24@example.net,+91-3222190971,India,Hyderabad,Gold,2024-11-06
7170,Ricardo,Medina,Other,xhunter@example.org,(993)574-7169x31418,Honduras,Tokyo,Platinum,2023-12-02
7171,Steven,Francis,Male,christopherparker@example.org,4675069064,Saint Barthelemy,Berlin,Bronze,2021-06-14
7172,Kelly,Norman,Other,cynthia66@example.com,+91-6471994276,India,Kochi,Gold,2019-07-12
7173,Gregory,Butler,Other,aarongomez@example.net,900-919-2058x8090,Malta,Sydney,Bronze,2015-10-29
7174,Sheila,Cameron,Male,eric71@example.net,+1-636-575-1320x35083,Central African Republic,London,Silver,2024-06-22
7175,Alec,Reed,Male,knightsandra@example.net,+91-2718409370,India,Bangalore,Platinum,2015-12-31
7176,Nicholas,Thompson,Male,ulewis@example.org,+91-9666013678,India,Vijayawada,Gold,2025-03-18
7177,Anthony,Weaver,Female,nathan54@example.net,(948)811-6621x723,Burundi,London,Bronze,2019-01-05
7178,James,Park,Female,mark07@example.net,+91-6049274784,India,Bangalore,Silver,2020-02-04
7179,William,Garcia,Male,mmarks@example.org,+91-1439323488,India,Kochi,Bronze,2024-09-17
7180,Paul,Horton,Male,dalton67@example.org,+91-2607109232,India,Mysore,Silver,2019-11-18
7181,Kathleen,Williams,Other,kim22@example.org,+91-5951485381,India,Chennai,Platinum,2019-04-13
7182,Jeffrey,Caldwell,Male,pearsonphilip@example.net,+91-6339814091,India,Madurai,Gold,2020-08-04
7183,George,Martinez,Female,nicole34@example.net,+91-3041233984,India,Mysore,Platinum,2016-03-05
7184,Richard,Bean,Male,yvette15@example.com,+91-2327280348,India,Coimbatore,Silver,2021-06-18
7185,John,Smith,Other,robin20@example.org,+91-3260171580,India,Kochi,Bronze,2021-03-10
7186,Alexandra,Patel,Other,lewiskristie@example.org,+91-9460826881,India,Hyderabad,Platinum,2017-05-24
7187,Philip,Kelley,Male,charlesreed@example.net,+91-6976733504,India,Hyderabad,Bronze,2018-04-13
7188,Samuel,Wilson,Other,chogan@example.org,+91-9470643223,India,Mysore,Silver,2023-09-14
7189,Nicholas,Casey,Male,groberts@example.net,+91-3434035647,India,Mysore,Bronze,2019-07-11
7190,Leslie,Jones,Female,sdecker@example.net,+91-653517310,India,Kochi,Gold,2022-12-10
7191,Melissa,Stewart,Male,andrewgray@example.org,+91-6459345185,India,Chennai,Gold,2024-04-04
7192,Mark,Patel,Other,alexanderstephen@example.net,+1-539-404-660,Singapore,Sydney,Bronze,2023-01-18
7193,Jonathan,Jones,Other,bauerwilliam@example.net,+91-8487467528,India,Vijayawada,Bronze,2022-11-17
7194,Rickey,Brown,Male,donald86@example.org,+91-2581747819,India,Thiruvananthapuram,Gold,2021-01-06
7195,Ariel,Davis,Male,goodmaneric@example.net,+91-4490471924,India,Vijayawada,Gold,2022-03-12
7196,Brian,Castro,Female,rachelmcpherson@example.com,+91-1310156668,India,Chennai,Bronze,2018-08-24
7197,Ashley,Calderon,Female,espinozacheryl@example.net,836.581.4286,Libyan Arab Jamahiriya,Singapore,Bronze,2022-12-23
7198,Michael,Bishop,Other,stephen30@example.net,+91-2408370290,India,Coimbatore,Platinum,2017-03-02
7199,Tony,Walker,Male,nicholasnelson@example.com,+91-9501646657,India,Visakhapatnam,Bronze,2018-02-17
7200,Cassandra,Harris,Female,teresanelson@example.com,+91-3616611309,India,Mysore,Bronze,2023-10-21
7201,Linda,George,Male,melissa97@example.net,+91-9647267729,India,Coimbatore,Bronze,2022-04-26
7202,Patrick,Day,Female,ginarichards@example.com,+91-3499189515,India,Chennai,Bronze,2019-05-16
7203,Cheryl,Kennedy,Male,johnsonkarina@example.org,+91-5723503603,India,Bangalore,Bronze,2021-12-22
7204,April,Garcia,Female,kmoore@example.com,+91-6522807660,India,Vijayawada,Bronze,2021-02-15
7205,William,Huffman,Female,lindagibson@example.org,+91-7404310498,India,Coimbatore,Silver,2021-02-04
7206,Linda,Peterson,Male,umanning@example.org,+91-3288010733,India,Madurai,Bronze,2019-04-19
7207,Shannon,Robinson,Male,patrick92@example.com,375-999-5445x4018,Paraguay,Tokyo,Bronze,2018-05-17
7208,Alexander,Ellison,Other,cameron72@example.org,+91-7239913959,India,Kochi,Silver,2018-03-08
7209,John,Martin,Female,anolan@example.org,+91-7554719647,India,Coimbatore,Silver,2023-06-06
7210,Eric,Maxwell,Male,donna22@example.com,+91-5350905406,India,Vijayawada,Gold,2020-11-20
7211,Christian,Lowery,Other,marissa24@example.net,+91-2828652125,India,Thiruvananthapuram,Platinum,2024-12-20
7212,Theresa,Mullins,Male,lisa68@example.com,+91-7695746033,India,Chennai,Bronze,2018-06-21
7213,John,Johnson,Male,phicks@example.com,+91-6376209875,India,Coimbatore,Bronze,2022-04-24
7214,Connor,Singh,Female,rle@example.org,(882)679-8121,Poland,Paris,Silver,2024-09-28
7215,Cody,Sims,Other,lawrence19@example.org,+91-9712640755,India,Chennai,Silver,2021-05-26
7216,Rachel,Velasquez,Female,gnewton@example.com,+91-2470880244,India,Bangalore,Bronze,2025-02-26
7217,Trevor,Blankenship,Male,irocha@example.org,+91-9709902205,India,Bangalore,Bronze,2024-09-25
7218,Kylie,Perez,Male,daniel95@example.com,+91-6085071271,India,Bangalore,Gold,2022-04-30
7219,Krista,Key,Female,alexander77@example.net,+91-1555386658,India,Vijayawada,Bronze,2021-04-07
7220,Christopher,Nolan,Male,matthewcarter@example.com,+91-5482318674,India,Bangalore,Silver,2023-08-02
7221,Kenneth,Chen,Male,nthomas@example.com,+91-2431020843,India,Chennai,Silver,2018-11-03
7222,Tina,Smith,Other,jonathan71@example.org,(850)988-2633,Costa Rica,Sydney,Gold,2025-01-19
7223,Raymond,Boyd,Female,hernandezlindsey@example.com,+91-1420327793,India,Madurai,Gold,2021-06-22
7224,Jason,Hernandez,Female,ashley58@example.org,+91-8829363976,India,Mysore,Silver,2016-05-21
7225,Kristin,Pratt,Male,dennismary@example.com,+91-6204790251,India,Vijayawada,Bronze,2023-07-06
7226,Lisa,Rodriguez,Other,emily22@example.org,+91-2160549875,India,Bangalore,Silver,2023-08-29
7227,Jamie,Beck,Female,scottmeyer@example.com,+91-5286611620,India,Coimbatore,Bronze,2017-07-14
7228,Danny,Harris,Female,harrisamanda@example.net,+91-5838433199,India,Bangalore,Bronze,2018-07-09
7229,Brittany,Long,Other,frichardson@example.net,+91-6946424726,India,Kochi,Platinum,2020-12-11
7230,Danielle,Lewis,Female,brendawebster@example.org,+91-3228503035,India,Chennai,Bronze,2019-09-16
7231,Brett,Ross,Male,eric43@example.org,+91-6245360433,India,Madurai,Silver,2017-06-02
7232,Monica,Johnson,Male,tonyaharris@example.com,992-946-1477,Anguilla,Singapore,Bronze,2015-10-29
7233,Rhonda,Henderson,Male,davidkeller@example.com,+91-3343107096,India,Vijayawada,Silver,2018-02-12
7234,Courtney,Campos,Female,petersonmegan@example.net,+91-6137941901,India,Madurai,Bronze,2023-04-05
7235,Sharon,Frank,Other,bowersmelissa@example.com,+91-7705680743,India,Chennai,Silver,2017-03-15
7236,Jeffrey,Clark,Other,fkemp@example.net,+91-5132115083,India,Mysore,Silver,2022-06-28
7237,Amber,Beasley,Other,kallen@example.net,+91-8478267905,India,Visakhapatnam,Bronze,2023-07-25
7238,Leslie,Mccarthy,Male,rickywhite@example.net,569-381-3403x5867,Djibouti,Los Angeles,Bronze,2018-03-28
7239,Pamela,Mueller,Female,ronaldstevens@example.org,+91-8570911402,India,Chennai,Bronze,2019-02-01
7240,Shannon,Atkinson,Other,phillip97@example.org,+91-5875115165,India,Vijayawada,Platinum,2015-12-24
7241,Jeremy,Davis,Male,wyattwright@example.org,+91-7796133970,India,Vijayawada,Bronze,2017-10-29
7242,Carlos,Newman,Male,blankenshipanthony@example.com,+91-6966861254,India,Thiruvananthapuram,Silver,2020-04-27
7243,Christopher,Murray,Other,anthonygriffith@example.org,+91-7602424524,India,Bangalore,Bronze,2023-04-17
7244,Joshua,Salazar,Male,jody94@example.net,+91-5555127636,India,Chennai,Silver,2023-09-03
7245,Alexander,Moore,Other,paul54@example.net,+91-5880455726,India,Coimbatore,Silver,2021-06-02
7246,Scott,Hall,Male,mclayton@example.org,+91-388904482,India,Kochi,Silver,2017-08-14
7247,Gregory,Santos,Other,robertsdavid@example.org,721.812.6414x978,Azerbaijan,Sydney,Silver,2019-01-30
7248,Daniel,Taylor,Other,fchase@example.com,5464822609,Oman,Singapore,Bronze,2017-01-21
7249,Carrie,Smith,Male,alisonhuynh@example.net,761-955-2483x1199,Austria,Los Angeles,Silver,2024-04-26
7250,Taylor,Johnson,Female,jennifergonzales@example.net,+91-1658674733,India,Coimbatore,Silver,2017-07-23
7251,Tammy,Anderson,Other,sean88@example.org,+91-1055092380,India,Hyderabad,Bronze,2017-09-15
7252,Anthony,Anderson,Female,slittle@example.org,+91-2209799241,India,Chennai,Silver,2021-08-21
7253,Robert,Williamson,Female,johnsmith@example.net,+91-6201254619,India,Vijayawada,Bronze,2021-11-08
7254,Kristy,Martin,Female,brian12@example.com,+91-8357185329,India,Mysore,Bronze,2022-11-30
7255,Ann,Munoz,Other,robertsdeborah@example.org,+91-2069777966,India,Visakhapatnam,Platinum,2016-10-06
7256,Christopher,Hebert,Male,leeanthony@example.net,+91-5810004955,India,Madurai,Bronze,2017-06-08
7257,Donald,Ramos,Female,ialexander@example.com,+91-4883506085,India,Chennai,Gold,2016-12-21
7258,Sarah,Harris,Other,kennethaustin@example.org,+91-8174915540,India,Visakhapatnam,Bronze,2016-09-06
7259,Jonathan,Chavez,Other,ericksonchristopher@example.org,+91-3358659785,India,Coimbatore,Silver,2024-10-16
7260,Ronnie,Murray,Male,joseph26@example.net,+91-8427819468,India,Hyderabad,Bronze,2025-04-22
7261,Jennifer,Crawford,Male,mooreanthony@example.org,352-377-3689,Denmark,Los Angeles,Gold,2023-04-29
7262,Russell,Miller,Female,nmiller@example.net,+91-2499913035,India,Kochi,Bronze,2020-06-28
7263,Joshua,Hall,Male,joshua75@example.net,+91-5398018935,India,Mysore,Gold,2023-12-05
7264,Cody,Hanson,Male,kathydavis@example.net,+91-3849710655,India,Mysore,Silver,2018-10-13
7265,Katherine,Brown,Female,sarasmall@example.com,+91-8942205450,India,Visakhapatnam,Bronze,2024-05-16
7266,Candice,Fisher,Female,adamwatkins@example.com,+91-44858944,India,Visakhapatnam,Bronze,2025-02-25
7267,Mary,Zhang,Male,ibush@example.com,+91-5073405427,India,Visakhapatnam,Bronze,2017-07-21
7268,Kevin,Patel,Female,shawkyle@example.net,+91-1340119716,India,Thiruvananthapuram,Bronze,2024-08-30
7269,Jamie,Pennington,Other,jasmine70@example.com,+91-1808509475,India,Bangalore,Silver,2025-03-16
7270,Ashley,Galvan,Male,barbara81@example.com,+91-3441210991,India,Madurai,Bronze,2019-06-02
7271,Ryan,Jones,Other,douglaswilliams@example.com,+91-8813722796,India,Chennai,Silver,2021-11-13
7272,Rodney,Martinez,Female,daniel23@example.com,+91-8955137523,India,Bangalore,Bronze,2020-02-26
7273,Leslie,Lewis,Other,ymcneil@example.com,+91-3291449915,India,Bangalore,Gold,2019-01-31
7274,Tyler,Holmes,Female,dcollins@example.com,+91-4724100654,India,Hyderabad,Bronze,2024-12-05
7275,John,Lane,Other,zlittle@example.com,+91-1029766875,India,Vijayawada,Bronze,2018-09-06
7276,Natasha,Burton,Male,emilymckenzie@example.net,+91-6913233255,India,Vijayawada,Platinum,2021-08-16
7277,Stephen,Hoffman,Other,carlsonmatthew@example.net,+91-4971473183,India,Bangalore,Bronze,2023-09-03
7278,Heather,Martin,Female,ybailey@example.com,+91-379347105,India,Mysore,Platinum,2017-12-01
7279,Jessica,Mclaughlin,Male,middletonkelly@example.net,+91-8033684370,India,Bangalore,Bronze,2015-08-18
7280,Timothy,Moore,Female,sarahlopez@example.net,+91-3474129046,India,Kochi,Silver,2021-05-06
7281,Carolyn,George,Female,uthompson@example.org,(323)240-6591x3460,Myanmar,Los Angeles,Bronze,2016-04-20
7282,Melanie,Smith,Female,palmerstephanie@example.org,+1-591-422-3333x2086,Dominica,Toronto,Silver,2023-03-20
7283,Larry,Ramos,Female,uramirez@example.net,383-841-8357x0325,Bermuda,Singapore,Silver,2018-05-26
7284,Arthur,Baker,Male,tom64@example.net,(346)424-0771,Saint Barthelemy,London,Bronze,2019-10-26
7285,Nancy,Hansen,Other,gardnerlaura@example.org,+91-794440194,India,Bangalore,Gold,2023-08-28
7286,Beth,Bradford,Other,brandy82@example.org,(331)777-6843,Uganda,Dubai,Platinum,2016-03-17
7287,Brian,Lloyd,Other,jenniferbarrett@example.com,+1-362-915-2220x87587,Chile,Singapore,Gold,2022-03-01
7288,Laura,Lopez,Female,thompsontammy@example.org,+91-5026146834,India,Visakhapatnam,Bronze,2019-05-22
7289,Daniel,Jefferson,Female,williamsbrian@example.com,+1-614-406-3039,Saint Vincent and the Grenadines,Tokyo,Bronze,2023-11-29
7290,Dawn,Abbott,Other,bortiz@example.com,+91-7259166334,India,Coimbatore,Bronze,2019-02-18
7291,Justin,Farmer,Other,nicole78@example.net,899.538.2590,Estonia,Toronto,Gold,2018-05-17
7292,Samantha,Brown,Male,alan14@example.com,+91-6774116778,India,Vijayawada,Silver,2018-06-09
7293,Crystal,Baldwin,Other,shirleysanchez@example.org,+91-635428046,India,Mysore,Gold,2019-08-13
7294,Mallory,Thomas,Female,neallisa@example.com,+91-4741916080,India,Mysore,Gold,2024-04-02
7295,Alice,Butler,Female,taradecker@example.net,+91-6493349903,India,Kochi,Silver,2023-08-08
7296,Julie,Dixon,Other,evansdana@example.org,+91-5076814037,India,Mysore,Bronze,2016-08-08
7297,Joseph,Irwin,Other,tuckerstacy@example.com,+91-7548847235,India,Madurai,Silver,2024-04-28
7298,Autumn,Alexander,Other,arnoldjay@example.com,+91-2401925762,India,Thiruvananthapuram,Bronze,2015-10-16
7299,Katelyn,Stein,Male,douglas49@example.com,+91-6841031908,India,Bangalore,Silver,2024-02-28
7300,David,Mays,Female,larsenheather@example.org,+91-8386990715,India,Madurai,Gold,2017-10-15
7301,Regina,Miller,Other,kelly31@example.net,+91-3059499390,India,Coimbatore,Silver,2019-07-18
7302,Stephanie,Turner,Other,andrewgriffith@example.com,001-697-307-2267x590,Singapore,Sydney,Silver,2021-09-26
7303,Paul,Richardson,Other,masseycarlos@example.com,+91-6223419830,India,Coimbatore,Silver,2018-08-20
7304,Marissa,Johnson,Female,wardjason@example.com,+91-3990295483,India,Madurai,Silver,2022-10-01
7305,Ryan,Hoffman,Female,bullockkevin@example.org,+91-1281842004,India,Kochi,Bronze,2023-05-02
7306,Timothy,Guerra,Other,shellyhoward@example.org,+91-3340752593,India,Bangalore,Silver,2021-02-11
7307,Alice,Larson,Female,elopez@example.org,+91-5651624698,India,Madurai,Bronze,2025-03-31
7308,Geoffrey,York,Female,hruiz@example.net,(271)958-3651,Gibraltar,Dubai,Bronze,2022-10-06
7309,Jimmy,Wang,Female,ebyrd@example.com,001-713-807-6435x195,Cook Islands,Los Angeles,Gold,2019-10-29
7310,Gregory,Todd,Female,floresdeborah@example.org,+91-6579166730,India,Bangalore,Silver,2024-11-26
7311,Vanessa,Padilla,Other,justin23@example.com,+91-8450372580,India,Coimbatore,Bronze,2022-04-14
7312,Todd,Haley,Other,rwinters@example.net,+91-2688331166,India,Thiruvananthapuram,Bronze,2016-01-24
7313,Autumn,Watson,Female,smckee@example.com,+91-9532410710,India,Vijayawada,Bronze,2016-12-03
7314,Lori,Miller,Other,daniellerobinson@example.org,+91-3874809227,India,Bangalore,Gold,2024-05-11
7315,Debra,Lewis,Female,victoria91@example.com,211.876.4584x30474,Guinea-Bissau,New York,Silver,2024-10-11
7316,Charles,Rivera,Female,jessica35@example.com,001-663-297-4295x402,Isle of Man,London,Bronze,2024-04-03
7317,April,West,Other,rodriguezerica@example.net,550.671.0356x510,Nauru,Singapore,Bronze,2016-05-10
7318,Gary,Griffin,Other,emitchell@example.com,+91-6740807956,India,Hyderabad,Gold,2017-12-28
7319,Caroline,Castro,Other,robertsjessica@example.net,+91-3603436102,India,Vijayawada,Gold,2016-07-16
7320,Rachel,Morris,Female,kjohnson@example.org,+91-2591453166,India,Chennai,Silver,2020-05-19
7321,Chad,Davis,Male,brownrichard@example.net,+91-4911770799,India,Madurai,Silver,2019-01-04
7322,Beverly,Washington,Female,fletcheramy@example.org,+91-751232536,India,Thiruvananthapuram,Bronze,2016-03-02
7323,Shelley,Ross,Male,jchapman@example.org,+91-8987148735,India,Thiruvananthapuram,Bronze,2022-07-07
7324,Mario,Sanchez,Female,smithpaul@example.com,+91-3019462332,India,Thiruvananthapuram,Silver,2022-06-04
7325,Savannah,Mendoza,Other,judywaller@example.org,338-407-7903x3226,Cameroon,London,Platinum,2016-08-01
7326,Sheila,Stokes,Female,brookspatrick@example.com,279.325.9986x25498,Iran,Paris,Bronze,2015-10-20
7327,Donna,Alexander,Male,richardcampos@example.net,+91-8178008578,India,Madurai,Bronze,2022-06-23
7328,Christopher,Jackson,Male,jeffreyknight@example.net,+1-925-483-2246x79108,Isle of Man,Singapore,Silver,2021-04-22
7329,Scott,Campos,Female,martinezpaula@example.com,+91-431734213,India,Vijayawada,Gold,2020-10-17
7330,April,Kennedy,Female,ckemp@example.org,590-866-7947x5733,Finland,Dubai,Silver,2024-06-10
7331,Paula,Williams,Other,livingstontracy@example.com,+91-7392439302,India,Coimbatore,Bronze,2016-09-21
7332,Christopher,Reed,Other,zsmith@example.org,+91-6586802820,India,Visakhapatnam,Silver,2022-12-28
7333,Joanne,Moreno,Male,crystal32@example.com,+91-3821898474,India,Mysore,Bronze,2021-02-03
7334,Jennifer,Castillo,Other,doliver@example.org,+91-2988833177,India,Thiruvananthapuram,Bronze,2016-06-22
7335,Vanessa,Williams,Male,william52@example.com,001-228-788-9582x9180,Guatemala,Dubai,Gold,2016-09-22
7336,Jacob,Smith,Female,joshua92@example.com,+91-2943070799,India,Kochi,Bronze,2018-03-30
7337,Donald,Morales,Male,megan61@example.org,+91-9730341610,India,Hyderabad,Gold,2018-06-09
7338,Leah,Henry,Other,todd40@example.com,+91-7788266072,India,Coimbatore,Silver,2019-11-12
7339,Joseph,Guzman,Female,jacobhill@example.org,+91-8638672619,India,Bangalore,Silver,2019-09-02
7340,Spencer,Martinez,Male,oyang@example.com,+91-5183601415,India,Thiruvananthapuram,Bronze,2022-04-13
7341,Sherry,Johnston,Female,xsilva@example.org,(858)999-1836,Mauritius,Dubai,Gold,2017-06-14
7342,Manuel,Hoover,Male,deckertravis@example.org,+91-9880069064,India,Hyderabad,Bronze,2015-10-27
7343,Susan,Mcpherson,Female,wyattnicole@example.com,+91-7364016461,India,Visakhapatnam,Bronze,2015-11-08
7344,Sean,Mccarthy,Male,schroederjennifer@example.com,(671)335-1591x504,Vanuatu,New York,Bronze,2018-09-24
7345,Susan,Martinez,Other,kvega@example.net,+91-1873358337,India,Madurai,Silver,2024-05-17
7346,Katherine,Wheeler,Male,flee@example.com,+91-6168431967,India,Chennai,Gold,2022-03-07
7347,Emily,Calhoun,Other,frosttami@example.org,+91-6083485278,India,Vijayawada,Bronze,2016-09-30
7348,Paul,Robinson,Male,andersonkristopher@example.net,+91-9683347016,India,Visakhapatnam,Bronze,2015-05-25
7349,Melissa,Rose,Female,martinezjesus@example.net,+91-8875506544,India,Visakhapatnam,Gold,2025-02-26
7350,Jessica,Snyder,Other,diane80@example.org,+91-8750616123,India,Visakhapatnam,Gold,2018-02-19
7351,Jason,Gordon,Female,taylorjesse@example.com,+91-1883864374,India,Hyderabad,Platinum,2024-06-06
7352,Rebecca,Hernandez,Female,shawngreene@example.org,+91-5801780773,India,Chennai,Bronze,2017-02-05
7353,Anthony,Maxwell,Male,dmiller@example.com,+91-5607281027,India,Thiruvananthapuram,Gold,2017-03-19
7354,Drew,Norman,Male,millerscott@example.com,+91-2923120037,India,Thiruvananthapuram,Bronze,2019-04-21
7355,Ricky,Johnson,Female,coxdarryl@example.com,+91-8321076295,India,Madurai,Bronze,2018-02-06
7356,Stephen,Bullock,Male,tammy34@example.com,+91-9268496468,India,Chennai,Silver,2019-04-20
7357,Darren,Lopez,Male,iwilkinson@example.com,+91-7994410215,India,Madurai,Silver,2019-07-15
7358,Katelyn,Parker,Other,henry42@example.org,+91-3908782750,India,Hyderabad,Bronze,2015-07-07
7359,Danielle,Davis,Female,scottellis@example.org,+91-757497220,India,Vijayawada,Silver,2025-02-07
7360,Bryan,Carpenter,Other,martha30@example.org,+91-3791739012,India,Thiruvananthapuram,Silver,2020-04-19
7361,Alvin,Skinner,Other,april75@example.com,+91-6584343429,India,Chennai,Bronze,2025-03-19
7362,Mario,Brown,Other,chenchelsea@example.net,+91-2675456020,India,Vijayawada,Bronze,2017-06-18
7363,Ashley,Alexander,Female,xcarr@example.com,+91-9535967400,India,Vijayawada,Bronze,2016-09-24
7364,Bethany,James,Other,tadkins@example.net,+91-7078375257,India,Thiruvananthapuram,Gold,2021-08-16
7365,Levi,Glass,Male,contrerasgabriel@example.org,+91-6133117468,India,Vijayawada,Silver,2022-07-11
7366,Shelley,Torres,Female,swest@example.com,+91-8118212610,India,Hyderabad,Platinum,2022-09-08
7367,James,Myers,Female,xquinn@example.net,+91-2338199908,India,Mysore,Bronze,2020-12-12
7368,John,Alexander,Female,amanda49@example.org,+91-5232948239,India,Thiruvananthapuram,Bronze,2016-01-27
7369,Ronald,Jones,Other,megan44@example.net,+91-5162620632,India,Chennai,Platinum,2021-07-22
7370,Mary,Bowers,Male,brandonlandry@example.com,+91-7317760479,India,Visakhapatnam,Gold,2020-05-16
7371,Mitchell,Bell,Other,wsellers@example.org,+91-8136269502,India,Thiruvananthapuram,Bronze,2023-04-04
7372,Christopher,Hood,Male,melanie68@example.net,+1-917-655-5321x9125,Estonia,Sydney,Bronze,2021-06-18
7373,Vincent,Wagner,Female,kbryant@example.net,3568116897,Guinea-Bissau,Sydney,Platinum,2021-03-02
7374,Madeline,Oliver,Female,fwallace@example.org,+91-7115971404,India,Mysore,Platinum,2022-08-06
7375,Brian,Davis,Male,walkerlarry@example.com,+91-1132113866,India,Vijayawada,Bronze,2018-09-21
7376,Jane,Long,Other,connie01@example.net,+91-4731454134,India,Visakhapatnam,Silver,2015-11-22
7377,Steven,Macias,Male,garciarichard@example.net,+91-1142795334,India,Mysore,Bronze,2016-03-27
7378,Alan,Stanton,Male,angela48@example.org,+91-5498924353,India,Bangalore,Gold,2020-06-06
7379,Kyle,Torres,Male,dhall@example.net,+91-5897248121,India,Chennai,Bronze,2023-03-06
7380,Shannon,Johnson,Female,quinntaylor@example.net,+91-8510991301,India,Mysore,Gold,2018-07-31
7381,Nichole,White,Other,penawesley@example.com,+91-1944271127,India,Bangalore,Bronze,2024-01-09
7382,Larry,Williams,Female,smithjaime@example.net,783.574.6221x77897,Namibia,Tokyo,Bronze,2024-02-06
7383,Jennifer,Daniels,Female,andersonandre@example.org,(319)424-9217,Croatia,Toronto,Silver,2016-08-07
7384,Nathan,Pugh,Male,stephanie22@example.com,001-961-271-0839x5892,Liechtenstein,Sydney,Platinum,2024-05-18
7385,Stephanie,Jones,Other,gabrielle81@example.net,+91-5460505745,India,Vijayawada,Bronze,2019-06-03
7386,Gregory,Evans,Female,jeremy22@example.com,+91-3762434718,India,Hyderabad,Gold,2016-04-17
7387,Misty,Hunt,Female,ashley07@example.org,+91-7980765471,India,Hyderabad,Bronze,2018-11-07
7388,Troy,Luna,Male,cindyhunt@example.com,977-352-4150x465,Czech Republic,Los Angeles,Platinum,2023-03-14
7389,Jennifer,Baker,Other,tracy01@example.net,+91-628802178,India,Visakhapatnam,Bronze,2018-08-30
7390,Brittney,Torres,Female,austinmartin@example.com,+91-3139955596,India,Mysore,Bronze,2019-12-14
7391,Nicole,Rodriguez,Other,bwaters@example.net,+91-8314692723,India,Hyderabad,Silver,2018-07-06
7392,Courtney,Robinson,Other,robertmassey@example.org,+91-7643253020,India,Madurai,Bronze,2020-05-30
7393,Eric,Johnson,Other,jessica43@example.com,+91-4318825082,India,Mysore,Silver,2016-09-11
7394,Barbara,Bender,Female,johnsondaniel@example.net,+91-4019623267,India,Kochi,Gold,2022-06-04
7395,Adam,Horne,Female,rioswesley@example.org,+91-5603549062,India,Chennai,Bronze,2020-03-22
7396,Kevin,Farmer,Female,sosachad@example.net,+91-9398039384,India,Madurai,Bronze,2019-02-25
7397,James,Gill,Female,holly70@example.net,+91-4305674007,India,Madurai,Bronze,2016-06-29
7398,Meghan,Osborn,Other,yhernandez@example.net,+91-8178527452,India,Bangalore,Gold,2019-03-04
7399,Zachary,Hudson,Female,hmorrow@example.net,+91-9371953167,India,Madurai,Silver,2023-02-19
7400,Lee,Sparks,Female,rhonda07@example.net,+91-8175020746,India,Kochi,Bronze,2025-02-02
7401,Walter,Norris,Other,laura09@example.net,+91-5428531616,India,Visakhapatnam,Silver,2020-11-25
7402,Jessica,Gordon,Male,wlopez@example.net,+91-657246278,India,Bangalore,Bronze,2020-11-12
7403,William,Peterson,Other,nicholas60@example.net,942-254-4681x339,Israel,Sydney,Silver,2023-07-13
7404,David,Stewart,Female,lmorris@example.com,+91-8123525312,India,Madurai,Gold,2016-08-27
7405,Christopher,King,Female,diane98@example.net,+91-4083901357,India,Coimbatore,Platinum,2021-03-10
7406,Brian,Woods,Other,seanmiller@example.org,+91-3682688312,India,Bangalore,Bronze,2018-03-26
7407,Kelsey,Holland,Other,vmoore@example.net,+91-9274564836,India,Bangalore,Bronze,2018-04-05
7408,Maria,Howard,Male,gbrown@example.com,+91-1897035141,India,Madurai,Silver,2018-09-10
7409,James,Jarvis,Male,qdavis@example.net,+91-4817600152,India,Madurai,Gold,2021-11-17
7410,Daniel,Boyd,Male,mooremadison@example.org,+91-4660799669,India,Chennai,Gold,2015-11-10
7411,Aaron,Pham,Male,millerjustin@example.org,753-731-0978,Isle of Man,Singapore,Silver,2015-08-14
7412,Katrina,Knox,Other,peterbest@example.org,+91-9394792689,India,Madurai,Silver,2020-07-23
7413,Amy,Massey,Male,bgardner@example.org,+91-5532232250,India,Bangalore,Platinum,2016-10-31
7414,Erika,Romero,Female,nathan51@example.org,+91-5989359966,India,Madurai,Silver,2022-10-30
7415,Sherri,Harrison,Female,fwilliams@example.net,+1-308-426-9500x8217,Guadeloupe,Berlin,Platinum,2022-06-19
7416,James,Phillips,Female,troypaul@example.net,+1-897-871-6772x2510,Guinea,Paris,Bronze,2020-04-28
7417,Marc,Moore,Female,david17@example.net,001-788-933-6225x7052,Syrian Arab Republic,Paris,Gold,2022-04-30
7418,Candace,Jones,Male,patricksheppard@example.org,+91-2608813764,India,Bangalore,Silver,2023-04-29
7419,Christine,Perry,Female,xaustin@example.org,+91-2273392544,India,Bangalore,Bronze,2024-04-23
7420,Bryan,Butler,Male,lisacameron@example.org,+91-1129412653,India,Thiruvananthapuram,Platinum,2016-04-12
7421,Mathew,Blanchard,Other,henryjoshua@example.com,+91-2314074242,India,Hyderabad,Silver,2025-02-22
7422,Matthew,Houston,Other,sawyerandrew@example.com,+91-5531371413,India,Kochi,Platinum,2021-02-18
7423,Laura,Wright,Other,alexlynch@example.org,+91-2867424359,India,Mysore,Bronze,2023-04-13
7424,Zachary,Wall,Female,erinjohnston@example.com,(772)536-9354,Guernsey,Paris,Bronze,2015-07-20
7425,Dana,White,Male,wrightjennifer@example.com,+91-345786441,India,Vijayawada,Gold,2015-08-01
7426,Nicholas,Serrano,Male,anthonyperkins@example.net,+91-6481638626,India,Hyderabad,Bronze,2024-11-10
7427,Vanessa,Lyons,Male,juliegreene@example.org,+91-3437620472,India,Vijayawada,Silver,2016-07-20
7428,Christopher,Horton,Female,sarahcollins@example.org,+91-9339766455,India,Madurai,Bronze,2020-03-17
7429,Allen,Cook,Female,mathew96@example.com,+91-1825719432,India,Visakhapatnam,Bronze,2020-09-09
7430,Brian,Elliott,Female,william32@example.net,8262986810,Libyan Arab Jamahiriya,Tokyo,Gold,2022-06-22
7431,Daniel,Frederick,Male,carmenjones@example.org,+91-9375351503,India,Coimbatore,Bronze,2017-03-03
7432,Kevin,Turner,Female,tatematthew@example.net,+91-9830687961,India,Thiruvananthapuram,Bronze,2015-06-23
7433,Zachary,Mcgee,Other,maldonadobonnie@example.net,+91-2256257623,India,Hyderabad,Bronze,2021-02-13
7434,Michael,Edwards,Other,sbeasley@example.com,+91-7456251701,India,Chennai,Silver,2017-07-15
7435,Christine,Williams,Other,jonesthomas@example.net,+91-5337240361,India,Kochi,Bronze,2024-05-17
7436,Curtis,Gonzales,Male,hollymartinez@example.org,+1-686-554-7272x206,Vietnam,Sydney,Platinum,2021-05-19
7437,Kristine,Small,Male,jennifer72@example.org,001-836-396-6642x1234,Czech Republic,Toronto,Bronze,2020-12-09
7438,Jessica,Ross,Male,jeffery05@example.org,+91-981300508,India,Vijayawada,Gold,2017-02-16
7439,Brandi,Reyes,Female,tinarice@example.org,+91-2261143913,India,Chennai,Bronze,2022-10-10
7440,Donald,Newton,Female,vbrown@example.org,+91-6528499012,India,Kochi,Bronze,2023-01-20
7441,Marcus,Wright,Female,christina43@example.com,944.796.6644x75682,Namibia,Singapore,Silver,2024-06-29
7442,Michelle,Thomas,Male,williamherman@example.net,+91-5427251241,India,Bangalore,Silver,2024-06-07
7443,Todd,Moreno,Female,phillipwilson@example.org,+91-3965714040,India,Thiruvananthapuram,Silver,2019-02-25
7444,Justin,Hernandez,Female,johncunningham@example.net,+91-5552011627,India,Chennai,Silver,2018-09-07
7445,Debra,Jennings,Other,vazquezvanessa@example.com,+91-6891012831,India,Chennai,Bronze,2018-02-26
7446,Felicia,Morris,Male,rogersjanice@example.org,(654)780-2985x5800,Ethiopia,Sydney,Bronze,2022-11-18
7447,Veronica,Jones,Male,keithswanson@example.org,+91-1115173154,India,Kochi,Silver,2016-07-09
7448,Sara,Moore,Female,sheiladoyle@example.org,+91-1996880657,India,Thiruvananthapuram,Silver,2016-07-01
7449,Kimberly,Williams,Male,sarahhudson@example.org,+91-5338479127,India,Vijayawada,Silver,2019-06-07
7450,Carlos,Weaver,Female,chelseaneal@example.org,783.657.3609x275,Trinidad and Tobago,New York,Platinum,2023-02-16
7451,Ann,Daugherty,Female,fbarnett@example.net,740-610-5336x885,Tokelau,Sydney,Silver,2021-07-13
7452,Lindsay,Neal,Female,ehendricks@example.org,+91-8685748134,India,Mysore,Platinum,2023-10-13
7453,Gary,Turner,Female,laurenweiss@example.net,+91-7888166153,India,Visakhapatnam,Bronze,2015-08-06
7454,Danielle,Randall,Male,sgibbs@example.org,+1-832-807-0255x9349,Cook Islands,Los Angeles,Bronze,2020-08-17
7455,Jocelyn,Marquez,Other,heather78@example.com,+91-6830165693,India,Hyderabad,Gold,2015-09-13
7456,Cynthia,Hughes,Female,lmcdonald@example.org,+91-338144705,India,Coimbatore,Silver,2016-09-03
7457,Michelle,Taylor,Other,kcoleman@example.com,+91-4507606003,India,Vijayawada,Silver,2019-10-27
7458,Grant,Porter,Male,sarah77@example.org,+91-3895479373,India,Madurai,Bronze,2021-06-17
7459,Jacob,Haas,Other,hendersonaudrey@example.com,+91-9402637404,India,Hyderabad,Gold,2025-03-16
7460,Richard,Hughes,Female,michelle56@example.net,(535)785-2181x55448,Nepal,Sydney,Gold,2019-03-30
7461,Carol,Anderson,Male,christine56@example.org,+91-4000892509,India,Mysore,Silver,2023-04-12
7462,David,Reeves,Female,landerson@example.net,+91-1038664153,India,Chennai,Gold,2015-06-30
7463,Colleen,Mendez,Female,gfletcher@example.org,+91-5605554176,India,Visakhapatnam,Bronze,2024-07-30
7464,James,Cervantes,Male,michaelcummings@example.org,+91-3445803998,India,Visakhapatnam,Bronze,2023-12-18
7465,Cody,Mccullough,Female,fgallagher@example.com,+91-5245926047,India,Visakhapatnam,Gold,2020-05-19
7466,Lisa,Sparks,Female,kendrawilson@example.org,+91-3378655947,India,Visakhapatnam,Silver,2015-07-17
7467,Tyrone,Alvarado,Female,myersrachel@example.com,+91-7529743860,India,Hyderabad,Bronze,2016-11-14
7468,Katherine,Hernandez,Female,gblack@example.org,001-973-259-0660x608,Central African Republic,London,Silver,2017-08-02
7469,Amanda,Cannon,Male,lonnieray@example.org,+91-6260943285,India,Mysore,Bronze,2016-01-09
7470,John,Kidd,Male,kimcindy@example.com,+91-8567752744,India,Vijayawada,Silver,2020-04-02
7471,Lisa,Davidson,Female,gallegosmaria@example.com,+91-4784408926,India,Bangalore,Silver,2019-08-26
7472,Amber,Moore,Other,fgreen@example.com,+91-4572774452,India,Madurai,Bronze,2022-01-20
7473,Kimberly,Mahoney,Other,ewagner@example.net,+91-2833803224,India,Vijayawada,Gold,2022-10-28
7474,Emma,Andrade,Female,ealexander@example.org,+91-6493231484,India,Visakhapatnam,Silver,2022-03-04
7475,Jennifer,Erickson,Male,josemercado@example.net,+91-6937995188,India,Bangalore,Silver,2017-03-26
7476,Dale,Davis,Female,wagneredward@example.org,+91-4245548481,India,Madurai,Bronze,2023-07-04
7477,Ryan,Bates,Other,jennifer62@example.org,(892)365-0749x1673,Egypt,Sydney,Bronze,2019-11-10
7478,Deborah,Newman,Female,michael62@example.com,+91-2034916047,India,Hyderabad,Bronze,2015-07-29
7479,Linda,Leon,Female,edwardshelen@example.net,+91-845974698,India,Coimbatore,Gold,2021-05-04
7480,Dustin,Grimes,Female,breyes@example.com,+91-1364963840,India,Madurai,Gold,2021-07-07
7481,Virginia,Jones,Other,fcarter@example.org,365-477-3443x71314,American Samoa,Dubai,Silver,2023-08-05
7482,Daniel,Williams,Other,joseph30@example.net,+91-1132183287,India,Vijayawada,Platinum,2020-01-07
7483,Troy,Curry,Male,jonesteresa@example.net,+91-2791054781,India,Chennai,Bronze,2024-12-11
7484,Keith,Cochran,Female,rachel69@example.org,+91-4946932726,India,Hyderabad,Silver,2024-11-30
7485,Dominic,Murray,Female,steven59@example.com,+91-1761767655,India,Vijayawada,Bronze,2023-12-20
7486,Lisa,Lynch,Female,yhunter@example.net,+91-9818605229,India,Vijayawada,Bronze,2022-12-25
7487,Pamela,Perez,Other,riverabeth@example.net,558.707.0241,Samoa,Berlin,Bronze,2019-04-28
7488,Jennifer,Pierce,Male,brownbilly@example.org,+91-9297352899,India,Coimbatore,Bronze,2023-05-08
7489,Steven,Thomas,Female,jennifer41@example.org,+91-7351658356,India,Vijayawada,Silver,2023-06-08
7490,Cynthia,Frey,Other,jenkinslawrence@example.net,+91-215273379,India,Bangalore,Gold,2015-05-31
7491,Karen,Foley,Other,sean14@example.com,+91-7043586673,India,Vijayawada,Gold,2018-08-26
7492,Kenneth,Lane,Other,julie49@example.net,+91-4530868682,India,Bangalore,Bronze,2020-10-01
7493,John,George,Other,lsaunders@example.org,+91-316304821,India,Visakhapatnam,Bronze,2020-03-31
7494,Gary,Brewer,Other,michaelkelley@example.com,+91-4502400344,India,Kochi,Gold,2018-12-18
7495,Kimberly,Collins,Female,millerjennifer@example.net,+91-6167289587,India,Mysore,Bronze,2016-01-05
7496,Kelly,Torres,Female,shaunprice@example.org,+91-2511429980,India,Visakhapatnam,Bronze,2018-06-05
7497,Lindsey,Barnes,Male,christianromero@example.com,+91-1972002404,India,Hyderabad,Platinum,2017-05-14
7498,Morgan,Barnes,Male,xcarrillo@example.com,946.329.0401x73409,Jordan,Tokyo,Silver,2018-12-20
7499,Valerie,Robles,Other,andrea12@example.net,+1-643-288-8665x9345,Seychelles,London,Gold,2023-12-12
7500,Heather,Davis,Female,derek48@example.net,+91-8226306200,India,Coimbatore,Gold,2016-11-10
7501,Robert,Castillo,Other,zholland@example.org,+1-232-370-5571,Brunei Darussalam,Paris,Bronze,2019-05-30
7502,Dana,Wilson,Other,nathandoyle@example.org,+91-7958914347,India,Kochi,Gold,2017-11-11
7503,Amy,Avery,Male,fostercraig@example.net,+91-4803478619,India,Thiruvananthapuram,Silver,2016-08-24
7504,Tony,Burke,Female,maryjohnson@example.com,+91-1456137348,India,Kochi,Gold,2021-07-04
7505,Elizabeth,Ware,Female,zmcintosh@example.org,+1-568-356-5006x3418,Kenya,London,Silver,2021-02-14
7506,Jason,Dodson,Female,parkerkenneth@example.com,+91-747328033,India,Vijayawada,Bronze,2015-06-25
7507,Andrea,Vaughn,Female,erik65@example.org,+91-842066362,India,Hyderabad,Gold,2022-11-11
7508,Angela,Gomez,Male,timothysimmons@example.org,+91-8935311331,India,Hyderabad,Bronze,2016-09-16
7509,Stephanie,Logan,Other,shannon87@example.com,+91-4312090296,India,Bangalore,Bronze,2020-11-19
7510,Thomas,Williams,Male,nanderson@example.com,+91-6578049338,India,Visakhapatnam,Bronze,2024-01-05
7511,Linda,Thomas,Other,heathergonzales@example.net,+1-564-329-2219x697,Aruba,Dubai,Bronze,2016-08-03
7512,Christine,Gardner,Male,rallen@example.net,+91-1698471066,India,Madurai,Silver,2015-09-26
7513,Brian,Campos,Male,valeriegalloway@example.com,+91-2696684556,India,Hyderabad,Bronze,2020-06-29
7514,Kayla,Brown,Male,edward85@example.net,+91-906452074,India,Thiruvananthapuram,Silver,2023-04-30
7515,Shannon,Rogers,Female,uhendricks@example.net,+91-4682434947,India,Bangalore,Bronze,2019-12-14
7516,Alexis,Martinez,Other,mckenzieterri@example.net,+1-666-947-0137x0159,Syrian Arab Republic,Singapore,Platinum,2021-12-17
7517,Logan,Shaw,Female,reevespamela@example.net,+91-3073088579,India,Mysore,Bronze,2018-12-14
7518,Laura,Dunn,Male,kaitlyn82@example.com,+91-4283436909,India,Coimbatore,Bronze,2020-03-08
7519,Richard,Williamson,Female,michael53@example.net,222-402-5065,Mali,New York,Bronze,2018-02-18
7520,Theresa,Schaefer,Female,joshua92@example.org,+91-5925600315,India,Thiruvananthapuram,Bronze,2022-02-14
7521,Kevin,Williamson,Other,barrysamantha@example.org,+91-2113882441,India,Vijayawada,Gold,2025-03-30
7522,Tamara,Jones,Female,ryan00@example.com,+91-1282860888,India,Mysore,Gold,2022-03-23
7523,Randy,Smith,Female,elizabeth94@example.net,+91-4273158456,India,Visakhapatnam,Silver,2021-08-20
7524,Mary,Mahoney,Female,tgreen@example.org,+1-555-672-4657,Seychelles,Singapore,Gold,2020-01-05
7525,Judy,Simmons,Other,christinagreen@example.org,+91-9112774441,India,Hyderabad,Gold,2019-12-13
7526,Ruth,Brown,Male,brownkerry@example.net,+1-345-334-7724x8496,Papua New Guinea,Los Angeles,Silver,2023-12-20
7527,Ashley,Randolph,Other,reedjacob@example.net,+91-9252080241,India,Madurai,Gold,2019-09-12
7528,Danny,Bonilla,Female,charles18@example.com,+91-7524481612,India,Coimbatore,Bronze,2022-10-25
7529,Elizabeth,Rodriguez,Male,jennacraig@example.org,+91-6461633573,India,Vijayawada,Silver,2024-07-11
7530,Daniel,Dixon,Female,blairjennifer@example.org,+91-7729453439,India,Kochi,Bronze,2020-11-06
7531,Aaron,Herrera,Other,zcollins@example.net,+91-7846130261,India,Visakhapatnam,Silver,2023-08-02
7532,Raymond,Gray,Male,oolson@example.org,+91-6353414874,India,Madurai,Gold,2019-04-15
7533,Morgan,Fox,Other,ygarcia@example.net,+91-4675238833,India,Visakhapatnam,Silver,2021-07-30
7534,Jennifer,Drake,Female,jacqueline24@example.org,361.401.9019x6715,Algeria,Toronto,Gold,2019-03-02
7535,Nicholas,Conner,Other,xsingleton@example.org,+91-4197110655,India,Chennai,Silver,2021-05-12
7536,Ann,Sanders,Other,lawrencekelly@example.org,+91-6752383529,India,Mysore,Platinum,2023-04-29
7537,Daisy,Daniel,Other,michaelluna@example.com,+91-9331630697,India,Visakhapatnam,Bronze,2023-07-12
7538,Jordan,Powell,Male,kristadavis@example.org,+91-8571364772,India,Thiruvananthapuram,Silver,2024-10-18
7539,Megan,Pruitt,Other,austin78@example.com,+91-3624430487,India,Madurai,Bronze,2016-08-06
7540,Thomas,Franklin,Other,echavez@example.com,+91-291343123,India,Vijayawada,Bronze,2016-04-14
7541,Jennifer,Nguyen,Other,rjohnson@example.com,497-801-3115x103,Senegal,Dubai,Silver,2022-07-02
7542,Ashley,Steele,Female,adonovan@example.com,+91-1448833006,India,Visakhapatnam,Bronze,2021-01-23
7543,Nathan,Robinson,Female,richardsonjacob@example.net,+91-4915484297,India,Bangalore,Silver,2021-03-04
7544,Helen,Howe,Female,ctorres@example.org,+91-5243175975,India,Bangalore,Platinum,2018-01-20
7545,Michael,Martinez,Female,grahamstacey@example.org,+91-7919527444,India,Mysore,Silver,2025-01-14
7546,Benjamin,White,Other,fballard@example.net,+91-1280115919,India,Visakhapatnam,Gold,2019-01-02
7547,Stephanie,Ramirez,Other,lcole@example.org,564-257-2019x69790,Mongolia,London,Bronze,2024-12-05
7548,Willie,Jones,Other,lisa71@example.net,+91-7198109270,India,Thiruvananthapuram,Bronze,2017-06-24
7549,Andres,Cohen,Male,jasminethomas@example.org,622-829-7852x53277,Saint Pierre and Miquelon,Singapore,Bronze,2023-12-13
7550,Margaret,Flores,Female,ysampson@example.org,+91-409256506,India,Vijayawada,Silver,2020-04-22
7551,Elizabeth,Rojas,Female,rboyd@example.net,+91-667143141,India,Mysore,Silver,2022-05-26
7552,Jonathan,Harrison,Other,karen85@example.net,+91-8637120033,India,Visakhapatnam,Silver,2021-04-11
7553,Tiffany,Ramsey,Male,quinnamanda@example.net,+91-4389125891,India,Vijayawada,Bronze,2022-02-16
7554,Cheryl,Hall,Other,fshea@example.net,969-600-9779x0229,Mayotte,Paris,Platinum,2023-11-22
7555,Nicholas,Mays,Male,natasha09@example.org,+91-292683155,India,Madurai,Silver,2025-03-05
7556,Megan,Ford,Female,ksosa@example.org,+91-4290673576,India,Hyderabad,Silver,2021-01-12
7557,Zoe,Thompson,Female,kathychen@example.org,462-804-7067,Armenia,Paris,Bronze,2020-06-26
7558,Donald,Lopez,Other,tiffanybarron@example.com,+1-793-294-2847x55499,Lebanon,Toronto,Bronze,2020-05-02
7559,Vanessa,Ramos,Female,fosterpaula@example.org,+91-2072463861,India,Mysore,Silver,2015-09-14
7560,Crystal,Raymond,Female,umitchell@example.com,+91-404949342,India,Hyderabad,Bronze,2021-05-09
7561,Benjamin,Stewart,Male,richard42@example.org,+91-6407314831,India,Mysore,Silver,2019-03-09
7562,Judith,Wolfe,Male,cconley@example.net,+91-6475754317,India,Hyderabad,Platinum,2021-12-26
7563,Paul,Miller,Male,georgerice@example.net,001-509-445-3982x92693,Moldova,Singapore,Gold,2024-03-29
7564,Donna,Sanchez,Female,bkelly@example.org,+91-2295926868,India,Bangalore,Silver,2018-05-23
7565,Cindy,Hernandez,Other,glewis@example.org,+91-4647643279,India,Visakhapatnam,Bronze,2016-02-07
7566,Anita,Sanchez,Female,erowland@example.org,+91-5150813218,India,Chennai,Bronze,2024-11-08
7567,Johnny,Mclean,Other,kcampbell@example.com,+91-1994948348,India,Vijayawada,Gold,2019-05-26
7568,Brian,Ward,Other,vchung@example.net,639.475.5477x116,Holy See (Vatican City State),Tokyo,Bronze,2018-09-21
7569,William,Lewis,Other,crystalespinoza@example.com,+91-518580799,India,Thiruvananthapuram,Bronze,2020-05-14
7570,Daniel,Thomas,Female,cschroeder@example.com,682-662-9335,Micronesia,Sydney,Bronze,2020-05-14
7571,Robin,Dawson,Female,gomezkenneth@example.com,+91-8708563570,India,Vijayawada,Silver,2023-07-11
7572,Joshua,Stephens,Female,andrew21@example.org,+91-1211485882,India,Bangalore,Bronze,2023-05-08
7573,Jennifer,Miller,Female,ikoch@example.org,319.583.6575,Kiribati,Singapore,Bronze,2021-11-15
7574,Donna,King,Male,plewis@example.org,+91-912394846,India,Kochi,Gold,2016-06-02
7575,Roger,Carpenter,Other,emilychoi@example.net,+1-744-391-0119x98254,Honduras,Sydney,Bronze,2019-05-12
7576,Paul,Morales,Male,steven82@example.com,+91-8986471165,India,Mysore,Silver,2016-04-03
7577,Sean,Powell,Female,john90@example.net,+91-170776808,India,Mysore,Bronze,2016-01-29
7578,Mark,Zavala,Male,saundersbilly@example.org,(341)242-5041x9062,Bahamas,Sydney,Bronze,2017-09-20
7579,Clayton,Patton,Other,andreanunez@example.net,+91-7438568887,India,Madurai,Silver,2021-06-26
7580,Caroline,Anderson,Male,jessica38@example.com,+91-7269859347,India,Coimbatore,Silver,2018-03-07
7581,Terri,James,Female,gordonmichelle@example.net,+91-9526986540,India,Hyderabad,Bronze,2024-02-01
7582,James,Chapman,Other,slyons@example.org,+91-9830327685,India,Coimbatore,Silver,2019-01-21
7583,Linda,Lindsey,Male,nguyenronald@example.org,+91-4976552991,India,Coimbatore,Gold,2023-01-12
7584,Mark,Brown,Male,martinbrandi@example.net,001-299-954-5292x539,Western Sahara,Dubai,Bronze,2016-08-20
7585,Jessica,Hansen,Other,lucasalexandria@example.net,+91-2990582444,India,Kochi,Bronze,2021-08-22
7586,Rodney,Brown,Male,reidjeremy@example.net,+91-7150426948,India,Bangalore,Gold,2024-03-31
7587,Joe,Weber,Male,jamiecardenas@example.net,+91-2148284414,India,Bangalore,Gold,2021-10-24
7588,Mark,Jenkins,Male,andersondavid@example.com,+91-8728609494,India,Mysore,Silver,2024-03-14
7589,Linda,Dominguez,Female,hamptonlarry@example.org,+91-5924595481,India,Mysore,Bronze,2024-11-04
7590,Thomas,Long,Male,salazarkevin@example.org,(352)366-1790,North Macedonia,Dubai,Bronze,2024-04-02
7591,Sharon,Bennett,Male,nicholas62@example.com,+91-7812774397,India,Bangalore,Bronze,2022-07-26
7592,Roy,Fox,Male,djohnson@example.org,+91-2307618868,India,Bangalore,Gold,2024-12-03
7593,Sarah,Boyd,Male,johnsonveronica@example.net,+91-2346532678,India,Thiruvananthapuram,Bronze,2017-06-09
7594,Eduardo,Lopez,Other,steve33@example.com,+91-4395094907,India,Mysore,Gold,2016-10-12
7595,Anthony,Wagner,Male,qlee@example.com,+91-5453076694,India,Madurai,Silver,2022-12-18
7596,Travis,Newton,Male,williamskathryn@example.com,+91-2111409197,India,Madurai,Bronze,2015-06-28
7597,Amy,Ruiz,Female,michele40@example.org,+91-8200442737,India,Hyderabad,Bronze,2024-04-22
7598,Daniel,Johnson,Male,fayala@example.com,+91-7695670751,India,Hyderabad,Bronze,2017-10-05
7599,Stephen,Reed,Other,laurie93@example.com,001-426-229-1925x09561,United Arab Emirates,Singapore,Bronze,2015-07-15
7600,John,Gonzalez,Male,adamsmatthew@example.org,+91-2967014823,India,Hyderabad,Bronze,2021-02-22
7601,Rebecca,Cox,Male,ramirezmaria@example.org,+91-813134762,India,Vijayawada,Gold,2020-07-19
7602,Travis,Garza,Female,qmarshall@example.net,+1-731-944-7252,Bolivia,Toronto,Silver,2018-03-01
7603,Rachel,Stephens,Male,justin92@example.com,+91-8855359477,India,Coimbatore,Gold,2017-10-13
7604,Jean,Stafford,Male,kathycastro@example.org,+91-9622358336,India,Mysore,Platinum,2023-07-28
7605,Chris,Anderson,Female,mgraham@example.net,4448749389,Gibraltar,Tokyo,Silver,2016-09-22
7606,Michelle,Dalton,Male,malikthomas@example.org,+91-5872923103,India,Kochi,Silver,2017-10-23
7607,William,Crawford,Female,robert09@example.org,001-894-589-2303x6344,Panama,Berlin,Bronze,2023-03-14
7608,Jennifer,Morris,Other,marconavarro@example.org,+91-9163790056,India,Mysore,Silver,2024-06-01
7609,Michael,West,Female,elizabethwhite@example.com,+91-5999474449,India,Mysore,Silver,2017-06-05
7610,Joseph,Chavez,Female,vincentjulia@example.com,+91-7635137609,India,Coimbatore,Silver,2017-08-12
7611,Jason,West,Male,sarah28@example.com,+91-5172249125,India,Visakhapatnam,Bronze,2022-07-10
7612,Jenna,Miller,Male,lisa46@example.com,+91-9264114046,India,Mysore,Silver,2024-10-01
7613,Sierra,Newton,Female,amber97@example.org,+1-702-721-7792,Canada,Paris,Bronze,2022-02-03
7614,Lucas,Casey,Female,michaelstevens@example.org,+91-5770143498,India,Thiruvananthapuram,Bronze,2019-04-18
7615,Marie,Zamora,Other,bbrown@example.com,+91-4978999511,India,Mysore,Bronze,2017-07-24
7616,Amanda,Ford,Male,james25@example.com,+91-844878665,India,Thiruvananthapuram,Silver,2023-05-24
7617,William,Coleman,Other,tuckerraven@example.org,+91-5983550980,India,Mysore,Bronze,2018-05-20
7618,Mikayla,Giles,Other,jeremiahporter@example.net,998-423-3896,Canada,Dubai,Silver,2019-09-07
7619,Xavier,Lewis,Other,garciaanthony@example.org,+91-4827090777,India,Vijayawada,Bronze,2020-12-07
7620,Robert,Wolfe,Female,mromero@example.org,+91-8847601124,India,Coimbatore,Bronze,2017-10-01
7621,Thomas,Lopez,Other,nguyenbenjamin@example.org,+91-4533201936,India,Hyderabad,Gold,2016-09-27
7622,Amanda,Lee,Other,alexbowen@example.net,+91-482969490,India,Mysore,Gold,2020-07-27
7623,Christopher,Kaufman,Male,kelseyhoward@example.net,+91-3233589948,India,Thiruvananthapuram,Bronze,2016-06-01
7624,Eileen,Ramirez,Male,christina77@example.net,+91-9519031035,India,Kochi,Platinum,2022-08-12
7625,Allison,Thompson,Male,luis36@example.net,+91-123764547,India,Coimbatore,Silver,2015-11-02
7626,Anthony,Miller,Female,owyatt@example.org,+91-8920990748,India,Chennai,Platinum,2020-10-27
7627,Kimberly,King,Female,brownlisa@example.org,+91-407650164,India,Visakhapatnam,Bronze,2022-12-29
7628,Jamie,Floyd,Male,tatekevin@example.org,+91-5189611788,India,Chennai,Bronze,2022-06-17
7629,Michael,Carter,Female,hmitchell@example.net,+91-9525928126,India,Thiruvananthapuram,Silver,2023-05-25
7630,Michelle,Lawrence,Male,melinda60@example.org,205-776-7762,South Africa,London,Platinum,2024-09-07
7631,Andrea,Barnett,Other,christinamann@example.org,+91-6082452925,India,Madurai,Bronze,2022-10-09
7632,Joseph,Mcdaniel,Male,kara98@example.org,+91-8801917201,India,Visakhapatnam,Bronze,2023-04-15
7633,Jeffery,Scott,Female,martinkaren@example.net,001-815-880-5925x4343,Tuvalu,Toronto,Silver,2018-03-15
7634,Amanda,Adams,Female,gdavis@example.com,+91-9913244216,India,Hyderabad,Gold,2015-06-11
7635,Maria,Matthews,Female,kellyperez@example.com,946.521.3468x26033,Congo,Los Angeles,Silver,2017-05-18
7636,Travis,Chang,Female,valeriewhite@example.org,001-364-861-4212x38461,Kazakhstan,New York,Platinum,2023-04-28
7637,Randy,Jones,Other,cbell@example.org,+91-3891764734,India,Chennai,Bronze,2019-02-20
7638,Alice,Clarke,Female,ashleymoss@example.net,+91-3722020935,India,Madurai,Gold,2024-09-11
7639,Lucas,Stephens,Other,kgutierrez@example.net,7434552470,Egypt,Singapore,Platinum,2019-07-22
7640,William,Rodriguez,Female,nicolejimenez@example.net,+91-5808372955,India,Hyderabad,Bronze,2021-10-28
7641,Noah,Diaz,Female,natalie01@example.com,+91-3830025572,India,Coimbatore,Bronze,2022-04-12
7642,Chelsea,Ramirez,Male,nicole95@example.org,+91-5740520668,India,Thiruvananthapuram,Silver,2016-11-25
7643,Anthony,Molina,Other,oedwards@example.org,+91-989561304,India,Madurai,Bronze,2021-12-26
7644,Linda,Harris,Other,anthonyjones@example.org,(582)393-9684x0933,Ecuador,Sydney,Gold,2020-05-21
7645,Brianna,Roth,Female,ramirezrenee@example.net,+91-8381521402,India,Coimbatore,Gold,2019-06-22
7646,Michele,Mitchell,Male,ielliott@example.net,+91-4777605729,India,Mysore,Silver,2016-12-13
7647,Melissa,Powell,Female,fmorgan@example.net,+91-1458650618,India,Thiruvananthapuram,Silver,2023-06-27
7648,Barbara,Smith,Male,mollyhernandez@example.org,+91-3030866878,India,Chennai,Silver,2022-10-03
7649,Natasha,Martin,Male,gmoran@example.org,+91-6121997027,India,Vijayawada,Bronze,2023-09-04
7650,Heather,Williams,Female,sarah75@example.net,+91-3417147147,India,Vijayawada,Bronze,2025-04-15
7651,Melissa,Lewis,Male,wilkinsmallory@example.org,001-728-733-5589x43910,Samoa,London,Bronze,2019-03-29
7652,Kelsey,Oconnor,Other,michele26@example.net,+91-2529527871,India,Mysore,Silver,2023-11-30
7653,Joyce,Smith,Other,barbara68@example.com,+91-6192826901,India,Thiruvananthapuram,Bronze,2020-08-25
7654,Lisa,Gordon,Female,audrey58@example.org,+91-8795475244,India,Madurai,Silver,2021-04-16
7655,Bridget,Ross,Male,kara96@example.com,+91-3820952552,India,Mysore,Bronze,2015-07-03
7656,Sarah,Greene,Male,robert14@example.org,+91-1986162090,India,Kochi,Silver,2020-09-28
7657,Timothy,Miller,Male,michelesloan@example.com,+91-7839256139,India,Madurai,Bronze,2023-06-10
7658,Edward,Thompson,Female,michelle18@example.com,+91-5451614515,India,Coimbatore,Silver,2017-06-27
7659,Mary,Bright,Male,elizabeth34@example.com,(878)946-9976x5942,Cocos (Keeling) Islands,Berlin,Bronze,2016-02-07
7660,Theresa,Booth,Male,williamslaura@example.com,+91-2671150384,India,Vijayawada,Silver,2016-09-21
7661,Vincent,Vega,Male,murphyshelby@example.net,+91-1091872914,India,Thiruvananthapuram,Silver,2021-09-08
7662,Nathan,Berry,Other,sdyer@example.net,+91-3897270593,India,Bangalore,Bronze,2019-11-05
7663,Michelle,Moreno,Male,david96@example.com,+91-2110329090,India,Visakhapatnam,Bronze,2018-06-06
7664,Mitchell,Smith,Female,melissamurphy@example.com,+91-5410626524,India,Bangalore,Bronze,2021-07-19
7665,Isaac,Hansen,Male,kaylavelasquez@example.net,+91-6416827464,India,Kochi,Bronze,2018-03-08
7666,David,Adams,Female,donald62@example.com,793-963-4301x795,Ukraine,London,Silver,2020-02-10
7667,Michael,Jimenez,Other,marychang@example.net,+91-7533781692,India,Coimbatore,Bronze,2017-11-24
7668,Andrea,Mccall,Female,lisa03@example.com,+91-5373455282,India,Vijayawada,Bronze,2021-06-26
7669,Clinton,Adams,Other,diana48@example.com,+91-7926242066,India,Hyderabad,Platinum,2016-11-26
7670,Christine,Wells,Other,gravespaige@example.org,+91-3244137504,India,Vijayawada,Gold,2024-04-28
7671,Holly,Bean,Other,pmcdonald@example.net,+91-2595749601,India,Bangalore,Gold,2023-03-25
7672,Brittney,Turner,Male,justin04@example.net,+91-2851443416,India,Thiruvananthapuram,Gold,2018-08-19
7673,Carrie,Waller,Other,wolson@example.org,(630)762-7321x729,Macao,New York,Gold,2023-11-17
7674,Melinda,Smith,Male,tammy77@example.net,+91-4867297235,India,Chennai,Silver,2015-11-30
7675,Wayne,Banks,Other,lanerobin@example.net,+91-3547220275,India,Bangalore,Bronze,2018-09-26
7676,Ryan,Robles,Other,jonesjacob@example.net,+91-2021859902,India,Mysore,Silver,2017-04-06
7677,Gary,Evans,Other,jonathan09@example.org,+91-6697707689,India,Bangalore,Silver,2018-02-06
7678,Andrew,Scott,Male,transhane@example.org,+91-318458914,India,Chennai,Bronze,2019-04-06
7679,Alec,Snyder,Male,brianna58@example.org,600.310.3392x76723,Iceland,Singapore,Silver,2018-06-28
7680,Whitney,Jones,Male,ricesusan@example.com,3927537936,Portugal,Paris,Bronze,2023-08-17
7681,Sean,Thompson,Male,lori81@example.net,+1-597-350-4222x6217,Falkland Islands (Malvinas),Los Angeles,Silver,2023-10-25
7682,Susan,Anthony,Other,fjames@example.org,+91-324106991,India,Hyderabad,Bronze,2024-03-31
7683,Jamie,Stout,Other,lisa63@example.org,343.550.5825,South Africa,Paris,Silver,2017-03-13
7684,Ashley,Harris,Male,rwatts@example.org,+91-2471136459,India,Hyderabad,Gold,2018-08-27
7685,Brian,Lane,Female,lindsayhill@example.com,+91-1077058836,India,Hyderabad,Silver,2021-08-02
7686,Kaitlin,Rios,Other,phillipsmason@example.net,001-284-228-1183x0578,Japan,Paris,Bronze,2020-04-05
7687,Eduardo,Le,Female,danabrown@example.org,+91-4729857122,India,Visakhapatnam,Silver,2021-05-30
7688,Kelsey,Meyer,Female,paula74@example.net,+91-7131562581,India,Chennai,Bronze,2020-12-31
7689,Beth,Collins,Other,sandra02@example.net,+91-9987912843,India,Vijayawada,Gold,2021-06-14
7690,Lisa,Grant,Other,williamscraig@example.com,+91-8895382086,India,Kochi,Platinum,2020-03-01
7691,Leslie,Gutierrez,Female,casey48@example.net,+91-4960700333,India,Vijayawada,Bronze,2015-07-07
7692,Daniel,Prince,Male,wlozano@example.org,+91-5393101991,India,Visakhapatnam,Silver,2016-03-01
7693,Kristen,Holloway,Other,maxwellalyssa@example.org,797.239.7309x618,Venezuela,New York,Bronze,2024-04-20
7694,Bridget,Espinoza,Other,harrismary@example.com,+91-2292157587,India,Coimbatore,Gold,2016-05-06
7695,Laura,Rosario,Male,charlesmartinez@example.net,+1-513-735-6732x75641,United States Virgin Islands,Toronto,Silver,2017-09-23
7696,Kristie,Morales,Female,caroltaylor@example.net,+91-9913978696,India,Kochi,Gold,2024-08-16
7697,Savannah,Fitzgerald,Other,nealsarah@example.org,+91-305721381,India,Thiruvananthapuram,Silver,2018-12-28
7698,Rebecca,Fernandez,Other,hickssteven@example.org,+91-234346778,India,Madurai,Silver,2024-03-03
7699,Joseph,Butler,Female,bhogan@example.org,751-946-4408,Tuvalu,Berlin,Platinum,2019-04-13
7700,Timothy,Atkins,Female,adrian45@example.net,+91-1294984864,India,Thiruvananthapuram,Gold,2020-11-13
7701,Alex,Miller,Female,mcmillandenise@example.com,+91-1858202930,India,Mysore,Bronze,2025-02-08
7702,Jeffrey,Murphy,Other,david77@example.net,001-852-309-8607,Mauritius,Los Angeles,Gold,2022-04-04
7703,Mary,Hooper,Male,anthony14@example.org,4818261836,New Caledonia,Dubai,Bronze,2024-12-25
7704,Mark,Norris,Other,hfernandez@example.com,+91-506092848,India,Chennai,Bronze,2019-06-06
7705,Ricky,Miller,Other,christopherfry@example.org,001-794-822-4511,Marshall Islands,Tokyo,Bronze,2017-06-03
7706,Sharon,George,Female,qdudley@example.org,+91-8283784864,India,Visakhapatnam,Gold,2024-05-27
7707,Rebecca,Wallace,Other,mhill@example.org,+91-9942174829,India,Thiruvananthapuram,Gold,2022-11-26
7708,Heather,Scott,Other,ijohnson@example.com,+91-1938771825,India,Hyderabad,Gold,2017-09-17
7709,Donna,Hobbs,Other,amandahamilton@example.net,+91-3245799834,India,Kochi,Silver,2018-03-14
7710,John,Duran,Female,kelly40@example.org,+91-4946420894,India,Vijayawada,Bronze,2018-11-23
7711,Cole,Graham,Male,david64@example.com,+91-8132568718,India,Madurai,Gold,2015-06-16
7712,Brenda,Wood,Male,leeloretta@example.org,+91-5197645839,India,Vijayawada,Silver,2018-12-31
7713,Rachael,Anderson,Male,andersoncarlos@example.net,+91-5940064024,India,Chennai,Gold,2023-12-07
7714,Alex,Hunt,Female,mwebb@example.net,+91-9695122639,India,Madurai,Bronze,2020-07-10
7715,Scott,Patterson,Other,briancampos@example.net,+91-5756349947,India,Mysore,Silver,2018-03-21
7716,Jonathan,Thompson,Other,mruiz@example.org,+91-2626014595,India,Visakhapatnam,Bronze,2022-07-16
7717,Theresa,Alvarez,Male,mlynch@example.org,(935)532-0591x822,Moldova,Berlin,Bronze,2023-12-05
7718,Amanda,Romero,Female,andrewhart@example.com,+91-1259626085,India,Coimbatore,Silver,2022-10-11
7719,Andrew,Wilson,Male,katiemartinez@example.org,+91-2579101711,India,Madurai,Bronze,2023-11-04
7720,Michelle,Wilkinson,Other,daniel70@example.net,739.642.2620,Guam,Tokyo,Silver,2020-09-14
7721,Mark,Jones,Other,tramos@example.net,001-362-772-1945x423,Morocco,Los Angeles,Bronze,2024-02-17
7722,Shannon,Edwards,Female,wilsonjustin@example.net,+91-3076526650,India,Visakhapatnam,Gold,2016-03-14
7723,Lauren,Miller,Female,stevenburke@example.com,+91-2179607901,India,Mysore,Silver,2018-06-14
7724,Lynn,Mayo,Female,janicemiller@example.org,+91-4885673359,India,Bangalore,Platinum,2017-03-16
7725,Roberta,Olson,Other,christopher45@example.org,+91-5651988842,India,Hyderabad,Silver,2024-05-29
7726,Gerald,Simpson,Female,sbailey@example.com,+1-500-639-5822,Cuba,Toronto,Gold,2019-01-26
7727,Jennifer,Phillips,Female,angela80@example.com,+91-711684575,India,Chennai,Platinum,2017-12-07
7728,Catherine,Solis,Male,wkoch@example.org,+91-2513450241,India,Mysore,Bronze,2016-10-11
7729,Theodore,Glass,Male,carlsondaniel@example.net,+91-3542549851,India,Chennai,Bronze,2023-02-26
7730,Chris,Banks,Male,jennifer47@example.net,+91-6112090904,India,Vijayawada,Platinum,2024-04-05
7731,Clinton,Burch,Other,hstewart@example.net,+91-7321566502,India,Visakhapatnam,Platinum,2024-09-08
7732,Lisa,Holmes,Male,ubailey@example.com,+91-6828144087,India,Mysore,Bronze,2024-11-25
7733,Jesse,Martinez,Female,palmerbrenda@example.org,+91-9181928637,India,Thiruvananthapuram,Silver,2024-03-19
7734,Bradley,Fletcher,Other,saraduran@example.com,+91-4850707804,India,Madurai,Bronze,2021-08-12
7735,Natalie,Dyer,Male,jennifer00@example.net,812-271-3839,Qatar,New York,Gold,2016-06-09
7736,Austin,Roberts,Other,tuckerdavid@example.com,+91-5912056101,India,Vijayawada,Gold,2017-05-24
7737,Vanessa,Holt,Other,thughes@example.net,+91-9226710175,India,Coimbatore,Silver,2022-12-20
7738,Donna,Vincent,Female,kellyrachael@example.net,793-509-5327x537,Turkmenistan,London,Platinum,2022-04-03
7739,Brianna,Huff,Male,lowerybrooke@example.org,+91-6712614844,India,Bangalore,Bronze,2018-11-16
7740,William,Odom,Male,usmith@example.net,+91-5809749458,India,Coimbatore,Bronze,2021-03-09
7741,Paula,Johnson,Female,lbell@example.com,+91-5423433116,India,Kochi,Gold,2023-07-07
7742,Maria,Massey,Male,ysexton@example.org,+91-7068091436,India,Coimbatore,Silver,2019-05-28
7743,Autumn,Armstrong,Male,hernandezbreanna@example.net,+91-1567149768,India,Visakhapatnam,Silver,2020-03-21
7744,Gina,Davies,Female,christina18@example.net,+91-34390410,India,Visakhapatnam,Silver,2017-10-07
7745,Sarah,Castillo,Female,lshields@example.com,+91-8307168655,India,Hyderabad,Gold,2015-10-12
7746,Jennifer,Moore,Female,nicole06@example.com,251.675.2730x69748,Greece,New York,Bronze,2016-04-15
7747,Katherine,Colon,Male,taylorashley@example.com,+91-4535957530,India,Thiruvananthapuram,Gold,2022-03-09
7748,Christopher,Graves,Other,deanjames@example.net,+91-4202565916,India,Visakhapatnam,Platinum,2021-08-18
7749,Troy,Jones,Other,peggy22@example.org,+91-3868566288,India,Bangalore,Silver,2017-05-30
7750,Brandon,Harmon,Male,rmarquez@example.com,+91-7721759025,India,Thiruvananthapuram,Silver,2019-08-14
7751,Brianna,Fischer,Male,larrywarren@example.com,+91-4780152409,India,Madurai,Platinum,2023-12-14
7752,Angela,Walker,Other,colebrenda@example.net,(570)825-5953x79760,Mauritius,Singapore,Silver,2016-05-22
7753,Jennifer,Smith,Other,javier25@example.com,+91-2180010517,India,Bangalore,Silver,2022-04-10
7754,Terri,Ortiz,Female,gomezanthony@example.net,+91-2757611972,India,Madurai,Gold,2015-10-13
7755,Daniel,Lewis,Female,ureynolds@example.net,3072381044,Saint Pierre and Miquelon,Berlin,Bronze,2023-07-07
7756,Brianna,Bray,Other,benjamincollins@example.com,+91-2753401709,India,Visakhapatnam,Bronze,2019-09-08
7757,Kayla,Howard,Male,kristenlee@example.net,+91-1720018917,India,Thiruvananthapuram,Silver,2018-02-07
7758,Matthew,Dalton,Female,mary89@example.net,+91-5874700970,India,Bangalore,Gold,2017-06-13
7759,Kristina,Peck,Other,gallagherhaley@example.org,+91-6500924089,India,Kochi,Silver,2023-03-23
7760,Austin,Wong,Female,bakerbrenda@example.com,+91-8762396200,India,Mysore,Silver,2015-12-07
7761,Derrick,Lee,Female,tracy09@example.net,+91-3551056076,India,Thiruvananthapuram,Silver,2022-03-13
7762,Aaron,Andersen,Other,elizabeth70@example.net,(288)200-1339x6830,Liberia,Singapore,Bronze,2024-09-10
7763,Kathleen,Lewis,Other,monicasmith@example.org,001-506-278-0278x1389,Ecuador,Los Angeles,Silver,2022-06-21
7764,Benjamin,Delacruz,Male,eblake@example.org,+91-5292322612,India,Vijayawada,Silver,2020-03-04
7765,Carla,Sandoval,Female,brent02@example.com,+91-1139232403,India,Coimbatore,Bronze,2020-06-09
7766,Laura,Sparks,Other,jimenezkevin@example.org,+91-5885424480,India,Visakhapatnam,Silver,2019-01-19
7767,Ryan,Harvey,Female,mhunter@example.com,+91-5284902947,India,Kochi,Silver,2015-11-10
7768,Joseph,Patel,Female,michaelsantiago@example.net,(966)334-5347,Guernsey,New York,Bronze,2024-01-26
7769,Drew,Jones,Female,theresahaynes@example.net,5425531839,Algeria,Singapore,Bronze,2018-08-14
7770,Nancy,Anderson,Other,erinyang@example.org,+91-727691339,India,Hyderabad,Bronze,2022-10-13
7771,Michelle,Blake,Female,cervantessteven@example.org,+91-7618235448,India,Coimbatore,Gold,2020-07-19
7772,Glenn,Kramer,Female,patricia71@example.org,+91-4223172007,India,Vijayawada,Gold,2024-01-27
7773,Philip,Murray,Female,patricia93@example.net,+91-7095385304,India,Madurai,Bronze,2016-05-17
7774,Christopher,Adkins,Other,fmiller@example.net,+91-949007194,India,Madurai,Silver,2021-10-08
7775,Diane,Tran,Male,wellsandrew@example.com,+91-1853016478,India,Coimbatore,Silver,2023-10-05
7776,Christopher,Cowan,Male,snichols@example.org,+91-5329230487,India,Hyderabad,Gold,2018-09-27
7777,Sydney,Perez,Male,pgibbs@example.net,+91-1818795473,India,Madurai,Bronze,2016-05-06
7778,Richard,Steele,Male,matthewowens@example.com,+91-518984657,India,Hyderabad,Silver,2020-03-13
7779,Christine,Medina,Female,ahoward@example.com,+91-5010868806,India,Chennai,Bronze,2018-06-25
7780,James,Perez,Other,brian28@example.net,+91-5197613092,India,Bangalore,Silver,2022-04-21
7781,James,Guzman,Other,rushsydney@example.org,+91-8825589589,India,Thiruvananthapuram,Bronze,2023-02-15
7782,Jason,Perez,Male,manuelortiz@example.net,+91-5371430779,India,Hyderabad,Silver,2025-04-17
7783,Eddie,Mitchell,Other,nelsonkim@example.com,+91-444346595,India,Bangalore,Silver,2016-07-03
7784,Claudia,Wilkins,Female,dustin01@example.net,+91-170780960,India,Vijayawada,Platinum,2016-10-08
7785,Jennifer,Curtis,Female,emilymartin@example.com,+91-8754319156,India,Kochi,Silver,2024-07-17
7786,Gary,Richards,Female,xbrown@example.net,826-544-5325x114,Falkland Islands (Malvinas),Dubai,Platinum,2018-02-09
7787,Ryan,Kirby,Male,donald87@example.com,+91-5501169261,India,Coimbatore,Silver,2024-08-22
7788,Danielle,White,Male,julia98@example.com,+91-3973930168,India,Hyderabad,Platinum,2022-01-22
7789,Catherine,Young,Male,lzimmerman@example.net,+91-7231020540,India,Chennai,Bronze,2019-01-24
7790,Aaron,Frye,Other,tmorales@example.org,+91-9663609998,India,Thiruvananthapuram,Silver,2020-01-08
7791,Pamela,Henderson,Other,smendez@example.com,+91-5589466474,India,Kochi,Silver,2017-01-16
7792,Gina,Garcia,Female,pcollins@example.com,590.486.6162,Haiti,London,Gold,2019-03-20
7793,Connie,Wallace,Other,brandon51@example.com,+91-5111460225,India,Kochi,Silver,2024-10-15
7794,Kevin,Robinson,Female,allison97@example.org,+91-1497410881,India,Kochi,Bronze,2023-11-29
7795,Rodney,Welch,Female,kimberly87@example.net,+91-9422448253,India,Vijayawada,Bronze,2015-08-18
7796,Brian,Mckee,Female,hrivera@example.net,+91-60683075,India,Chennai,Gold,2020-08-19
7797,Austin,Williams,Male,johnnyguerrero@example.com,+91-6690600870,India,Bangalore,Bronze,2021-08-22
7798,Jennifer,Jackson,Female,darrell72@example.net,001-667-901-4747x93010,Cote d'Ivoire,Toronto,Silver,2015-08-01
7799,Samantha,Graves,Male,millschristina@example.org,+91-6732590877,India,Madurai,Silver,2024-10-22
7800,Nicholas,Pacheco,Female,shawn34@example.com,+91-7785302016,India,Bangalore,Bronze,2016-04-05
7801,Monica,Hill,Female,fostergregory@example.com,+91-5767866592,India,Coimbatore,Silver,2023-04-16
7802,Jerome,Diaz,Female,johnsoneric@example.net,(467)277-8857x231,Malawi,Singapore,Bronze,2024-11-21
7803,Timothy,Hall,Other,riverashawn@example.net,+91-7254697838,India,Mysore,Silver,2024-03-14
7804,Christopher,Oliver,Male,martha98@example.org,+91-7931827009,India,Hyderabad,Silver,2019-12-04
7805,James,Donovan,Other,david30@example.org,+91-4415396092,India,Mysore,Gold,2022-01-22
7806,Tonya,Maddox,Other,katherinestephens@example.org,+91-4852045329,India,Vijayawada,Gold,2022-10-20
7807,Michael,Parker,Other,schultzsusan@example.net,+91-9825928311,India,Kochi,Bronze,2025-01-27
7808,Steven,Smith,Male,kennethfuller@example.org,+91-794221638,India,Visakhapatnam,Bronze,2023-11-24
7809,Susan,Short,Male,leslieortega@example.org,+91-8222924606,India,Visakhapatnam,Bronze,2024-05-04
7810,Paul,Baxter,Female,lhoffman@example.com,+91-9322811537,India,Madurai,Silver,2018-10-13
7811,Christopher,Anderson,Female,kingerin@example.org,928.325.1668,Kazakhstan,Dubai,Silver,2017-09-28
7812,Katherine,Bishop,Female,meganchapman@example.net,+91-4266799821,India,Chennai,Gold,2015-07-13
7813,Johnny,Miller,Male,katrina96@example.org,+91-6810974204,India,Hyderabad,Bronze,2017-08-23
7814,Erica,Leonard,Other,paulbernard@example.net,971.307.2980,Peru,Singapore,Silver,2018-10-09
7815,Denise,Bartlett,Female,chavezmarissa@example.org,+91-112890832,India,Coimbatore,Platinum,2016-07-24
7816,Michael,Cunningham,Male,caitlin18@example.com,+91-6222596068,India,Thiruvananthapuram,Gold,2022-02-06
7817,Amber,Ochoa,Female,charlesavila@example.com,+91-9530893892,India,Chennai,Silver,2024-10-28
7818,Marcus,Lee,Other,cbrown@example.com,+91-2602287886,India,Bangalore,Bronze,2018-09-08
7819,Nicole,Calhoun,Male,ushepherd@example.org,+91-7597648074,India,Mysore,Bronze,2022-03-14
7820,Karen,Bell,Female,ryan13@example.net,+91-891981661,India,Vijayawada,Silver,2016-05-23
7821,John,Morris,Female,karenprice@example.org,+91-8592574572,India,Thiruvananthapuram,Bronze,2015-07-14
7822,Jason,Escobar,Other,paul32@example.net,+91-2707656023,India,Mysore,Silver,2022-04-10
7823,Joseph,Mack,Male,malonebrent@example.com,+91-2143814749,India,Bangalore,Bronze,2021-04-12
7824,Julie,Gardner,Male,nhahn@example.net,+91-5344107703,India,Bangalore,Silver,2023-11-28
7825,Raymond,Melton,Female,kevin48@example.com,+1-333-653-3949,Kiribati,Singapore,Bronze,2016-04-29
7826,Brett,Curtis,Other,christopher83@example.org,+91-5498409918,India,Chennai,Bronze,2024-01-02
7827,William,Floyd,Male,marshallchelsea@example.org,+91-6819674697,India,Thiruvananthapuram,Gold,2015-12-14
7828,Heather,Wallace,Male,sheltonlance@example.com,+91-2096215905,India,Coimbatore,Silver,2023-07-22
7829,Michelle,Smith,Other,yrasmussen@example.net,+91-8163950953,India,Kochi,Bronze,2016-12-01
7830,Daniel,Moore,Male,chambersjustin@example.net,+91-3655864052,India,Mysore,Bronze,2016-06-10
7831,Cheryl,Williams,Male,carpentertiffany@example.net,727-404-4321,New Zealand,New York,Bronze,2022-07-19
7832,Theresa,Adams,Male,dawn79@example.org,+91-5980414417,India,Mysore,Silver,2017-06-29
7833,Laura,Benjamin,Male,rbarrett@example.com,+91-4961163646,India,Madurai,Silver,2020-10-29
7834,Pamela,Lewis,Female,maria38@example.com,+91-6523735502,India,Vijayawada,Bronze,2022-05-28
7835,Tanya,Le,Male,ncordova@example.net,+91-814214826,India,Kochi,Platinum,2018-07-14
7836,Sandra,Jones,Female,michaelweber@example.net,+91-8211940170,India,Madurai,Silver,2015-12-01
7837,Chase,Davis,Male,isharp@example.org,+91-9840386680,India,Vijayawada,Gold,2017-11-07
7838,Cindy,Hansen,Other,mccarthysteven@example.com,+1-759-959-4532,Romania,Berlin,Bronze,2023-12-01
7839,Michelle,Rogers,Male,michaelnewman@example.com,+91-6395619824,India,Mysore,Bronze,2017-08-20
7840,James,Brewer,Other,joseph44@example.net,+91-3720813074,India,Madurai,Gold,2025-02-23
7841,Lisa,Mosley,Female,andrea81@example.org,+91-8921032778,India,Chennai,Gold,2024-09-11
7842,Crystal,Porter,Other,anthonybenson@example.com,772-984-1320,Switzerland,Paris,Silver,2020-02-15
7843,Jonathan,Fernandez,Other,ojones@example.net,+91-5159341321,India,Kochi,Silver,2021-07-31
7844,Teresa,Underwood,Male,wmcgrath@example.net,+91-4235085652,India,Hyderabad,Gold,2024-07-16
7845,Darrell,David,Male,andrewchoi@example.org,(303)637-9617x798,Vietnam,Toronto,Bronze,2015-09-13
7846,Daniel,Smith,Other,fyoung@example.net,+91-4057691861,India,Bangalore,Silver,2018-01-16
7847,Jaime,Paul,Female,jblanchard@example.org,+91-6155254243,India,Mysore,Bronze,2017-08-30
7848,Angel,Schultz,Other,mcollins@example.net,+91-1138720167,India,Kochi,Bronze,2022-03-26
7849,Peter,Ward,Other,lsmith@example.net,+91-856361415,India,Visakhapatnam,Silver,2023-02-07
7850,Susan,Wilson,Female,millerjoshua@example.com,+91-8550142994,India,Mysore,Silver,2016-10-18
7851,Timothy,Ashley,Female,connie45@example.com,+1-239-939-9266,Greenland,Sydney,Bronze,2020-02-10
7852,Juan,Williams,Female,kmills@example.com,001-241-485-0942,Burundi,Sydney,Silver,2024-11-29
7853,Jessica,Garcia,Male,townsendmindy@example.net,+91-6733215313,India,Thiruvananthapuram,Platinum,2016-07-15
7854,Molly,Martinez,Other,carolynjenkins@example.com,+91-2572111421,India,Thiruvananthapuram,Platinum,2018-03-20
7855,Judith,Manning,Male,domingueztimothy@example.net,+91-2650552104,India,Hyderabad,Gold,2018-07-17
7856,Maria,Barajas,Other,timothyevans@example.org,+91-944420371,India,Vijayawada,Silver,2017-07-02
7857,Nicole,Pena,Female,melissa84@example.com,+91-998463137,India,Mysore,Bronze,2016-07-24
7858,Kaitlyn,Miles,Other,owalker@example.net,+91-4463810178,India,Chennai,Bronze,2021-08-14
7859,Rebecca,Gardner,Male,jessicaquinn@example.org,+91-536257797,India,Vijayawada,Silver,2015-12-27
7860,Phillip,Miller,Other,zpeterson@example.net,+91-9935991074,India,Vijayawada,Bronze,2019-04-27
7861,Shannon,Perez,Other,josephjohnson@example.net,+91-6118177809,India,Mysore,Platinum,2022-06-25
7862,Matthew,Gray,Female,fordjeremiah@example.org,+91-2461845607,India,Mysore,Bronze,2017-06-07
7863,Alexander,Howard,Other,chasehines@example.com,+91-4360501850,India,Hyderabad,Bronze,2023-08-06
7864,Kevin,Stevens,Other,christopher56@example.com,+91-4822676496,India,Kochi,Silver,2025-02-26
7865,Scott,Willis,Male,mitchelljillian@example.net,+91-7602272422,India,Mysore,Gold,2020-05-04
7866,Julie,Acevedo,Male,cheryl92@example.net,+91-8841436257,India,Bangalore,Silver,2024-06-03
7867,Lisa,Kaufman,Female,levyaaron@example.net,001-639-802-0019x5590,Svalbard & Jan Mayen Islands,Los Angeles,Bronze,2022-06-02
7868,Joan,Mcdonald,Male,dave84@example.org,(482)364-2451,Faroe Islands,New York,Silver,2015-10-17
7869,Chad,Pearson,Other,bradleymoore@example.com,+91-2864351071,India,Hyderabad,Bronze,2018-09-06
7870,Joann,Quinn,Other,ajohnson@example.com,+91-7158453509,India,Coimbatore,Platinum,2021-06-23
7871,Haley,Robles,Female,sarah54@example.com,+91-9805357212,India,Mysore,Bronze,2022-06-23
7872,Chad,Vasquez,Other,carpenterjessica@example.com,+91-4093082349,India,Vijayawada,Bronze,2017-08-26
7873,Allison,Bryant,Female,tammymitchell@example.com,+91-2047363226,India,Madurai,Platinum,2020-11-06
7874,Joshua,Gomez,Other,hingram@example.com,+91-961270899,India,Coimbatore,Bronze,2020-07-01
7875,Jonathan,Walker,Other,pinedaedwin@example.org,+91-3562055438,India,Mysore,Bronze,2024-07-25
7876,Angela,Hernandez,Other,olivia25@example.org,+1-703-762-0655x716,American Samoa,Toronto,Bronze,2021-05-10
7877,William,Lang,Male,jermaine39@example.net,+91-4174014799,India,Visakhapatnam,Bronze,2024-08-01
7878,Brianna,Collins,Male,matthewhanna@example.com,+91-8616216827,India,Coimbatore,Bronze,2020-12-28
7879,Carl,Vasquez,Other,qboyd@example.org,+91-5067001488,India,Coimbatore,Bronze,2018-11-01
7880,Kevin,Martinez,Male,christinacook@example.com,+91-2691257584,India,Bangalore,Silver,2020-01-18
7881,Jeffery,Dixon,Male,gdorsey@example.org,+91-8080117106,India,Vijayawada,Bronze,2015-09-11
7882,William,Smith,Male,bfisher@example.org,+91-1539265821,India,Visakhapatnam,Bronze,2022-03-30
7883,Mary,Wilson,Female,jennifersantos@example.com,+1-265-385-9215x58156,Holy See (Vatican City State),Berlin,Bronze,2020-12-06
7884,Kelly,Ramirez,Other,elizabethjackson@example.org,+91-325389957,India,Bangalore,Gold,2016-01-27
7885,Devin,Bradley,Male,ann83@example.com,+91-1167792412,India,Thiruvananthapuram,Bronze,2018-05-07
7886,Margaret,Krueger,Other,bmiller@example.net,+91-807555684,India,Visakhapatnam,Silver,2018-09-09
7887,Douglas,Martin,Male,gphillips@example.com,+91-7800173065,India,Mysore,Gold,2024-07-20
7888,Erica,Obrien,Male,duncankelly@example.com,+91-3151984518,India,Bangalore,Bronze,2019-03-22
7889,Nancy,Hurst,Female,jeremy80@example.org,+91-1920124602,India,Chennai,Silver,2024-02-07
7890,Carol,Fuller,Other,mark88@example.org,+91-7213948040,India,Chennai,Silver,2020-01-20
7891,Alyssa,Smith,Other,michelleatkinson@example.org,+91-4021437706,India,Kochi,Gold,2018-08-02
7892,Annette,Potter,Female,jeremy06@example.com,698.529.5852x4304,Croatia,London,Bronze,2021-03-01
7893,William,Anderson,Other,john07@example.net,+1-587-458-7215x31657,El Salvador,Berlin,Gold,2020-05-30
7894,Mark,Howard,Male,daniel15@example.org,(892)999-1400,Sao Tome and Principe,Sydney,Gold,2015-06-21
7895,Lindsay,Romero,Other,jenniferponce@example.com,+91-2416498830,India,Chennai,Bronze,2018-08-21
7896,Roy,Collins,Other,tammyboyer@example.net,+91-2250261299,India,Madurai,Silver,2019-08-18
7897,Pamela,Michael,Other,kayla28@example.net,+91-2379725105,India,Vijayawada,Bronze,2023-12-30
7898,Cody,Munoz,Female,moorealison@example.org,+91-3374637908,India,Vijayawada,Bronze,2023-05-04
7899,Laura,Dunn,Female,ieverett@example.net,+91-1689985724,India,Thiruvananthapuram,Bronze,2022-12-13
7900,Robin,Webb,Female,xlynch@example.net,+91-8344367139,India,Mysore,Bronze,2018-08-10
7901,Taylor,Hill,Female,leslie80@example.org,+91-208856460,India,Kochi,Bronze,2019-03-17
7902,Cameron,Hughes,Other,sarah48@example.org,+1-264-759-0354x076,Spain,London,Silver,2020-02-23
7903,Cory,Lucas,Female,torreswilliam@example.net,001-377-254-9665x40097,Mexico,Berlin,Bronze,2017-05-06
7904,Brian,Morrow,Male,ashley41@example.net,+91-6358675442,India,Chennai,Silver,2024-01-12
7905,Bobby,Pierce,Male,powelljeffrey@example.org,+91-5771590170,India,Coimbatore,Silver,2016-02-20
7906,Wendy,Hoffman,Female,kelly34@example.org,+91-594312021,India,Hyderabad,Gold,2022-12-02
7907,Monique,Potter,Male,wdaniels@example.org,+91-7296877728,India,Thiruvananthapuram,Bronze,2021-07-01
7908,Timothy,Swanson,Female,clayton53@example.net,+91-3674823398,India,Visakhapatnam,Gold,2023-09-19
7909,William,Anderson,Female,zfields@example.org,410.460.4549,Comoros,London,Silver,2021-12-08
7910,Nancy,Cabrera,Other,katherinescott@example.org,+91-1457356270,India,Thiruvananthapuram,Gold,2017-07-15
7911,Lisa,Potter,Other,vanessarios@example.org,561-587-7818,Portugal,London,Bronze,2020-05-30
7912,Robert,Meyer,Female,adamthompson@example.org,+91-1813835217,India,Mysore,Silver,2022-05-08
7913,Scott,Cochran,Female,tracyhuber@example.net,+91-8467525692,India,Vijayawada,Gold,2015-07-01
7914,Robert,Morris,Male,iwilliams@example.org,+91-2960833607,India,Vijayawada,Gold,2022-10-13
7915,Dustin,Howell,Other,deannagomez@example.net,3317274619,Guernsey,Dubai,Silver,2022-03-31
7916,Jeff,Becker,Female,melissaparker@example.org,+91-9306226056,India,Madurai,Gold,2016-04-30
7917,Kimberly,Flores,Male,johnsonaustin@example.org,+91-6031371718,India,Coimbatore,Silver,2022-04-09
7918,Jill,Bailey,Female,dawn27@example.net,488-620-9500x856,El Salvador,Paris,Bronze,2022-08-13
7919,Jennifer,Miller,Other,yvonne04@example.net,+91-4921336336,India,Madurai,Silver,2024-06-13
7920,Alicia,Oneal,Male,holly17@example.net,999-308-3815x539,Palestinian Territory,London,Platinum,2018-07-20
7921,Sheila,Vincent,Male,jerrygonzalez@example.org,+91-4720572199,India,Thiruvananthapuram,Bronze,2020-05-24
7922,Ronald,Brown,Female,qcooke@example.org,+91-4037744132,India,Kochi,Gold,2025-01-13
7923,Dawn,Rivera,Other,ovazquez@example.org,+91-377879980,India,Vijayawada,Silver,2017-09-03
7924,Christy,Sanchez,Other,thomas03@example.net,+91-9385641778,India,Madurai,Bronze,2017-04-22
7925,Tracy,Juarez,Female,smithnicholas@example.com,+91-8332827866,India,Vijayawada,Platinum,2019-10-30
7926,Justin,Thompson,Other,tmorse@example.org,+91-8451441358,India,Madurai,Gold,2024-06-14
7927,Thomas,Davis,Female,smithdarren@example.org,+91-2160249414,India,Kochi,Bronze,2022-03-05
7928,Yolanda,Adams,Other,mark45@example.net,+91-8824696587,India,Coimbatore,Bronze,2020-02-11
7929,Michael,Bender,Male,mrobinson@example.org,+91-3287099861,India,Madurai,Platinum,2021-05-04
7930,Kelly,Shields,Female,jessicabartlett@example.com,001-560-850-1524,Lithuania,Sydney,Gold,2019-03-19
7931,Ivan,Perkins,Female,kimmichael@example.org,+91-1190546112,India,Hyderabad,Silver,2019-05-17
7932,Haley,Parker,Female,knightdonald@example.net,+91-8872143979,India,Kochi,Gold,2018-07-20
7933,Shelia,Powell,Female,fuentesjennifer@example.net,+91-8080255622,India,Hyderabad,Silver,2024-08-11
7934,Nathan,Kirk,Male,beverlyedwards@example.net,516-462-1510x9344,Niue,London,Platinum,2024-11-03
7935,Cody,Schmidt,Other,srobinson@example.net,+91-7512465208,India,Hyderabad,Bronze,2021-10-22
7936,Patricia,Riley,Male,dmoore@example.org,+91-8744688308,India,Kochi,Silver,2024-10-18
7937,Kaylee,Hunt,Female,jerry95@example.org,+91-994607495,India,Coimbatore,Silver,2021-09-19
7938,Sandra,Carter,Male,phelpsmarcia@example.com,796-485-5026x1004,American Samoa,Los Angeles,Platinum,2019-05-01
7939,Courtney,Cox,Male,gregory14@example.net,001-779-827-0596x7913,Russian Federation,London,Gold,2024-07-03
7940,Samantha,Johnson,Male,lowetamara@example.org,+91-9380878529,India,Coimbatore,Bronze,2019-06-24
7941,Christopher,Lee,Other,qsexton@example.com,+91-6537060003,India,Visakhapatnam,Gold,2021-11-19
7942,Jessica,Conway,Other,marcusmoore@example.net,+91-5801051225,India,Thiruvananthapuram,Silver,2020-07-22
7943,Amanda,Larsen,Other,hjohnson@example.org,+91-9621186730,India,Madurai,Silver,2022-08-16
7944,Jason,Bailey,Other,coxsarah@example.com,+1-236-324-2974x0953,Niue,Berlin,Bronze,2018-12-21
7945,Jeffrey,Cox,Male,maddoxjennifer@example.org,+91-6008259918,India,Visakhapatnam,Bronze,2022-07-01
7946,Joseph,Cervantes,Other,brentmarquez@example.net,+91-7880521855,India,Thiruvananthapuram,Bronze,2021-05-01
7947,Daniel,Griffin,Other,nmitchell@example.net,+91-1615699689,India,Kochi,Silver,2021-03-20
7948,Victoria,Simon,Male,pparker@example.net,+91-6842901144,India,Mysore,Silver,2019-07-24
7949,Darren,Irwin,Female,kimberlygriffin@example.net,+91-2747454026,India,Bangalore,Gold,2015-09-21
7950,Megan,Summers,Female,greenrhonda@example.net,+91-5783138348,India,Kochi,Platinum,2016-06-11
7951,Peter,Adams,Female,amoran@example.com,(643)699-8648x7573,Bulgaria,Dubai,Bronze,2025-04-22
7952,Sarah,Webb,Female,kellie99@example.net,+91-5352721071,India,Kochi,Bronze,2015-09-27
7953,Stacy,Obrien,Male,ewood@example.org,+91-6989029405,India,Madurai,Silver,2018-09-30
7954,Jessica,Coleman,Other,stacymoore@example.net,+91-5506664733,India,Vijayawada,Gold,2022-03-15
7955,Scott,Mendoza,Male,wolfebrett@example.org,+91-9628525348,India,Kochi,Silver,2017-01-02
7956,Paul,Clay,Male,charlene47@example.net,+91-5506254451,India,Vijayawada,Bronze,2025-04-21
7957,Traci,Bailey,Other,smithlynn@example.org,+91-7442515752,India,Mysore,Platinum,2016-03-12
7958,Kyle,Tapia,Other,stewartscott@example.net,396-237-8998,Nigeria,Dubai,Gold,2021-01-22
7959,Christopher,Garcia,Other,fernando12@example.com,+91-2990935818,India,Coimbatore,Platinum,2020-11-13
7960,Dana,Paul,Male,josephsweeney@example.net,+91-7744427874,India,Visakhapatnam,Bronze,2022-11-14
7961,Bryan,Baker,Male,bwilliamson@example.net,+91-1583132567,India,Mysore,Silver,2019-06-07
7962,Cristian,Trujillo,Male,dustinbarrera@example.net,+91-8618897220,India,Bangalore,Bronze,2020-01-19
7963,Catherine,Martinez,Male,rodriguezscott@example.com,+91-6757828071,India,Kochi,Gold,2022-08-09
7964,David,Black,Other,flee@example.com,+91-8304070297,India,Thiruvananthapuram,Gold,2020-03-13
7965,David,Walker,Female,nguyenjose@example.org,+91-817491254,India,Visakhapatnam,Bronze,2022-07-12
7966,Alexandra,Velasquez,Female,ashley51@example.com,+91-966387007,India,Mysore,Gold,2019-06-22
7967,Melissa,Stevens,Female,carsoncharles@example.org,+91-8689814036,India,Bangalore,Bronze,2023-03-09
7968,Robert,Thomas,Female,cabreragerald@example.org,+91-5014474363,India,Visakhapatnam,Gold,2022-12-31
7969,Kevin,Hamilton,Male,johnhernandez@example.net,4129260363,Bangladesh,Toronto,Silver,2018-10-20
7970,Daniel,Martinez,Female,mgriffith@example.com,+91-7312712463,India,Kochi,Bronze,2022-03-29
7971,Douglas,Bridges,Female,lisalutz@example.com,+91-9942465877,India,Bangalore,Silver,2018-07-19
7972,John,Browning,Male,johnsonsusan@example.com,+91-7653162256,India,Visakhapatnam,Bronze,2021-12-27
7973,William,Davis,Male,castanedabradley@example.com,+91-8313454475,India,Madurai,Silver,2020-06-22
7974,Alexander,Watson,Female,fhancock@example.com,+91-1784109632,India,Coimbatore,Platinum,2022-01-24
7975,Patricia,Hall,Male,conniestevens@example.net,+91-6670270818,India,Visakhapatnam,Bronze,2017-06-16
7976,John,Page,Female,frank20@example.org,+91-518796513,India,Madurai,Silver,2017-06-22
7977,Stacy,Becker,Other,rubiotimothy@example.com,351.813.7539x10032,Afghanistan,Dubai,Gold,2015-05-31
7978,Bridget,Guerrero,Female,hollandjames@example.com,+91-4337499033,India,Hyderabad,Bronze,2024-10-01
7979,Douglas,Smith,Female,kevinsmith@example.com,6804091280,Slovakia (Slovak Republic),Dubai,Bronze,2025-01-18
7980,Tracey,Hall,Female,njohnson@example.net,+91-6935621475,India,Kochi,Gold,2015-07-14
7981,Phillip,Byrd,Male,njohnson@example.org,(769)842-0910x1352,Finland,New York,Platinum,2025-02-05
7982,Sarah,Perez,Other,katrina96@example.net,(223)681-5128x739,Chile,Los Angeles,Bronze,2020-04-19
7983,Daniel,Morgan,Other,davidrussell@example.org,(705)232-6617x48720,Togo,Paris,Bronze,2021-06-14
7984,Karen,Hernandez,Male,xweeks@example.com,+91-2240340360,India,Coimbatore,Bronze,2017-05-11
7985,Daniel,Hines,Male,brittanydelgado@example.org,+91-3683682353,India,Hyderabad,Gold,2020-05-19
7986,Brian,Perez,Other,kmiller@example.com,+91-8665878353,India,Kochi,Silver,2018-07-22
7987,Melissa,Reyes,Other,ashleymartinez@example.com,+91-5202859917,India,Thiruvananthapuram,Gold,2021-04-03
7988,Natasha,Chen,Female,schultzwendy@example.org,+1-253-864-8878x898,Macao,Dubai,Silver,2016-04-03
7989,Kayla,Velasquez,Male,rachaeldickerson@example.com,+91-207577894,India,Visakhapatnam,Gold,2021-12-01
7990,Kimberly,Mueller,Female,gardnerkatie@example.org,+91-62949039,India,Visakhapatnam,Gold,2019-04-20
7991,Michelle,Cooley,Other,millsteresa@example.com,+91-7548631277,India,Chennai,Gold,2023-11-18
7992,Erica,Gutierrez,Female,krobbins@example.net,+91-1956469851,India,Chennai,Gold,2016-07-18
7993,Sarah,Allen,Male,pwebb@example.net,+91-3484582174,India,Kochi,Gold,2018-06-07
7994,Daniel,Carr,Other,deborahneal@example.net,+91-2962960802,India,Madurai,Silver,2020-07-07
7995,Melanie,Reyes,Female,bmoore@example.net,+1-932-245-9756,Sao Tome and Principe,Berlin,Silver,2018-02-04
7996,Gregory,Fields,Male,hannah05@example.com,+1-954-598-6673,Malaysia,Berlin,Platinum,2021-09-10
7997,Shawn,Flores,Female,lyoung@example.net,+91-3016233779,India,Hyderabad,Gold,2020-01-07
7998,Frank,Andersen,Other,stephanieburch@example.com,+91-4072702845,India,Chennai,Gold,2024-08-18
7999,Christine,Peterson,Female,dianegarcia@example.org,+91-7081442995,India,Thiruvananthapuram,Silver,2016-09-24
8000,Darren,Washington,Male,amyhawkins@example.net,+91-6850210795,India,Vijayawada,Silver,2020-08-06
8001,Christina,Edwards,Female,paul21@example.org,001-275-901-8369x13263,Kiribati,New York,Platinum,2018-01-22
8002,Erik,Mcmillan,Other,dunnnicole@example.net,+91-3435327591,India,Vijayawada,Bronze,2020-01-22
8003,Laura,Deleon,Other,amy25@example.com,+91-1835307552,India,Kochi,Platinum,2021-05-31
8004,Lisa,Williams,Female,ablackwell@example.com,+91-6316770164,India,Mysore,Bronze,2021-11-15
8005,Robert,Ruiz,Other,pmcdaniel@example.com,+91-8660570758,India,Hyderabad,Bronze,2022-07-03
8006,Michael,Pitts,Other,qandrade@example.com,+91-7866901190,India,Visakhapatnam,Bronze,2023-03-27
8007,Kimberly,Travis,Other,greenepamela@example.net,001-290-319-6407x56487,Panama,London,Gold,2023-08-27
8008,Kristin,Smith,Male,dsharp@example.net,+91-9650809834,India,Kochi,Silver,2019-12-05
8009,Jesse,Mcintyre,Male,nancy34@example.net,+91-9267670771,India,Madurai,Silver,2020-06-24
8010,Erin,Lewis,Other,allison66@example.net,+91-519044107,India,Thiruvananthapuram,Silver,2023-02-20
8011,Briana,Edwards,Female,cynthiasmith@example.org,+1-690-533-7095,Sweden,New York,Bronze,2020-09-26
8012,Joyce,Martinez,Other,burnettmarissa@example.org,+91-8197465768,India,Mysore,Platinum,2017-04-16
8013,Kelly,Johnson,Female,edwardsashley@example.net,+91-7537239897,India,Chennai,Gold,2015-09-07
8014,Justin,Leonard,Male,howardmark@example.net,+91-3483547756,India,Bangalore,Bronze,2024-11-06
8015,John,Cohen,Female,reevesjason@example.org,+91-1143107603,India,Kochi,Silver,2024-11-13
8016,Tammy,Young,Female,rswanson@example.com,+91-9201842021,India,Kochi,Bronze,2017-07-18
8017,Richard,Silva,Male,stephen56@example.com,+91-291361938,India,Coimbatore,Bronze,2019-06-29
8018,Cindy,Kaiser,Male,debbie12@example.com,3798033406,Bolivia,London,Gold,2018-06-13
8019,Travis,Ortiz,Male,olsondaniel@example.net,+91-4940365156,India,Coimbatore,Bronze,2020-01-28
8020,Joseph,Rose,Other,lpatel@example.org,001-609-860-5986,Austria,Tokyo,Silver,2021-12-03
8021,Daniel,Good,Other,charles15@example.com,+91-1587601177,India,Bangalore,Silver,2019-05-01
8022,Lawrence,Villarreal,Other,jenniferstevens@example.org,+91-5405320448,India,Hyderabad,Silver,2017-07-17
8023,Johnathan,Sutton,Other,pparker@example.net,792-988-2188x464,Cocos (Keeling) Islands,Paris,Platinum,2020-09-02
8024,Christopher,Hughes,Female,oliverjames@example.com,+91-1409516111,India,Kochi,Bronze,2021-01-08
8025,Nathan,Newton,Male,zcarter@example.net,+91-2990579963,India,Chennai,Silver,2017-06-01
8026,Megan,Wright,Other,wendy71@example.org,(253)444-2874x52446,Estonia,Los Angeles,Platinum,2025-04-23
8027,Misty,Garcia,Male,karen91@example.net,+91-1826283357,India,Thiruvananthapuram,Platinum,2020-11-09
8028,Amber,Davis,Other,jacksontamara@example.com,+91-2540052592,India,Bangalore,Silver,2021-03-21
8029,Robert,Davenport,Female,jamie11@example.net,+91-2268569091,India,Vijayawada,Silver,2017-04-20
8030,Robert,Larson,Other,juliewilliams@example.net,+91-1385889096,India,Visakhapatnam,Bronze,2016-11-22
8031,Kendra,Smith,Male,danieldudley@example.com,+91-2546670563,India,Mysore,Silver,2020-05-26
8032,Christopher,Hicks,Female,dunncharles@example.com,+91-3029840975,India,Thiruvananthapuram,Platinum,2015-08-27
8033,Matthew,Henderson,Male,ruizbrian@example.net,+91-5580044035,India,Thiruvananthapuram,Bronze,2016-07-31
8034,Brandon,Rosales,Male,christinerandall@example.net,+91-2642408749,India,Bangalore,Silver,2024-03-23
8035,Charles,Nichols,Male,vbean@example.org,+91-9546128648,India,Thiruvananthapuram,Bronze,2016-01-29
8036,Kelly,Thompson,Other,ronald93@example.org,700-835-5469,Iceland,Berlin,Silver,2024-04-02
8037,Julie,Wallace,Male,xrobles@example.net,+91-7203042441,India,Mysore,Bronze,2023-03-16
8038,Martin,Ortiz,Other,wilsonrickey@example.net,+91-154988796,India,Chennai,Bronze,2020-06-24
8039,Robert,Chang,Male,moralesrodney@example.com,+91-9525050894,India,Thiruvananthapuram,Bronze,2018-08-03
8040,Kurt,Cunningham,Other,francis60@example.org,+91-4050513385,India,Mysore,Silver,2022-04-03
8041,Thomas,Stewart,Other,iharper@example.net,+91-2189915084,India,Thiruvananthapuram,Silver,2024-06-15
8042,Phillip,Dickerson,Male,riverabrenda@example.com,+91-7082368413,India,Coimbatore,Bronze,2023-03-28
8043,Veronica,Campbell,Other,jason45@example.net,+91-1608237378,India,Bangalore,Silver,2021-06-17
8044,Dan,Thornton,Other,hayesshannon@example.com,(273)890-6122x2208,Oman,Singapore,Bronze,2015-10-14
8045,Heather,Mayer,Other,rogerscandace@example.org,+91-8801322316,India,Chennai,Gold,2015-05-31
8046,Michael,Hoover,Male,stephaniekelley@example.com,+91-1686933488,India,Bangalore,Bronze,2022-05-24
8047,Sean,Cruz,Male,rosserin@example.net,+91-3748327647,India,Thiruvananthapuram,Gold,2024-12-31
8048,Nathan,Martin,Male,joseph42@example.org,+91-7372437675,India,Mysore,Silver,2019-10-08
8049,Mary,Johnson,Female,hobbscrystal@example.org,+91-645963331,India,Visakhapatnam,Silver,2020-08-25
8050,Deborah,Hancock,Other,wolfjonathan@example.org,+91-4734130011,India,Thiruvananthapuram,Bronze,2024-01-07
8051,Amanda,Myers,Female,omar95@example.net,001-309-989-5959x4449,Guadeloupe,London,Bronze,2020-06-15
8052,Nathan,Knight,Other,chelsey55@example.net,+91-6540614166,India,Vijayawada,Gold,2019-11-18
8053,Jessica,Bowen,Male,hendersonsandra@example.com,+91-1947626752,India,Bangalore,Silver,2016-07-23
8054,Jade,Guerrero,Other,madeline20@example.net,+91-9357503855,India,Visakhapatnam,Silver,2022-03-10
8055,Susan,Dickerson,Male,christopherhughes@example.org,+91-2370925298,India,Mysore,Gold,2023-11-19
8056,Matthew,Bauer,Male,joanna86@example.com,+91-9249015016,India,Kochi,Silver,2021-10-25
8057,Brittany,Perkins,Other,victoriabrown@example.com,687-546-6391x86229,Azerbaijan,Singapore,Bronze,2017-05-24
8058,Laura,Martin,Other,johngarcia@example.net,+91-8396070231,India,Hyderabad,Silver,2024-01-01
8059,Tina,Dunn,Female,ecraig@example.org,+91-6783016122,India,Chennai,Silver,2021-01-20
8060,Lori,Vargas,Male,wilsonjeff@example.com,+91-5901643118,India,Visakhapatnam,Bronze,2017-07-25
8061,Lisa,Montgomery,Male,angela67@example.net,+91-5695562575,India,Mysore,Bronze,2018-08-07
8062,Heather,Chapman,Male,khenry@example.net,+91-5310524919,India,Chennai,Silver,2018-08-15
8063,Andrew,Shea,Other,john61@example.org,+91-6134970608,India,Bangalore,Silver,2019-04-08
8064,Shane,Fitzpatrick,Female,terri10@example.com,+91-257316356,India,Chennai,Gold,2017-09-28
8065,Aaron,Juarez,Other,sarah89@example.org,+91-4377325961,India,Mysore,Gold,2018-03-08
8066,Susan,Robertson,Female,scotthoover@example.org,+91-7413605554,India,Thiruvananthapuram,Silver,2015-12-11
8067,Gabriel,Wilson,Female,victoriamiddleton@example.net,+91-8207027751,India,Thiruvananthapuram,Bronze,2018-04-22
8068,Sarah,Parker,Other,johnboyd@example.com,+1-491-333-3358,Jersey,New York,Silver,2020-12-18
8069,Andrea,Hodges,Other,stacywest@example.com,+91-4797448925,India,Vijayawada,Bronze,2016-08-24
8070,Christopher,Moss,Male,rossjeffrey@example.net,+91-1761857854,India,Bangalore,Bronze,2018-05-03
8071,Ian,Thomas,Male,michele45@example.net,+91-5539865921,India,Madurai,Silver,2015-07-15
8072,Robert,Peck,Female,garciascott@example.net,+91-384651551,India,Kochi,Gold,2021-04-20
8073,Joseph,Jones,Male,michellevalencia@example.net,+91-2309570404,India,Bangalore,Silver,2024-03-03
8074,Christopher,Flores,Male,sarah87@example.net,+91-3769457224,India,Chennai,Gold,2022-10-23
8075,Willie,Randall,Other,williamscurtis@example.net,+91-8345949673,India,Visakhapatnam,Gold,2023-07-11
8076,Heather,Smith,Male,nicoletaylor@example.org,+91-532986616,India,Chennai,Platinum,2024-04-25
8077,Edward,Kelley,Male,porterrichard@example.net,+91-2523616602,India,Chennai,Bronze,2020-07-15
8078,Ronald,Cruz,Male,rileyerin@example.net,+91-5653020677,India,Bangalore,Silver,2016-10-06
8079,Diana,Mack,Male,herrerabarry@example.net,+91-6770133286,India,Kochi,Silver,2015-10-23
8080,Victor,Nguyen,Male,vhumphrey@example.org,242.719.4120x6449,Denmark,Sydney,Bronze,2021-08-28
8081,Jonathan,Sandoval,Female,glenn61@example.org,+91-9521484220,India,Bangalore,Bronze,2020-04-28
8082,Sharon,Reed,Other,smithmichael@example.com,4487150870,Nigeria,New York,Bronze,2021-01-11
8083,Matthew,Powell,Other,christopher04@example.net,+91-4919680784,India,Bangalore,Silver,2015-05-29
8084,Courtney,Wallace,Other,mary23@example.com,+91-6370412967,India,Chennai,Silver,2020-10-25
8085,Charles,Robinson,Male,rgomez@example.com,+91-1959830233,India,Vijayawada,Silver,2022-05-11
8086,Cynthia,Gonzalez,Male,bill39@example.org,(630)918-8373,Zimbabwe,Los Angeles,Bronze,2019-07-10
8087,Matthew,Jordan,Other,kellytapia@example.org,+91-7723392464,India,Mysore,Bronze,2021-05-03
8088,Bridget,Welch,Female,mjohns@example.com,648-683-9426x434,British Indian Ocean Territory (Chagos Archipelago),Singapore,Platinum,2015-09-16
8089,James,Smith,Female,kristin54@example.net,239-268-1797x8068,Gambia,Los Angeles,Bronze,2023-08-07
8090,Nathan,Hayes,Male,jeremyroberts@example.com,+91-1606580497,India,Visakhapatnam,Platinum,2020-06-24
8091,Willie,Morris,Other,christinagreen@example.com,+91-4506875518,India,Visakhapatnam,Silver,2018-09-19
8092,Aaron,Miller,Male,jennifer51@example.org,+91-5502093054,India,Madurai,Bronze,2023-04-04
8093,Joshua,Costa,Other,gwade@example.org,737-833-4021x55437,Myanmar,New York,Silver,2023-02-23
8094,Juan,Peterson,Male,karenvillegas@example.net,+91-5816137870,India,Hyderabad,Silver,2019-10-17
8095,Brian,Hampton,Female,maddenphilip@example.org,+91-3702317172,India,Coimbatore,Silver,2023-03-31
8096,Stephanie,Brown,Other,fcastro@example.net,+91-2791925707,India,Kochi,Bronze,2022-07-10
8097,Christine,Mcmahon,Other,ginahatfield@example.net,+91-9326862715,India,Hyderabad,Silver,2023-04-28
8098,Cory,Oliver,Male,gjohnson@example.net,+91-1371882306,India,Coimbatore,Gold,2019-01-07
8099,Michael,Burns,Male,adkinselizabeth@example.net,+91-2069289061,India,Coimbatore,Silver,2019-01-02
8100,Jennifer,Wallace,Male,wallacekimberly@example.com,+91-2713786229,India,Hyderabad,Bronze,2022-09-20
8101,Amber,Wilson,Female,bchan@example.net,+91-4600137690,India,Hyderabad,Platinum,2021-09-15
8102,Jennifer,Copeland,Other,vanessa05@example.org,+1-619-975-3001,Mali,Toronto,Silver,2020-07-30
8103,Haley,Perez,Male,smcdonald@example.com,+91-2903322837,India,Visakhapatnam,Silver,2015-07-28
8104,Jesse,King,Female,laura72@example.org,+91-7552757336,India,Visakhapatnam,Silver,2024-05-10
8105,Johnathan,Moore,Female,robinsonashley@example.net,+91-2891888611,India,Hyderabad,Bronze,2019-03-31
8106,Brian,Burnett,Other,johncollins@example.com,+1-691-760-5196x409,Iraq,Tokyo,Bronze,2023-10-15
8107,William,Haney,Female,gary40@example.net,+91-5216999190,India,Madurai,Bronze,2017-10-08
8108,Frank,Taylor,Female,rachel20@example.net,6414032909,Saint Lucia,Toronto,Silver,2021-04-22
8109,Debra,Paul,Other,pschneider@example.net,+91-5025746953,India,Mysore,Platinum,2024-02-08
8110,Michael,Carrillo,Male,david05@example.net,+91-6059889111,India,Madurai,Bronze,2018-12-04
8111,Susan,Smith,Other,hsmith@example.org,+91-9430108919,India,Kochi,Bronze,2020-07-28
8112,Sabrina,Franklin,Female,danielle43@example.org,+91-700989907,India,Mysore,Bronze,2024-02-12
8113,Nicole,Smith,Male,william96@example.com,+91-4295205000,India,Thiruvananthapuram,Gold,2019-06-03
8114,George,George,Male,danieldouglas@example.org,+91-7153927675,India,Mysore,Gold,2022-11-25
8115,Nicole,Wright,Female,masonaudrey@example.com,+91-9233106573,India,Kochi,Bronze,2018-12-11
8116,Angela,Fischer,Female,scott76@example.net,+91-4698148919,India,Hyderabad,Platinum,2024-11-10
8117,Jacqueline,Holloway,Male,marissahernandez@example.org,+91-983888620,India,Mysore,Gold,2023-07-01
8118,William,Fernandez,Other,sergiomatthews@example.org,+91-5160522428,India,Madurai,Silver,2017-06-30
8119,Deborah,Stevens,Other,roseryan@example.net,+91-2125378645,India,Kochi,Gold,2022-09-10
8120,Thomas,Chavez,Other,michael11@example.net,+91-2500278882,India,Coimbatore,Gold,2022-03-28
8121,Adrian,Smith,Male,aharris@example.net,+91-5397954919,India,Madurai,Platinum,2024-10-19
8122,Wendy,Stark,Other,isims@example.net,+91-9086806818,India,Madurai,Platinum,2022-12-13
8123,Andrea,Sawyer,Male,melissarivera@example.net,+91-3282769699,India,Madurai,Bronze,2022-07-07
8124,Melissa,Sharp,Male,jennifergarcia@example.net,+91-8877525208,India,Bangalore,Bronze,2018-08-28
8125,Danny,Hubbard,Male,xhuerta@example.org,+91-1540722879,India,Madurai,Gold,2022-09-08
8126,Haley,Smith,Other,cmcdowell@example.net,+91-3144688271,India,Chennai,Gold,2016-12-16
8127,Andrew,Cox,Male,jennifererickson@example.org,+91-7664660721,India,Bangalore,Silver,2020-11-26
8128,Mckenzie,Martin,Male,destiny99@example.com,+91-4329895158,India,Hyderabad,Silver,2021-02-21
8129,Monica,Wilson,Other,hshelton@example.net,+91-6269728228,India,Kochi,Silver,2022-11-30
8130,Cynthia,Wheeler,Male,contrerastyler@example.net,+91-3350000891,India,Mysore,Platinum,2023-04-26
8131,Henry,Atkinson,Female,bvaldez@example.net,+91-4615305384,India,Coimbatore,Bronze,2024-02-12
8132,Kristin,Ortiz,Male,nscott@example.net,+91-68193743,India,Coimbatore,Bronze,2016-02-11
8133,Christopher,Jones,Other,steve38@example.org,(417)718-3268x54799,Italy,Berlin,Bronze,2017-05-28
8134,William,Downs,Female,alexandra91@example.org,+91-1000101281,India,Madurai,Bronze,2017-07-11
8135,Jennifer,Sutton,Male,barbara20@example.net,+91-4244583976,India,Bangalore,Gold,2020-04-09
8136,David,Franklin,Male,johnsonbarbara@example.com,+91-2082577443,India,Coimbatore,Bronze,2015-08-31
8137,Jack,Gonzalez,Female,theresa89@example.net,+91-7192426101,India,Chennai,Bronze,2019-11-07
8138,Amy,Hart,Other,catherine05@example.org,+91-1068111903,India,Madurai,Bronze,2020-08-29
8139,Jennifer,Rogers,Female,alexandermarc@example.net,+1-844-430-3165,Jamaica,Dubai,Gold,2015-09-03
8140,Edwin,Gregory,Other,martinezjoseph@example.org,+91-8919854868,India,Mysore,Gold,2017-07-22
8141,Nicholas,Osborne,Other,pbeck@example.org,+91-9721407635,India,Coimbatore,Bronze,2021-01-03
8142,Natalie,Miller,Female,gregory04@example.net,+91-956304032,India,Coimbatore,Bronze,2018-05-18
8143,Dale,Dixon,Male,wendy79@example.net,+91-5540753340,India,Kochi,Bronze,2024-04-28
8144,Zachary,Martinez,Female,moranmarissa@example.com,+91-9454909576,India,Vijayawada,Bronze,2017-02-12
8145,Christopher,Lewis,Other,oliverjames@example.org,+91-5302487483,India,Mysore,Platinum,2024-06-04
8146,Sarah,Fernandez,Other,emilysimon@example.net,+1-591-274-4327,Northern Mariana Islands,Berlin,Gold,2024-12-13
8147,David,Sandoval,Other,fjordan@example.org,805-969-6545x558,Paraguay,Singapore,Silver,2020-07-17
8148,Amy,Moreno,Female,andradescott@example.com,+91-6473466301,India,Visakhapatnam,Gold,2018-02-26
8149,Maria,Crawford,Male,robert14@example.net,+91-5377070942,India,Chennai,Silver,2024-07-23
8150,Mackenzie,Marks,Other,qhodge@example.net,+91-4169115093,India,Kochi,Bronze,2021-06-10
8151,Ashley,Rice,Female,perkinsjoshua@example.net,+91-5625547919,India,Chennai,Silver,2018-08-06
8152,Daniel,Martinez,Male,peterduncan@example.com,+91-9245974424,India,Coimbatore,Bronze,2016-03-16
8153,Jesse,Simpson,Male,sandrahuff@example.net,+91-3901302788,India,Vijayawada,Bronze,2020-07-25
8154,Kenneth,Hodges,Other,derrick03@example.com,+91-5394991784,India,Visakhapatnam,Silver,2021-12-10
8155,Vanessa,Rivas,Other,jamesmoore@example.com,460.668.7196,Faroe Islands,Los Angeles,Bronze,2023-06-06
8156,Elizabeth,Lewis,Male,banksdaniel@example.com,+91-5623371949,India,Chennai,Bronze,2015-12-29
8157,Kimberly,Alexander,Female,tonimayer@example.org,+91-6084771878,India,Mysore,Bronze,2021-09-19
8158,Michael,Dorsey,Male,molinasteven@example.com,+91-4823465089,India,Visakhapatnam,Silver,2021-04-02
8159,Brittany,Williams,Male,deanna26@example.net,+91-5966891572,India,Bangalore,Platinum,2018-11-13
8160,Diana,Bryant,Other,bowenallison@example.org,+91-3202300597,India,Vijayawada,Bronze,2022-04-02
8161,David,Dodson,Male,anthony66@example.net,300-519-1804x225,Denmark,Los Angeles,Silver,2019-07-07
8162,Juan,Perkins,Female,christophermoore@example.org,+91-9056241992,India,Chennai,Silver,2020-05-11
8163,Catherine,Martinez,Other,jeffrey01@example.org,+91-7873293788,India,Kochi,Silver,2017-11-05
8164,Stephen,Moreno,Other,jwoods@example.org,+91-8621425719,India,Chennai,Bronze,2020-06-07
8165,Shelley,Smith,Male,emily72@example.com,+91-5485280055,India,Madurai,Bronze,2018-05-02
8166,Michael,Lam,Male,vanessa72@example.com,+91-4520667266,India,Chennai,Bronze,2024-10-03
8167,Joshua,Schroeder,Male,gfigueroa@example.com,+91-1967333596,India,Madurai,Bronze,2016-06-13
8168,Brian,Hines,Male,francisco90@example.org,+91-1694007019,India,Vijayawada,Bronze,2021-09-28
8169,John,Foley,Male,fmcbride@example.org,+91-4056591747,India,Kochi,Bronze,2022-09-25
8170,Daniel,Larson,Female,bonniegibson@example.net,+91-9208371827,India,Madurai,Platinum,2017-04-01
8171,Jordan,Bowers,Other,allencynthia@example.org,+91-5896809401,India,Vijayawada,Bronze,2020-09-30
8172,Shannon,Sherman,Female,gouldyvonne@example.com,+1-713-511-5384x34762,Myanmar,Toronto,Silver,2018-07-10
8173,Paul,Rhodes,Female,greentravis@example.net,001-218-631-9455x85921,Lebanon,New York,Silver,2018-02-24
8174,Paul,Randolph,Male,joseph05@example.org,+91-5854395709,India,Mysore,Silver,2025-03-29
8175,Aaron,Williamson,Male,klowe@example.net,001-904-327-5435x2968,Vietnam,Singapore,Silver,2015-06-17
8176,Lisa,Nicholson,Female,katie27@example.com,896-298-8367,Slovenia,New York,Platinum,2023-05-29
8177,Elizabeth,Pratt,Other,ahopkins@example.net,+91-8977866043,India,Bangalore,Bronze,2021-07-07
8178,Pamela,Myers,Other,brownjonathan@example.com,+91-2923144628,India,Kochi,Gold,2019-01-18
8179,Joel,Boyd,Other,ocox@example.org,+91-5971165439,India,Vijayawada,Gold,2017-05-06
8180,Katelyn,West,Male,barbara17@example.org,+91-5052470206,India,Mysore,Platinum,2023-12-24
8181,Traci,Hammond,Other,megan32@example.net,+91-8569451132,India,Thiruvananthapuram,Bronze,2015-08-05
8182,Kevin,Parsons,Female,lauracampbell@example.org,+91-5952295311,India,Coimbatore,Silver,2019-12-26
8183,Shane,Wilson,Other,petercole@example.org,001-396-433-3470x82070,Yemen,Los Angeles,Silver,2024-12-11
8184,Brenda,Gonzales,Female,destinybarron@example.com,+91-5238083405,India,Bangalore,Silver,2016-10-16
8185,Nicole,Murphy,Female,melissa28@example.org,+91-4274164390,India,Kochi,Silver,2023-09-17
8186,Katie,Lopez,Female,martinezstephanie@example.com,+91-1228745094,India,Madurai,Silver,2023-08-29
8187,Shannon,Williams,Other,smithdavid@example.net,+91-5103962760,India,Mysore,Silver,2025-04-13
8188,Tara,Ross,Female,joshuaray@example.org,+91-8936628002,India,Thiruvananthapuram,Gold,2019-06-26
8189,Donald,Edwards,Male,xmoreno@example.com,+91-7115472974,India,Madurai,Gold,2023-09-23
8190,Sandra,Guerra,Female,oscarbailey@example.org,+91-551317069,India,Bangalore,Bronze,2025-01-07
8191,Allison,Matthews,Male,hernandezjose@example.org,+91-1542078280,India,Hyderabad,Silver,2015-08-19
8192,Donna,Knight,Other,manuel85@example.net,+91-8356819688,India,Hyderabad,Platinum,2017-08-04
8193,Stacy,Roberts,Female,brittany09@example.net,(208)631-4625x079,Taiwan,Berlin,Bronze,2017-07-06
8194,Morgan,Garza,Other,carsoncharles@example.com,+91-10940947,India,Kochi,Silver,2022-07-15
8195,Brian,Sampson,Female,woodstracey@example.net,+91-8358644052,India,Hyderabad,Bronze,2019-06-04
8196,Christopher,Johnson,Female,wardkatherine@example.net,+91-1964581752,India,Chennai,Bronze,2020-09-21
8197,Kayla,Floyd,Other,eelliott@example.com,+91-6562396197,India,Chennai,Silver,2025-04-13
8198,Nicholas,Owens,Male,kenneth89@example.org,+91-1138789482,India,Kochi,Silver,2021-05-04
8199,Carla,Copeland,Other,hgrant@example.com,+91-5291370511,India,Coimbatore,Gold,2019-05-04
8200,Veronica,Wolfe,Male,gabriela71@example.org,+91-4870263020,India,Bangalore,Silver,2015-06-04
8201,Arthur,Meyers,Male,sdavis@example.com,+91-192072359,India,Chennai,Silver,2022-07-27
8202,Brooke,Padilla,Other,tarabranch@example.com,+91-5981540932,India,Visakhapatnam,Gold,2022-09-15
8203,Christina,Edwards,Female,justin10@example.org,+91-879535728,India,Visakhapatnam,Bronze,2017-06-12
8204,Jacob,Manning,Male,ysingleton@example.net,+91-2169559105,India,Visakhapatnam,Silver,2017-07-01
8205,Reginald,Harmon,Other,kathleenbutler@example.org,+91-6932659969,India,Bangalore,Gold,2024-06-27
8206,Deborah,Anderson,Male,lynn95@example.net,+91-1875655054,India,Madurai,Platinum,2022-02-01
8207,David,Dominguez,Other,stanley13@example.com,+91-4588256253,India,Mysore,Platinum,2021-03-25
8208,Robin,Bell,Female,brian94@example.com,+91-8220839236,India,Kochi,Bronze,2020-11-19
8209,Donald,Rowland,Male,valerieelliott@example.org,+91-3838978,India,Vijayawada,Bronze,2023-11-20
8210,Hannah,Alexander,Other,jeffreysmith@example.com,845.591.7577x72698,Germany,Singapore,Silver,2021-12-06
8211,Mark,Logan,Male,robertofuentes@example.net,263.394.5016,Central African Republic,Los Angeles,Bronze,2024-04-03
8212,Richard,Mcclure,Male,abigail12@example.org,+91-6536582797,India,Madurai,Gold,2020-04-23
8213,Dylan,Owens,Male,janetgarrison@example.org,+91-3490924008,India,Thiruvananthapuram,Gold,2019-05-31
8214,Erin,Smith,Female,vincentgrimes@example.org,+91-9169413013,India,Madurai,Bronze,2020-02-18
8215,Ryan,Smith,Other,browntonya@example.net,(557)691-4706,Syrian Arab Republic,Sydney,Bronze,2017-07-22
8216,Eric,Flores,Male,joelrios@example.org,+91-2305269842,India,Chennai,Bronze,2023-05-21
8217,Christopher,Johnson,Female,huntmatthew@example.org,+91-7286590120,India,Chennai,Gold,2023-04-02
8218,Darren,Wilkerson,Other,rodriguezkeith@example.com,(787)503-5596,Lithuania,Sydney,Bronze,2025-02-19
8219,Kim,Webb,Female,wilsonsteven@example.com,+91-9129899923,India,Vijayawada,Bronze,2021-10-18
8220,Michael,Avila,Male,michael98@example.com,+91-7739677751,India,Vijayawada,Silver,2020-12-06
8221,Joseph,Garrison,Male,nlarson@example.net,+91-5896645121,India,Kochi,Gold,2025-03-14
8222,Christopher,Williams,Female,bwilliams@example.net,+91-413887483,India,Thiruvananthapuram,Bronze,2019-09-29
8223,Daniel,Weber,Other,bishoplinda@example.org,413-213-4731,Zimbabwe,Singapore,Bronze,2023-05-27
8224,Andrea,Hoffman,Other,ganderson@example.com,(842)271-8134x07475,Bangladesh,Toronto,Platinum,2016-09-12
8225,Stephanie,Gonzalez,Other,vhaynes@example.org,+91-2034145603,India,Bangalore,Bronze,2016-07-11
8226,Robert,Hill,Male,ramoskathryn@example.net,+91-2643241898,India,Coimbatore,Bronze,2015-05-01
8227,Cody,Cameron,Female,deantammie@example.com,872.742.5234,Slovenia,New York,Gold,2019-07-23
8228,Amy,Ross,Other,noahmedina@example.com,580-502-5119x0823,Dominica,Berlin,Bronze,2018-05-01
8229,Reginald,Russo,Other,oevans@example.com,+91-945736924,India,Mysore,Gold,2018-03-06
8230,Ashley,Gordon,Female,tnichols@example.com,+1-546-875-1043,American Samoa,Dubai,Bronze,2017-09-27
8231,Pamela,Elliott,Female,dwright@example.com,+91-7563437158,India,Thiruvananthapuram,Gold,2022-08-04
8232,Bobby,Clark,Other,kimberly72@example.net,+91-2589733739,India,Mysore,Gold,2023-06-02
8233,Amanda,Clark,Male,johnshaw@example.net,5987800297,Lebanon,Dubai,Gold,2024-11-16
8234,Michael,Miller,Female,ortizchristopher@example.org,(500)281-2637x87064,Montenegro,Toronto,Bronze,2024-09-17
8235,Nathan,Phillips,Other,thomasjackson@example.com,+91-9859845856,India,Thiruvananthapuram,Silver,2023-12-13
8236,Colin,Collins,Female,qramsey@example.org,+91-1920740489,India,Bangalore,Bronze,2023-09-12
8237,Tiffany,Warren,Female,ishaw@example.net,+91-2208208593,India,Thiruvananthapuram,Bronze,2018-01-14
8238,Jennifer,Martinez,Female,wdiaz@example.com,+91-3093911007,India,Mysore,Bronze,2025-02-14
8239,Matthew,Lopez,Female,micheleschmidt@example.com,+91-4106125232,India,Hyderabad,Gold,2019-08-30
8240,Darren,Rogers,Female,kennedybecky@example.org,+91-215191187,India,Visakhapatnam,Bronze,2022-10-04
8241,Jay,Perez,Female,paul76@example.com,+91-4230670936,India,Bangalore,Silver,2017-11-17
8242,Paul,Gilbert,Other,jacksonchristopher@example.com,+91-2473278255,India,Mysore,Platinum,2019-05-23
8243,Allison,Baxter,Male,xhill@example.com,+91-3270483039,India,Hyderabad,Bronze,2016-06-14
8244,Haley,Evans,Male,ksilva@example.net,760.731.1472x14213,Norfolk Island,Sydney,Platinum,2016-02-17
8245,Nicole,Mills,Male,juan29@example.org,+91-5303982099,India,Bangalore,Silver,2022-12-27
8246,Susan,Robinson,Female,crystal43@example.org,+91-4903049926,India,Visakhapatnam,Silver,2024-07-18
8247,Michael,Perry,Other,alisonwalker@example.org,+91-6567507405,India,Coimbatore,Bronze,2022-02-23
8248,Craig,Hendricks,Other,xandrews@example.com,+91-3293589728,India,Mysore,Silver,2023-02-28
8249,Richard,Bass,Female,robertholmes@example.net,+91-8402094752,India,Chennai,Silver,2015-12-03
8250,Tracy,Gordon,Other,mark56@example.net,+91-5373257567,India,Thiruvananthapuram,Bronze,2024-11-03
8251,Rachel,White,Female,aspencer@example.org,+91-2466343811,India,Bangalore,Silver,2017-06-12
8252,Wendy,Oconnor,Male,stephen05@example.com,+91-3581961087,India,Thiruvananthapuram,Platinum,2020-06-09
8253,Randy,Smith,Other,bradley19@example.com,+91-6086248635,India,Madurai,Silver,2020-08-31
8254,Joshua,Perez,Other,shawn07@example.org,+91-7532748299,India,Bangalore,Gold,2024-12-13
8255,Michael,Molina,Female,corey27@example.com,+91-4657489909,India,Thiruvananthapuram,Silver,2017-12-24
8256,Sarah,Owens,Female,beardpatrick@example.org,+91-2792756834,India,Chennai,Silver,2021-02-28
8257,Alan,Brown,Female,julianmorales@example.com,+91-1252158789,India,Thiruvananthapuram,Gold,2018-07-02
8258,Kevin,Morris,Male,nicole30@example.com,+91-9932313329,India,Hyderabad,Gold,2021-08-15
8259,Barbara,Martin,Other,kbryant@example.net,+91-4408992721,India,Thiruvananthapuram,Bronze,2019-06-30
8260,Susan,Skinner,Other,davissamuel@example.org,+91-4776681913,India,Visakhapatnam,Bronze,2019-01-21
8261,Jenna,Potter,Other,ywilkerson@example.org,+91-1450287357,India,Kochi,Silver,2023-11-01
8262,James,Williams,Other,owensjames@example.com,+91-2693331792,India,Mysore,Platinum,2023-09-11
8263,Christopher,Robinson,Male,daniel73@example.com,+91-350848110,India,Madurai,Bronze,2022-10-10
8264,Steven,Myers,Female,moralesheather@example.org,+91-2800675764,India,Thiruvananthapuram,Platinum,2025-03-07
8265,Joe,Atkinson,Female,chad18@example.org,+91-843675060,India,Visakhapatnam,Gold,2016-09-17
8266,Christina,Webb,Other,teresagutierrez@example.net,+91-4254016848,India,Bangalore,Bronze,2024-09-28
8267,Robert,Knight,Other,brian46@example.org,264.917.5393,Timor-Leste,Tokyo,Platinum,2024-03-03
8268,Elizabeth,Wolf,Female,hunterbryant@example.org,+91-4675685239,India,Kochi,Bronze,2023-03-15
8269,Joseph,Moran,Male,jacqueline14@example.net,562.948.8021x18069,Antigua and Barbuda,Los Angeles,Bronze,2019-12-03
8270,Colleen,Barker,Male,bryansuarez@example.com,+91-8184307600,India,Mysore,Bronze,2017-08-30
8271,Elizabeth,Harris,Male,thomaspugh@example.com,+91-5292802059,India,Kochi,Gold,2017-07-31
8272,James,Patterson,Female,elizabethmonroe@example.net,+91-9971220983,India,Kochi,Silver,2020-04-08
8273,Nicole,Hicks,Male,jeffery95@example.net,+91-6480664578,India,Vijayawada,Gold,2018-02-08
8274,Kimberly,Moore,Other,okelley@example.org,+91-1508468678,India,Thiruvananthapuram,Gold,2018-11-04
8275,Luke,Owen,Other,hilljoel@example.net,+91-3156573213,India,Madurai,Bronze,2024-07-16
8276,Dustin,Gonzalez,Female,gomezmark@example.net,+91-1969249267,India,Thiruvananthapuram,Silver,2023-12-18
8277,Logan,Elliott,Male,gcobb@example.net,+91-979994351,India,Bangalore,Silver,2022-05-03
8278,Lawrence,Mendoza,Other,davisriley@example.com,+91-9675521290,India,Hyderabad,Bronze,2024-04-10
8279,John,Harrison,Female,victor97@example.org,+91-2139112200,India,Chennai,Platinum,2023-01-06
8280,Katherine,Walsh,Male,sandradavis@example.com,+91-399837740,India,Bangalore,Bronze,2017-08-24
8281,Carla,Wood,Male,krobinson@example.net,+91-7442806039,India,Bangalore,Silver,2024-10-28
8282,Daniel,Riley,Female,freemanbrent@example.org,+1-720-517-9981x320,United States Virgin Islands,Dubai,Bronze,2021-10-03
8283,Gabriel,Wright,Female,karenmyers@example.com,+91-4889641660,India,Coimbatore,Bronze,2024-10-07
8284,Rachel,Watson,Male,qhernandez@example.net,+91-1385148771,India,Kochi,Platinum,2016-04-12
8285,Jessica,Kent,Female,nicholas41@example.com,+91-8278406977,India,Visakhapatnam,Bronze,2020-03-17
8286,Angela,Mendoza,Male,dana98@example.com,+1-310-419-417,Kazakhstan,New York,Silver,2021-02-24
8287,Michael,Garner,Other,brandonmartin@example.com,+91-1080330362,India,Visakhapatnam,Bronze,2016-12-30
8288,Mark,Walker,Male,smithemily@example.org,+91-9407892302,India,Kochi,Gold,2022-08-28
8289,Danielle,Martin,Other,dlloyd@example.net,+91-596519698,India,Visakhapatnam,Silver,2019-10-15
8290,Kathleen,Williams,Female,jarvispaul@example.org,+91-5029467225,India,Madurai,Silver,2017-08-31
8291,William,Davis,Male,cwheeler@example.org,+91-9627003810,India,Bangalore,Silver,2021-02-14
8292,Renee,Sanchez,Male,gillespiemichele@example.com,+91-8099860503,India,Vijayawada,Gold,2024-09-13
8293,John,Moyer,Other,kingshannon@example.com,+91-3476152823,India,Kochi,Silver,2015-06-12
8294,Sandra,Henry,Other,richardmartin@example.org,878.372.9417x50277,Cayman Islands,Berlin,Platinum,2016-12-22
8295,Alexandra,Graham,Male,caseymelissa@example.com,+1-573-924-8952x19417,Seychelles,Sydney,Bronze,2020-03-14
8296,Laurie,Fowler,Female,amandajohnson@example.net,(967)485-3287x69308,Suriname,Berlin,Silver,2020-12-07
8297,Courtney,Mckee,Male,bishopanthony@example.net,(353)568-7511,Syrian Arab Republic,Toronto,Gold,2019-01-23
8298,Veronica,Osborne,Male,hmorris@example.org,+91-2547752343,India,Visakhapatnam,Bronze,2024-11-14
8299,William,Carter,Male,juliebarker@example.com,+91-740483796,India,Visakhapatnam,Gold,2020-11-04
8300,Molly,Gonzales,Male,antonio28@example.org,+91-4901088424,India,Kochi,Bronze,2018-10-02
8301,Yesenia,Simmons,Male,kenneth61@example.com,+91-7695557371,India,Vijayawada,Gold,2024-11-06
8302,Mary,Mitchell,Female,khannathan@example.net,+91-4278937255,India,Coimbatore,Silver,2020-05-03
8303,Kimberly,Walker,Other,crawfordalan@example.net,+91-1260063599,India,Coimbatore,Bronze,2018-04-26
8304,John,Benson,Other,wdelgado@example.org,+91-9437530661,India,Mysore,Silver,2018-04-23
8305,Michael,Jefferson,Female,melissa24@example.com,+91-4346213418,India,Madurai,Silver,2018-06-27
8306,Tonya,Brooks,Male,xrobinson@example.com,+91-8339549437,India,Hyderabad,Platinum,2021-12-10
8307,Timothy,Hunter,Other,sancheztrevor@example.org,+91-9827824784,India,Mysore,Bronze,2017-12-10
8308,Amanda,Contreras,Female,jamie33@example.com,+91-1272794653,India,Coimbatore,Bronze,2022-09-05
8309,Charles,Fitzpatrick,Male,steingary@example.net,+91-7590072633,India,Kochi,Silver,2018-11-12
8310,Russell,Sosa,Female,bmartin@example.org,+91-9879143507,India,Madurai,Bronze,2020-12-02
8311,Richard,Williams,Other,sarabarton@example.org,829-270-5761x40000,Saint Lucia,Sydney,Silver,2023-03-20
8312,Deanna,Ryan,Other,dunnchristopher@example.org,+91-8456269373,India,Madurai,Gold,2017-08-27
8313,David,Newton,Other,smyers@example.com,+91-5741218108,India,Vijayawada,Bronze,2015-06-15
8314,Monique,Moss,Female,christopher58@example.net,837-878-5716x827,Georgia,Sydney,Bronze,2016-02-02
8315,Kelly,Baker,Other,potterbeth@example.org,+91-5931072955,India,Vijayawada,Bronze,2023-05-16
8316,Rhonda,Newman,Other,msimmons@example.net,+91-8362772957,India,Coimbatore,Gold,2017-11-16
8317,Beth,Smith,Male,elizabethwilliams@example.net,+91-9242130990,India,Visakhapatnam,Bronze,2016-05-07
8318,Ralph,Johnson,Female,richard05@example.net,+91-7242806852,India,Hyderabad,Bronze,2020-11-12
8319,Tiffany,Johnson,Female,vevans@example.com,+91-7073792289,India,Coimbatore,Silver,2022-06-04
8320,Patrick,Carey,Female,rtaylor@example.com,+91-1837183410,India,Chennai,Bronze,2023-12-16
8321,John,Williams,Female,danielle88@example.net,580-374-3620x79935,Montenegro,New York,Silver,2022-01-26
8322,Daniel,Lamb,Other,williamblevins@example.net,+91-801259539,India,Visakhapatnam,Gold,2020-04-05
8323,Amber,Lewis,Other,okennedy@example.com,+91-9194948966,India,Kochi,Bronze,2022-12-22
8324,Michael,Norton,Female,lucasgallagher@example.net,+91-8755285619,India,Bangalore,Platinum,2016-02-04
8325,Thomas,Elliott,Female,ashley63@example.net,+1-644-744-4329x236,Yemen,London,Bronze,2017-12-12
8326,Joshua,Watson,Other,jeanette79@example.org,+91-6296734211,India,Madurai,Gold,2016-12-07
8327,Anthony,Cortez,Other,porterphillip@example.com,+91-7718224993,India,Visakhapatnam,Bronze,2017-03-24
8328,Andrew,Ellis,Other,maria21@example.org,762.878.7239,Wallis and Futuna,Paris,Bronze,2024-01-09
8329,Michael,Flores,Female,tinamartinez@example.net,+91-5193123401,India,Coimbatore,Bronze,2020-06-14
8330,Jill,Hahn,Other,lisalong@example.com,+91-4039027283,India,Mysore,Platinum,2019-12-02
8331,Wanda,Webster,Other,brian27@example.com,+91-9403729165,India,Hyderabad,Bronze,2022-08-09
8332,Wendy,Miller,Other,richardwade@example.com,+91-4592072182,India,Kochi,Bronze,2021-03-10
8333,Jeffrey,Johnson,Female,escobarpamela@example.org,+91-8631218973,India,Madurai,Silver,2023-08-31
8334,Anthony,Guzman,Female,jerryoliver@example.net,+91-4999233853,India,Thiruvananthapuram,Silver,2023-02-15
8335,Natasha,Keller,Female,morganjonathan@example.net,+91-781721399,India,Visakhapatnam,Silver,2021-08-01
8336,Misty,Lee,Male,alyssa11@example.com,+91-9140767499,India,Kochi,Gold,2025-01-19
8337,Jessica,Patterson,Other,devinaguilar@example.net,+91-733201840,India,Hyderabad,Bronze,2016-08-08
8338,Laura,Ballard,Other,sandra74@example.com,+91-2497321138,India,Kochi,Bronze,2017-01-19
8339,Lauren,Arellano,Other,linda43@example.com,001-422-951-0856x94921,Colombia,Paris,Silver,2020-04-18
8340,Jeffrey,Cole,Male,ronniemiller@example.net,+91-588168929,India,Madurai,Silver,2017-05-01
8341,Ashley,Brewer,Male,youngjodi@example.org,+91-9572861882,India,Visakhapatnam,Silver,2018-10-02
8342,Martin,Rogers,Other,smithtaylor@example.net,910-528-7142x712,Uganda,Sydney,Bronze,2020-05-01
8343,Deborah,Park,Male,leonerin@example.net,+91-9348230562,India,Kochi,Gold,2020-05-01
8344,Rachael,Wood,Other,janet19@example.org,943.820.6175,Kiribati,Sydney,Bronze,2021-03-11
8345,Patrick,Shaffer,Other,heather86@example.com,+91-7218295748,India,Mysore,Silver,2024-10-31
8346,Miranda,Anthony,Other,danielle54@example.com,+91-6266326486,India,Coimbatore,Silver,2022-09-29
8347,Regina,Mcclure,Other,nathan82@example.com,+91-7777552983,India,Visakhapatnam,Silver,2015-11-30
8348,Jacqueline,Ellis,Other,samuelbaker@example.com,+91-2814305855,India,Mysore,Gold,2018-03-31
8349,Laura,Gibson,Male,christopher44@example.org,+91-8758726507,India,Thiruvananthapuram,Bronze,2016-09-18
8350,Ryan,Gardner,Other,wwoods@example.org,+91-2263395530,India,Vijayawada,Silver,2021-11-05
8351,Randall,Gutierrez,Female,pjacobs@example.org,745-347-4900,Japan,Toronto,Platinum,2023-08-26
8352,Johnny,Williams,Male,gwilliams@example.com,+1-345-632-8977,Bahamas,London,Silver,2022-09-04
8353,Vanessa,Horton,Male,josecabrera@example.net,+91-2147350300,India,Visakhapatnam,Gold,2023-09-02
8354,Virginia,Benson,Female,knorris@example.net,206-238-1999x19305,Germany,Toronto,Gold,2023-12-03
8355,Melissa,Clarke,Other,devinwhite@example.com,+91-9077176869,India,Madurai,Platinum,2016-05-11
8356,Amanda,Sparks,Other,deborah25@example.com,(906)565-8383x711,Kuwait,Tokyo,Silver,2023-04-04
8357,Nicole,Fletcher,Other,gary72@example.net,570.711.5421,Trinidad and Tobago,Tokyo,Bronze,2018-05-05
8358,Brittney,Lewis,Female,hallscott@example.org,+91-2810323704,India,Chennai,Gold,2016-05-15
8359,Jeremy,Wilson,Female,hamptonmichael@example.net,+1-903-647-9389,Tonga,Berlin,Bronze,2021-04-22
8360,Robert,Rice,Other,jmiller@example.net,+91-3132367109,India,Chennai,Gold,2017-08-23
8361,Lucas,Skinner,Other,skinnerchad@example.net,317-718-6460,Zambia,London,Gold,2019-07-05
8362,Kyle,Shaw,Other,johnsondaniel@example.com,+91-4437952238,India,Thiruvananthapuram,Platinum,2018-10-11
8363,Caleb,Brown,Female,hartmanryan@example.net,+91-5791203401,India,Chennai,Silver,2021-02-14
8364,Mckenzie,Chan,Other,martineric@example.org,+91-6679614304,India,Vijayawada,Bronze,2020-11-09
8365,Zachary,Hernandez,Other,ronald61@example.org,+91-8436117420,India,Kochi,Silver,2020-03-15
8366,Bryan,Valdez,Male,rross@example.org,+91-1133863938,India,Bangalore,Platinum,2022-09-22
8367,John,Webb,Male,ymendoza@example.net,+91-2881764607,India,Bangalore,Bronze,2018-06-27
8368,Robert,Lamb,Male,shanehill@example.com,+91-3068162267,India,Vijayawada,Platinum,2019-11-20
8369,Kevin,Valdez,Male,christine33@example.com,+91-8856760665,India,Madurai,Bronze,2022-09-06
8370,Julie,Eaton,Other,brandon28@example.net,+1-848-218-8132,El Salvador,London,Gold,2016-11-13
8371,Laura,Duke,Other,mitchellsteven@example.net,+91-1256567947,India,Hyderabad,Platinum,2018-04-14
8372,Christina,Flores,Male,gcamacho@example.net,+91-62533409,India,Madurai,Platinum,2015-11-27
8373,James,Davis,Female,raypaul@example.com,+91-1983231044,India,Bangalore,Silver,2019-03-03
8374,Joseph,Bell,Female,andreawilliams@example.org,+91-8216458860,India,Hyderabad,Bronze,2015-06-19
8375,Wayne,Terrell,Male,richard90@example.org,+91-5113950096,India,Visakhapatnam,Bronze,2024-11-05
8376,Rhonda,Curry,Female,fkim@example.net,+91-60407275,India,Bangalore,Bronze,2018-01-18
8377,Richard,Hopkins,Female,carneycurtis@example.com,+91-3026507377,India,Vijayawada,Bronze,2025-03-25
8378,Grant,Little,Male,amy27@example.com,+91-8185927854,India,Coimbatore,Silver,2018-10-05
8379,Heather,Gilbert,Female,ericbarker@example.net,(465)322-6303,Saint Kitts and Nevis,Singapore,Silver,2019-12-11
8380,Amber,Sims,Female,robersonronald@example.net,+91-5934883450,India,Visakhapatnam,Bronze,2021-09-06
8381,Betty,Brown,Female,bruce93@example.com,+91-8230850283,India,Kochi,Bronze,2020-09-08
8382,David,Johnson,Other,wooderic@example.net,+91-5286972244,India,Mysore,Bronze,2021-08-07
8383,Chad,Vargas,Female,kelseyhopkins@example.net,+91-8884322700,India,Mysore,Bronze,2023-03-04
8384,Melanie,Cooper,Male,ashelton@example.com,+91-6417261768,India,Coimbatore,Platinum,2020-05-07
8385,Jeremiah,Jefferson,Female,davisandrew@example.net,+91-7087446902,India,Mysore,Bronze,2018-07-21
8386,Kenneth,Russell,Female,mahoneyjason@example.net,(329)389-2244x39019,Myanmar,Dubai,Bronze,2024-05-07
8387,Karen,Oneal,Male,andrewbecker@example.net,+91-3268510224,India,Hyderabad,Silver,2024-08-29
8388,Tamara,Jackson,Other,sheila72@example.com,+91-4406723062,India,Madurai,Bronze,2016-02-04
8389,Joann,Baird,Other,csalazar@example.net,+91-908979468,India,Mysore,Silver,2016-04-16
8390,Kristy,Watkins,Male,todd36@example.com,+91-5360651289,India,Madurai,Platinum,2023-07-08
8391,Charles,Meyers,Female,omiller@example.net,+91-567651688,India,Bangalore,Bronze,2019-08-16
8392,Amanda,Boyd,Male,hernandezlisa@example.net,802-242-0812,Slovakia (Slovak Republic),Toronto,Bronze,2021-08-30
8393,Tina,Melton,Male,nathanielmurray@example.com,+91-3495111241,India,Coimbatore,Bronze,2024-08-13
8394,Jeremy,George,Female,sarah26@example.net,+91-8465409717,India,Coimbatore,Gold,2021-11-21
8395,Andrea,Robles,Male,davidmathews@example.org,+91-7900992293,India,Visakhapatnam,Silver,2022-01-15
8396,Nathan,Gomez,Male,mary15@example.net,404.886.3278x427,Zimbabwe,Tokyo,Silver,2024-07-30
8397,Kelly,Solis,Male,nelsonalbert@example.net,+91-776150879,India,Kochi,Silver,2023-09-28
8398,John,Vasquez,Male,ematthews@example.com,+91-2015530676,India,Chennai,Silver,2022-05-29
8399,Antonio,Dixon,Other,edwardssharon@example.org,001-255-406-5969x537,Bahamas,Singapore,Silver,2021-11-17
8400,Eduardo,Hernandez,Other,rebeccawatson@example.org,+91-8007652807,India,Hyderabad,Gold,2024-05-17
8401,Tammy,Wade,Female,smithjoshua@example.org,+91-1307404640,India,Thiruvananthapuram,Bronze,2023-04-13
8402,Roger,Jackson,Male,brandy90@example.com,+91-9672699648,India,Bangalore,Silver,2016-04-14
8403,Alex,Best,Female,elizabeth53@example.com,+91-944848942,India,Bangalore,Bronze,2019-07-11
8404,Marie,Davis,Male,christianchristopher@example.org,320-330-5921x567,Faroe Islands,Sydney,Silver,2022-12-12
8405,Diana,King,Female,robertromero@example.org,+91-8892381926,India,Visakhapatnam,Bronze,2021-11-01
8406,Chad,Mcguire,Male,susan74@example.org,+91-4050467509,India,Thiruvananthapuram,Bronze,2016-09-21
8407,Tracy,Torres,Female,jonesfernando@example.net,282-924-0208x6711,Kuwait,Paris,Gold,2015-12-25
8408,Amber,Bowen,Other,sheppardjustin@example.net,384-835-6574,Martinique,Berlin,Bronze,2019-07-21
8409,Crystal,Watson,Other,dickersoncasey@example.net,+91-3647892711,India,Bangalore,Silver,2024-08-09
8410,Jessica,Collins,Female,nguyenwilliam@example.org,+91-3748997483,India,Visakhapatnam,Silver,2017-06-19
8411,Michael,Carter,Other,joseph09@example.org,+91-7966337306,India,Kochi,Bronze,2025-03-22
8412,Tony,Walker,Female,guzmangabriella@example.org,+91-4895974915,India,Visakhapatnam,Gold,2018-06-09
8413,Janet,Becker,Other,schwartzshane@example.net,+91-7561076958,India,Mysore,Silver,2017-05-06
8414,Lisa,Brooks,Female,xroberts@example.org,+91-710367123,India,Kochi,Silver,2024-05-18
8415,Christine,Jones,Female,freemantimothy@example.com,+91-3765492509,India,Hyderabad,Bronze,2018-07-02
8416,Diane,Garcia,Female,martinezmaria@example.org,+91-3789908388,India,Chennai,Silver,2018-01-21
8417,Nathan,Bowman,Other,murphymeghan@example.com,(521)776-7865,Western Sahara,New York,Platinum,2018-12-24
8418,Rebecca,Jackson,Other,vincentsalinas@example.org,281.801.2415,Greece,London,Bronze,2024-12-03
8419,Wendy,Harris,Other,pgeorge@example.net,+91-1752455810,India,Madurai,Bronze,2017-04-06
8420,Nicholas,Gay,Other,ashley00@example.org,+91-6319360003,India,Bangalore,Silver,2023-02-26
8421,Andrew,Johnson,Male,nicholas75@example.net,+91-406164171,India,Kochi,Gold,2023-04-19
8422,Zachary,Lam,Male,samuel76@example.net,594.938.3058x1366,Iran,Berlin,Bronze,2021-10-05
8423,Charles,Stanley,Other,jessica23@example.com,+91-8605919066,India,Mysore,Gold,2016-11-10
8424,Kathleen,Baker,Male,cdavenport@example.com,+91-375504236,India,Madurai,Gold,2025-01-14
8425,Sara,White,Male,sgardner@example.net,001-635-730-5389,Reunion,London,Bronze,2018-09-22
8426,Jessica,Green,Female,sandra83@example.org,+91-3667797552,India,Mysore,Bronze,2015-09-09
8427,Michael,Robertson,Male,lnelson@example.org,+91-1932570696,India,Bangalore,Bronze,2020-05-22
8428,Jackie,Mendoza,Male,wlewis@example.net,+91-1867522270,India,Vijayawada,Gold,2017-08-11
8429,Brian,Brown,Other,baileyvilla@example.net,(416)243-9523x64578,Mali,Paris,Silver,2017-01-13
8430,Nancy,Nelson,Other,johnperez@example.com,(587)301-1550,Philippines,Dubai,Silver,2020-12-15
8431,Susan,Hernandez,Other,webergregory@example.com,287-832-2318,Togo,New York,Silver,2016-11-15
8432,Andrea,Burns,Male,cookamy@example.net,+91-9608667760,India,Mysore,Platinum,2025-01-16
8433,Brian,Mendez,Female,christopher65@example.org,+91-7421105395,India,Visakhapatnam,Bronze,2020-10-11
8434,Cathy,Gilbert,Male,hmcmahon@example.com,816.408.4001x0139,Honduras,Los Angeles,Gold,2022-05-01
8435,Jennifer,Acevedo,Male,prichardson@example.com,+91-1793218726,India,Thiruvananthapuram,Platinum,2018-01-25
8436,Wyatt,Brown,Male,ericaowens@example.com,+91-8366753444,India,Chennai,Silver,2016-01-03
8437,Kathleen,Acosta,Male,susancummings@example.net,+91-1506143214,India,Vijayawada,Bronze,2015-10-14
8438,Samantha,Phillips,Male,sosasandra@example.org,001-515-439-1292,Guinea,Toronto,Bronze,2024-03-12
8439,Jennifer,York,Male,qmcfarland@example.com,+91-3690672243,India,Mysore,Bronze,2016-02-26
8440,Jerry,Robinson,Female,jmills@example.org,+1-717-490-7766x5516,Azerbaijan,New York,Gold,2023-01-30
8441,Christian,Mills,Female,forbeskristen@example.net,+91-9615108105,India,Madurai,Silver,2016-07-02
8442,Renee,Mcdonald,Other,stoneterri@example.com,+91-3298643902,India,Thiruvananthapuram,Silver,2025-03-26
8443,Anthony,Smith,Female,cwalker@example.net,+91-7071672456,India,Madurai,Bronze,2018-03-12
8444,Sean,Jones,Other,xramirez@example.net,+91-5915730537,India,Visakhapatnam,Silver,2023-09-02
8445,Richard,Rose,Female,ronaldburns@example.net,+91-9833097417,India,Madurai,Silver,2016-08-23
8446,Jeffrey,Smith,Male,vtran@example.com,+91-7072832004,India,Chennai,Silver,2018-12-09
8447,Tamara,Taylor,Male,lowecynthia@example.net,+91-2798502976,India,Chennai,Silver,2022-01-01
8448,Diana,Leonard,Other,nhenry@example.org,772.312.7449,Brazil,Sydney,Bronze,2022-04-20
8449,Ryan,Hill,Male,tonyagarcia@example.net,+91-3693629634,India,Vijayawada,Platinum,2018-04-13
8450,Amy,Hansen,Male,danielbutler@example.com,+91-8769068935,India,Hyderabad,Bronze,2017-11-09
8451,Gregory,Schultz,Other,shess@example.org,+91-714291594,India,Bangalore,Silver,2021-07-30
8452,Regina,Burke,Female,vmiller@example.net,+91-4614781657,India,Coimbatore,Bronze,2023-07-23
8453,Marissa,Garrett,Other,pereztim@example.org,+91-5561666146,India,Coimbatore,Platinum,2015-09-28
8454,Katherine,Thomas,Male,toddbrock@example.com,+91-8448366700,India,Thiruvananthapuram,Bronze,2019-08-01
8455,John,Jones,Other,sbaker@example.org,348-533-3726x7132,Croatia,Los Angeles,Silver,2020-02-08
8456,Nancy,Daniel,Male,njohnson@example.com,+91-7440201695,India,Mysore,Gold,2021-03-20
8457,Ashley,Allen,Female,marcusavery@example.net,+91-883068985,India,Hyderabad,Silver,2020-10-21
8458,Eugene,Ramirez,Male,lindseychristine@example.org,+91-8959487460,India,Hyderabad,Gold,2017-11-30
8459,Jasmine,Williams,Male,qfrye@example.com,(224)393-5973,Armenia,London,Silver,2019-12-31
8460,Jason,Perry,Other,darrellvaldez@example.com,+91-5917837346,India,Bangalore,Silver,2016-05-15
8461,Sandra,Thompson,Male,carterjames@example.org,321-498-1275x995,Reunion,Toronto,Platinum,2020-12-23
8462,Craig,Martinez,Male,kathleen39@example.org,+91-6875307997,India,Kochi,Bronze,2023-11-16
8463,Paula,Foster,Female,troytrevino@example.net,+91-2285856169,India,Kochi,Bronze,2024-03-16
8464,Debra,Blackburn,Female,burnsmichael@example.org,+91-7568171932,India,Mysore,Silver,2022-03-01
8465,Samantha,Kennedy,Female,nortega@example.com,+91-431822948,India,Vijayawada,Bronze,2020-06-20
8466,Anthony,Reyes,Male,vnichols@example.org,909.803.9771,Peru,Tokyo,Bronze,2018-04-25
8467,Bradley,Carroll,Male,tammyjenkins@example.net,+91-5411708864,India,Thiruvananthapuram,Silver,2020-10-05
8468,Kelly,Williams,Other,perezricky@example.com,+91-6763152419,India,Visakhapatnam,Bronze,2023-07-18
8469,Daniel,White,Male,kathleenjames@example.net,+91-487369933,India,Madurai,Bronze,2023-09-13
8470,Adrian,Walker,Male,charles07@example.net,(247)407-5830x22217,United Arab Emirates,London,Bronze,2017-12-31
8471,Rebecca,Larson,Female,ramosjason@example.com,(590)206-6527x09822,Chile,London,Silver,2019-04-22
8472,Linda,Morgan,Other,jesparza@example.org,9229139446,Holy See (Vatican City State),New York,Silver,2018-05-11
8473,David,Lane,Other,grahamdavid@example.net,+91-1436879829,India,Vijayawada,Gold,2024-01-27
8474,Stephanie,Gregory,Male,riggsdeborah@example.com,001-552-818-7439x91126,Falkland Islands (Malvinas),Toronto,Gold,2015-05-08
8475,Ryan,Medina,Other,kristin45@example.net,+91-1526733153,India,Vijayawada,Bronze,2017-08-30
8476,Angela,Schroeder,Female,flynnjames@example.net,+91-3842318078,India,Coimbatore,Bronze,2023-03-30
8477,Austin,White,Female,melissa42@example.net,+91-2595857740,India,Mysore,Silver,2024-01-31
8478,Aaron,Brown,Male,fernandolopez@example.com,+91-6765291793,India,Vijayawada,Bronze,2020-04-21
8479,Bruce,Sims,Other,yhughes@example.org,+91-6043830366,India,Mysore,Bronze,2018-10-01
8480,Erin,Anderson,Female,matthew42@example.org,+91-9398582952,India,Visakhapatnam,Bronze,2023-03-09
8481,Jennifer,Boyer,Other,erikaedwards@example.net,+91-8199764873,India,Visakhapatnam,Bronze,2024-02-21
8482,Shawn,Hoffman,Other,craig53@example.org,+91-3748126756,India,Madurai,Silver,2023-09-29
8483,Christina,Davis,Other,edward75@example.net,+91-7736655765,India,Madurai,Bronze,2023-01-19
8484,Amy,Stanley,Male,sullivanmatthew@example.com,+91-9650777367,India,Coimbatore,Gold,2022-03-08
8485,Mary,Green,Other,wgarcia@example.com,+91-2072953838,India,Coimbatore,Silver,2024-08-17
8486,Elizabeth,Pruitt,Female,jilliansutton@example.net,+91-1645371359,India,Vijayawada,Bronze,2015-12-27
8487,Aaron,Nguyen,Other,howardelizabeth@example.org,+91-8037311104,India,Mysore,Bronze,2024-11-04
8488,Daniel,Scott,Other,heather61@example.net,+91-995808087,India,Mysore,Bronze,2016-11-14
8489,Richard,Lee,Female,ericstark@example.net,+91-7389863445,India,Mysore,Bronze,2019-11-04
8490,Olivia,Lee,Other,williamstewart@example.com,+91-3477503283,India,Kochi,Silver,2025-04-07
8491,Matthew,Bailey,Other,pamelabryant@example.org,+91-1422221808,India,Thiruvananthapuram,Platinum,2017-11-25
8492,Maria,Johnson,Male,waynegray@example.net,+91-3149920065,India,Visakhapatnam,Bronze,2016-12-31
8493,Rachel,Tanner,Female,qperez@example.net,+91-3694354739,India,Madurai,Silver,2024-11-22
8494,Sharon,Harper,Other,mercadomonica@example.net,+91-6666684201,India,Vijayawada,Bronze,2021-08-31
8495,Brian,Brooks,Male,jacobpowell@example.org,+91-1290907096,India,Chennai,Gold,2022-02-23
8496,Amy,Sellers,Male,gmoore@example.net,8085187695,British Indian Ocean Territory (Chagos Archipelago),Los Angeles,Gold,2015-12-18
8497,Jonathan,Davila,Male,kathryn14@example.com,001-560-565-6695x156,Congo,Tokyo,Bronze,2021-01-17
8498,Jessica,Hall,Male,austin30@example.org,+91-375632299,India,Vijayawada,Silver,2017-12-20
8499,Shannon,Carter,Other,cgonzalez@example.com,+91-4395414786,India,Hyderabad,Gold,2020-03-15
8500,Denise,Rodriguez,Male,thompsonlindsay@example.net,+91-4265168867,India,Hyderabad,Platinum,2019-02-26
8501,Thomas,Harrison,Female,robertreed@example.com,+91-8321230774,India,Kochi,Silver,2024-01-31
8502,Michael,Berg,Other,mindymclaughlin@example.com,+91-9293247172,India,Madurai,Bronze,2021-09-21
8503,Scott,Hammond,Male,johnwallace@example.com,+91-5441767754,India,Chennai,Bronze,2024-06-17
8504,Jillian,Sims,Male,sacevedo@example.com,+91-1318373877,India,Kochi,Platinum,2021-04-21
8505,Michael,Reeves,Other,kyle39@example.com,382.642.1311x912,Turkey,Tokyo,Silver,2020-06-27
8506,Angela,Jackson,Other,martin36@example.net,+1-314-885-3222x9061,Hong Kong,New York,Bronze,2020-03-20
8507,Steven,Adams,Female,jeff21@example.org,+91-7409852704,India,Hyderabad,Bronze,2024-04-09
8508,Danielle,Livingston,Other,harmonkelly@example.net,+91-4062875054,India,Visakhapatnam,Gold,2025-04-10
8509,Danielle,Koch,Male,hrich@example.com,+91-9061958056,India,Mysore,Bronze,2017-04-07
8510,Steven,Porter,Female,karenyoung@example.org,+91-2678467887,India,Chennai,Bronze,2015-08-20
8511,Jeffrey,Frank,Male,eric89@example.com,+91-3723895323,India,Madurai,Platinum,2016-06-25
8512,Rachael,Parker,Female,marvin60@example.net,867.776.4967x049,Antigua and Barbuda,Sydney,Gold,2022-05-16
8513,Chad,Williams,Other,daniellejordan@example.org,+91-8179785766,India,Madurai,Gold,2021-10-16
8514,Virginia,Patterson,Female,katherinesullivan@example.net,+91-5076141700,India,Kochi,Platinum,2021-09-03
8515,Jody,Oconnor,Male,john97@example.org,+91-5301464214,India,Visakhapatnam,Bronze,2016-04-30
8516,Bryan,Stevenson,Other,ddyer@example.org,+91-6169529727,India,Thiruvananthapuram,Silver,2015-09-13
8517,Robert,Shaffer,Other,romeroroy@example.net,+91-8618597336,India,Mysore,Bronze,2019-06-27
8518,Amy,Larson,Other,pwarner@example.net,354-281-8326,Singapore,Los Angeles,Gold,2025-03-17
8519,Sheena,Smith,Male,curtislisa@example.com,+91-5569659283,India,Hyderabad,Silver,2017-02-27
8520,Carrie,Howard,Other,margaret81@example.com,+91-3940352969,India,Kochi,Bronze,2024-11-18
8521,Melissa,Barker,Other,stevenwilson@example.org,+91-6516779363,India,Chennai,Gold,2015-10-24
8522,Kerri,Anderson,Male,andrew51@example.com,+91-8571112108,India,Thiruvananthapuram,Bronze,2015-06-18
8523,Scott,Harris,Female,xwashington@example.com,+91-7069566324,India,Coimbatore,Silver,2016-12-12
8524,Briana,Phillips,Female,markgriffin@example.com,+91-8865007240,India,Visakhapatnam,Silver,2024-12-24
8525,William,Galvan,Female,ysmith@example.com,001-403-964-8223x858,Timor-Leste,Singapore,Platinum,2016-12-21
8526,Ryan,Cunningham,Female,aarongallagher@example.net,(473)727-3883,Mexico,New York,Gold,2021-05-07
8527,Craig,Taylor,Male,yfisher@example.net,+91-8863487980,India,Bangalore,Bronze,2019-02-08
8528,Maureen,Reynolds,Other,jason81@example.org,+91-8343882582,India,Thiruvananthapuram,Bronze,2017-09-12
8529,James,Fisher,Female,michellemoon@example.net,+91-7529987304,India,Coimbatore,Bronze,2022-10-21
8530,Jonathan,Hebert,Female,strongharry@example.net,+91-8522106674,India,Coimbatore,Bronze,2021-10-19
8531,Colton,Gibson,Other,whart@example.org,326-770-4713x3125,Somalia,Singapore,Bronze,2016-06-03
8532,Gerald,Green,Male,teresadavis@example.net,714.813.9327x188,Vanuatu,Singapore,Bronze,2022-05-11
8533,Nathan,Baldwin,Male,josephvaldez@example.com,997-372-9108x33429,Bouvet Island (Bouvetoya),Berlin,Bronze,2015-09-26
8534,Mario,Bautista,Male,pbaldwin@example.net,+91-3413553672,India,Vijayawada,Bronze,2022-08-20
8535,Melanie,Johnson,Male,darren70@example.org,+91-3306472558,India,Vijayawada,Bronze,2015-09-28
8536,Beth,Clark,Female,henryrhonda@example.org,+91-8031893874,India,Chennai,Silver,2016-01-06
8537,Jasmine,Morales,Female,brenda88@example.com,+91-4652127495,India,Mysore,Gold,2021-05-21
8538,Alicia,English,Other,shannon89@example.com,(721)840-4247x4860,Falkland Islands (Malvinas),Los Angeles,Bronze,2016-08-11
8539,Tracy,Rice,Other,michaelwagner@example.com,852.994.2365,Zambia,Los Angeles,Bronze,2021-03-05
8540,Tracey,Snyder,Female,hrodriguez@example.com,+91-6463543576,India,Visakhapatnam,Silver,2024-11-10
8541,Sandra,Stevens,Female,david32@example.com,+91-3010733889,India,Thiruvananthapuram,Bronze,2016-02-01
8542,Kristen,Moody,Female,nchavez@example.org,+91-8358347438,India,Mysore,Bronze,2021-08-26
8543,Kara,Esparza,Female,michael49@example.org,+91-4813681614,India,Vijayawada,Silver,2015-12-11
8544,Stephanie,Duncan,Male,lauralowe@example.com,862.462.2701,Norfolk Island,Toronto,Bronze,2018-05-06
8545,Pamela,King,Male,brandon64@example.com,748-863-6181,Montenegro,Dubai,Silver,2018-07-26
8546,Shelby,Farrell,Female,jenkinsethan@example.net,+91-3553685164,India,Visakhapatnam,Bronze,2019-10-10
8547,Samantha,Jordan,Other,mark24@example.com,+91-7366897984,India,Coimbatore,Silver,2023-10-09
8548,Jill,Simpson,Other,zwalker@example.net,+91-7269160506,India,Thiruvananthapuram,Gold,2015-11-01
8549,Jason,Walker,Female,acarey@example.net,+91-7447176137,India,Visakhapatnam,Bronze,2015-11-15
8550,Amanda,Martinez,Male,kmiles@example.org,+91-3090431621,India,Thiruvananthapuram,Bronze,2022-01-08
8551,Thomas,Miller,Male,ibanks@example.net,+91-8795649892,India,Hyderabad,Bronze,2024-12-12
8552,Mary,Kim,Male,bshaffer@example.org,001-223-670-9132,Estonia,London,Bronze,2023-09-23
8553,Lauren,Holt,Male,lgriffin@example.com,+91-3471813795,India,Thiruvananthapuram,Platinum,2024-09-28
8554,Kimberly,Crane,Male,noahdennis@example.net,+91-4816135493,India,Kochi,Gold,2021-10-06
8555,Ryan,Lopez,Female,evanslynn@example.com,+91-3859039861,India,Visakhapatnam,Bronze,2016-01-22
8556,Michelle,Stewart,Female,davidbright@example.org,+91-3441500196,India,Kochi,Bronze,2018-12-24
8557,Joshua,Salas,Female,emily70@example.com,+91-6428435352,India,Thiruvananthapuram,Bronze,2023-12-26
8558,David,Ramos,Female,michael44@example.org,+91-1305666358,India,Vijayawada,Bronze,2017-12-15
8559,Juan,Reid,Female,ohamilton@example.org,+91-490830924,India,Madurai,Gold,2016-07-07
8560,Julie,Singleton,Other,kelly02@example.com,+1-663-597-7194x6741,Nigeria,Toronto,Silver,2021-05-11
8561,Javier,James,Male,hwilliams@example.net,+91-4864847982,India,Coimbatore,Bronze,2022-06-12
8562,Samantha,Sosa,Female,tjohnson@example.org,+91-2347315157,India,Mysore,Bronze,2023-04-14
8563,Taylor,Cruz,Male,wilsonlouis@example.org,+91-987978438,India,Hyderabad,Gold,2018-07-10
8564,Nicholas,Arnold,Female,kirkdawn@example.net,+91-3574928439,India,Visakhapatnam,Bronze,2017-09-27
8565,Rebecca,Scott,Other,linda63@example.net,+91-7548069328,India,Hyderabad,Bronze,2019-05-21
8566,David,Beasley,Other,rkramer@example.net,+91-2594606236,India,Coimbatore,Bronze,2024-05-16
8567,Sandra,Edwards,Female,gjuarez@example.net,+91-4250611242,India,Vijayawada,Silver,2025-02-02
8568,Charles,Lamb,Female,russell73@example.net,+91-2387235819,India,Coimbatore,Silver,2023-11-16
8569,Jamie,Kim,Male,pgamble@example.org,(776)950-6360x10045,Angola,Dubai,Bronze,2024-02-05
8570,Krista,Ball,Male,tracy39@example.net,+91-6769753858,India,Madurai,Gold,2016-11-15
8571,Evan,Powers,Female,leahwalker@example.com,407-815-3301x67295,Estonia,London,Gold,2021-08-04
8572,Carlos,Garcia,Other,vpotter@example.com,+91-7064063219,India,Bangalore,Bronze,2018-12-15
8573,Kenneth,Patterson,Female,charles98@example.org,381.359.8522,Turkey,Los Angeles,Platinum,2022-12-01
8574,Patrick,Foley,Female,james65@example.net,+91-8874357870,India,Coimbatore,Silver,2018-06-10
8575,Jenna,Daniels,Other,mendozaelizabeth@example.com,+91-4983842529,India,Hyderabad,Silver,2022-03-16
8576,Damon,Glenn,Other,jonesjames@example.net,341-209-2925,Yemen,Sydney,Silver,2024-10-01
8577,Hailey,Conley,Male,jonathananderson@example.org,+91-1511514383,India,Madurai,Bronze,2023-11-02
8578,John,Stone,Female,richardcollins@example.org,+91-3549654808,India,Vijayawada,Silver,2022-08-13
8579,Caleb,Vazquez,Other,newtonkevin@example.net,+91-1727919386,India,Chennai,Silver,2017-09-02
8580,Kimberly,Cohen,Male,caroline32@example.org,634-770-9900,Albania,Singapore,Bronze,2023-02-16
8581,Kimberly,Ruiz,Male,michaelavalencia@example.net,650-568-5370,Lao People's Democratic Republic,Toronto,Platinum,2017-06-29
8582,Alicia,Mitchell,Other,heathernorman@example.com,+91-4325260150,India,Hyderabad,Silver,2024-05-24
8583,Lisa,Hill,Other,staceywatts@example.com,+91-5743252176,India,Kochi,Platinum,2020-12-13
8584,Walter,Brooks,Male,lindsay36@example.org,+91-2734921958,India,Chennai,Silver,2017-12-24
8585,Christine,Davis,Other,michelleaguilar@example.com,+91-8266250494,India,Bangalore,Silver,2018-09-03
8586,James,Scott,Female,uward@example.net,+91-6085689385,India,Madurai,Bronze,2016-10-09
8587,Cheryl,Aguilar,Male,david92@example.com,325.513.9137x94027,Pakistan,Paris,Silver,2020-09-29
8588,Samuel,Osborne,Male,hthomas@example.org,+91-7595412336,India,Thiruvananthapuram,Platinum,2018-02-12
8589,Maria,Vaughan,Male,alvaradojohn@example.com,4125856070,Sweden,Singapore,Bronze,2024-07-05
8590,Victoria,James,Male,garrett28@example.org,+91-644875730,India,Kochi,Bronze,2016-05-24
8591,Robert,Smith,Other,browngregory@example.net,+91-9504045652,India,Coimbatore,Bronze,2016-12-01
8592,Debra,Stephens,Female,andrewdeleon@example.net,+91-4995986716,India,Vijayawada,Bronze,2016-01-02
8593,George,Wade,Male,vwright@example.net,+91-2165469862,India,Chennai,Bronze,2018-06-14
8594,Mercedes,Wolfe,Female,umartin@example.net,+91-7642456914,India,Mysore,Gold,2020-08-30
8595,Jennifer,Boyd,Male,greersydney@example.com,+91-3785026079,India,Mysore,Platinum,2016-10-17
8596,Kerry,Mitchell,Female,dpayne@example.org,+91-8880746354,India,Chennai,Silver,2022-03-15
8597,Kevin,Brown,Female,cruzchristine@example.org,+91-3786725461,India,Bangalore,Bronze,2019-04-03
8598,Anthony,Russell,Male,gashley@example.net,258-828-0484,Philippines,Dubai,Gold,2023-12-18
8599,Kerry,Gardner,Male,mariah06@example.com,+91-6702266608,India,Vijayawada,Bronze,2016-05-04
8600,John,Mueller,Female,nancymaldonado@example.org,+91-6513418957,India,Vijayawada,Silver,2017-05-29
8601,Rachel,Cunningham,Female,davidgarcia@example.net,+91-7042729211,India,Hyderabad,Bronze,2019-06-09
8602,Jeffrey,Gardner,Other,ricky73@example.com,+91-5912962330,India,Coimbatore,Silver,2021-12-26
8603,Marc,Davis,Female,hernandezamy@example.org,474-738-0542x01381,Philippines,Singapore,Bronze,2015-06-06
8604,Lauren,Carter,Male,avilajoanne@example.com,+91-5485520117,India,Vijayawada,Bronze,2022-12-29
8605,Laura,Thompson,Other,zharrington@example.org,+91-2170542782,India,Visakhapatnam,Silver,2022-02-28
8606,Anna,Combs,Female,manningnicole@example.net,+91-9013162624,India,Hyderabad,Bronze,2017-11-29
8607,Jerry,Hensley,Female,xsmith@example.org,+91-179387290,India,Mysore,Bronze,2020-05-04
8608,Tina,Mclaughlin,Female,jamescochran@example.org,+91-123160895,India,Kochi,Bronze,2024-06-10
8609,Gregory,Gibson,Male,jeremyweeks@example.com,+91-49007010,India,Coimbatore,Silver,2023-08-27
8610,Janice,Charles,Female,sturner@example.net,+91-8011521024,India,Madurai,Bronze,2024-12-30
8611,Rick,Brown,Other,hcowan@example.net,429.852.1463x981,American Samoa,Los Angeles,Bronze,2015-11-11
8612,Amanda,Larson,Female,michaelrhodes@example.org,+91-1525211390,India,Hyderabad,Silver,2017-06-28
8613,Adam,Bauer,Female,dshaw@example.com,+91-2249202694,India,Hyderabad,Bronze,2019-12-07
8614,Julie,Garcia,Male,zhardy@example.org,+91-5528212644,India,Vijayawada,Gold,2022-11-24
8615,Nicholas,Fox,Other,cortega@example.net,+91-9270096678,India,Vijayawada,Silver,2018-12-11
8616,Thomas,Bond,Female,daniel14@example.com,+1-689-848-3168x234,Cambodia,Tokyo,Silver,2019-04-16
8617,Richard,Hardin,Male,allenmitchell@example.net,+91-1384317436,India,Thiruvananthapuram,Bronze,2017-04-18
8618,Danny,Berger,Female,xwilliams@example.com,+91-1324542452,India,Hyderabad,Platinum,2017-02-18
8619,Levi,Vaughn,Other,wnelson@example.com,(737)427-9363x48679,Tanzania,Toronto,Platinum,2018-04-05
8620,Ronald,Martinez,Female,lisacook@example.net,+91-9079223756,India,Thiruvananthapuram,Gold,2024-04-26
8621,Angela,Montgomery,Female,rodriguezdwayne@example.com,+91-8846574108,India,Kochi,Bronze,2023-04-19
8622,Tina,Farrell,Other,hodgechad@example.net,+91-6251960300,India,Mysore,Bronze,2023-11-11
8623,Jessica,Green,Female,alex83@example.com,+91-7758533397,India,Kochi,Gold,2022-07-29
8624,Eric,Allen,Female,gdavis@example.net,+91-4596160716,India,Mysore,Silver,2017-12-26
8625,Lisa,Davenport,Other,ibarber@example.net,+91-4241487822,India,Visakhapatnam,Silver,2019-05-12
8626,Lisa,Torres,Female,gclayton@example.net,+91-5384657394,India,Madurai,Bronze,2023-05-04
8627,Jennifer,Gray,Female,sblackwell@example.com,+91-9094694714,India,Thiruvananthapuram,Bronze,2024-09-12
8628,Manuel,Sherman,Female,flemingrobert@example.org,772.835.8090x010,India,Berlin,Gold,2024-08-02
8629,Brent,Washington,Male,bowersdavid@example.net,+91-7180908512,India,Hyderabad,Gold,2020-03-08
8630,Megan,Graham,Female,nmurphy@example.com,+91-6143166487,India,Coimbatore,Silver,2015-08-09
8631,Joseph,Whitehead,Other,kboyd@example.net,+91-6401503678,India,Kochi,Bronze,2019-06-16
8632,Charles,Johnson,Other,gregory13@example.net,+91-5041996781,India,Vijayawada,Silver,2021-11-15
8633,Melissa,Turner,Male,browningjoseph@example.net,+91-6849094919,India,Madurai,Gold,2019-05-16
8634,Sheila,Knox,Female,thompsonmark@example.org,+91-7967460927,India,Visakhapatnam,Platinum,2016-04-11
8635,Barbara,Bates,Male,edwardsdennis@example.net,+91-6474847116,India,Vijayawada,Silver,2016-08-20
8636,Heather,Johnson,Male,marksloan@example.net,7236998253,Kazakhstan,Paris,Gold,2016-03-22
8637,Curtis,Lopez,Other,ocontreras@example.com,+91-1969988589,India,Vijayawada,Silver,2024-09-30
8638,Tina,Chapman,Other,kevin23@example.com,+91-7892179410,India,Chennai,Silver,2018-10-19
8639,Jeffrey,Hester,Female,joshua56@example.net,+91-7569053871,India,Vijayawada,Bronze,2017-08-29
8640,Francisco,Everett,Other,sandragonzalez@example.org,+91-1010392366,India,Bangalore,Silver,2021-09-22
8641,Kristy,Carter,Female,vanessajohnson@example.org,+91-4350498469,India,Mysore,Platinum,2023-01-19
8642,Brent,Schultz,Other,simpsonanne@example.com,+91-4376352037,India,Hyderabad,Silver,2024-09-02
8643,Sally,Clark,Other,drobinson@example.net,+91-4853109101,India,Chennai,Silver,2018-10-27
8644,Kaitlyn,Johnson,Male,jbradley@example.org,+91-6653839591,India,Mysore,Gold,2020-01-31
8645,Elizabeth,Ruiz,Other,conleybrian@example.com,675.985.4157,New Caledonia,Berlin,Bronze,2019-10-25
8646,David,Cameron,Male,samuel17@example.net,+91-6707520138,India,Vijayawada,Silver,2015-05-06
8647,John,Carson,Male,qrosales@example.org,+91-6503122403,India,Madurai,Silver,2016-03-05
8648,Dustin,Cox,Other,dadams@example.com,+91-5258914637,India,Bangalore,Gold,2017-10-17
8649,Christopher,Curry,Other,pperez@example.org,+91-205727115,India,Hyderabad,Silver,2024-05-24
8650,Kenneth,Bryan,Female,wherrera@example.com,001-846-635-8644x23041,Tokelau,Berlin,Silver,2022-04-09
8651,John,Davis,Other,michele44@example.org,212.244.7334,Mongolia,Singapore,Gold,2022-01-21
8652,Kenneth,Guerrero,Male,robertsmindy@example.net,+91-6634118497,India,Madurai,Silver,2018-08-03
8653,John,King,Female,robinsonjeff@example.com,+91-4434197723,India,Mysore,Bronze,2015-06-04
8654,Anthony,Mclaughlin,Female,averybrittany@example.org,+91-5675570786,India,Vijayawada,Bronze,2016-08-26
8655,Troy,Powell,Female,laura43@example.com,+91-8030540361,India,Thiruvananthapuram,Bronze,2015-11-08
8656,Barbara,Bailey,Other,imcguire@example.com,+91-9360944958,India,Coimbatore,Gold,2015-09-13
8657,Sherry,Perez,Other,ogross@example.com,+91-5917793269,India,Hyderabad,Bronze,2016-03-24
8658,Elizabeth,Gray,Female,torrescaroline@example.net,+91-704258131,India,Bangalore,Silver,2016-06-11
8659,Ryan,Roberts,Female,smiller@example.org,3987381847,Poland,Tokyo,Bronze,2020-12-16
8660,Rebecca,Williams,Male,mariacastaneda@example.com,+1-811-583-3527x1906,Aruba,Singapore,Silver,2022-12-05
8661,Deborah,Sullivan,Female,erin08@example.com,+91-1217766281,India,Vijayawada,Platinum,2021-11-07
8662,Maria,Casey,Other,andersonsteven@example.net,+91-2766127894,India,Mysore,Gold,2019-09-05
8663,Jeremy,Kim,Female,daniellelane@example.org,+91-7995140613,India,Hyderabad,Bronze,2016-07-28
8664,Ashlee,Gonzalez,Male,lorisimpson@example.net,+91-5382490807,India,Madurai,Silver,2017-09-02
8665,Samantha,Salazar,Female,maryknight@example.com,+91-8190525223,India,Madurai,Silver,2017-11-02
8666,Robert,Rice,Other,williamscott@example.net,+91-6474056816,India,Bangalore,Bronze,2021-10-05
8667,Benjamin,Haynes,Female,nicoleblake@example.org,+91-5586716229,India,Thiruvananthapuram,Bronze,2018-12-24
8668,Rebecca,Cooper,Female,cmueller@example.net,+91-1709304340,India,Mysore,Silver,2023-04-09
8669,Cynthia,Brown,Other,wardbrandon@example.org,+91-8767862452,India,Mysore,Platinum,2020-01-30
8670,Robert,Roberts,Other,catherinekeith@example.net,+91-1962643883,India,Chennai,Platinum,2024-11-04
8671,Nicole,Guzman,Other,tyler56@example.com,001-274-901-3396x821,Bahrain,Tokyo,Silver,2020-02-25
8672,Stacy,Ellis,Male,yvasquez@example.org,+91-4546078789,India,Hyderabad,Bronze,2017-10-06
8673,William,Rodriguez,Female,hking@example.net,+91-5057597358,India,Mysore,Silver,2015-06-02
8674,Rodney,Johnson,Male,diana93@example.com,+91-1400866011,India,Kochi,Gold,2022-05-26
8675,Hunter,Martin,Other,askinner@example.org,+91-4889067048,India,Coimbatore,Silver,2019-03-31
8676,Eric,Caldwell,Male,brookebird@example.org,+91-2535396424,India,Thiruvananthapuram,Silver,2017-03-20
8677,Justin,Durham,Female,isabellawrence@example.net,+91-6379929516,India,Kochi,Bronze,2017-02-18
8678,Diane,Brown,Female,marcushaynes@example.net,+91-2664608063,India,Kochi,Silver,2019-08-23
8679,Jean,Sweeney,Male,trogers@example.net,+91-4602632415,India,Mysore,Silver,2016-12-30
8680,Julia,Robertson,Other,cruzgary@example.org,+91-2214575936,India,Coimbatore,Platinum,2020-08-27
8681,Amanda,Rogers,Female,reneethomas@example.org,+91-7037988405,India,Thiruvananthapuram,Bronze,2022-09-06
8682,Sean,Ball,Other,mmartin@example.net,+91-2591935765,India,Madurai,Bronze,2021-03-08
8683,Tammy,Curry,Male,ballarddustin@example.org,+91-9467692427,India,Visakhapatnam,Bronze,2019-02-15
8684,Ryan,Richmond,Other,amyknight@example.net,+91-1502445565,India,Chennai,Bronze,2021-05-18
8685,Chloe,Johnson,Other,anthonyharrison@example.com,(354)614-9444x17651,Czech Republic,Singapore,Bronze,2020-06-29
8686,Megan,Farmer,Male,zshelton@example.net,+91-7729733943,India,Vijayawada,Silver,2023-11-14
8687,Spencer,Brandt,Male,mccoyjonathan@example.org,+91-3403746385,India,Thiruvananthapuram,Gold,2016-03-14
8688,Christopher,Patrick,Male,lisa62@example.com,+91-770047449,India,Chennai,Gold,2018-11-22
8689,Jamie,Powell,Male,monica03@example.net,+91-2001594508,India,Chennai,Silver,2019-11-02
8690,Nicole,Johnson,Female,zandrews@example.com,(803)432-3752x7392,Cuba,London,Gold,2023-08-02
8691,Lisa,Nunez,Male,richard30@example.net,+91-9541636808,India,Madurai,Platinum,2016-06-18
8692,Timothy,Jackson,Female,wduncan@example.com,+91-2955917844,India,Visakhapatnam,Bronze,2017-07-04
8693,Charles,Weaver,Female,cperez@example.net,803-202-3691,United States of America,Berlin,Bronze,2024-07-19
8694,Caroline,Beard,Female,whurley@example.com,+91-2224926245,India,Visakhapatnam,Bronze,2015-11-09
8695,Michelle,Henry,Male,lambertmegan@example.org,+91-8816537604,India,Madurai,Silver,2021-07-13
8696,Shannon,Hall,Male,jaimedominguez@example.com,+91-1450120469,India,Hyderabad,Silver,2021-01-07
8697,Debra,Martin,Other,smithkimberly@example.net,+91-6991365610,India,Thiruvananthapuram,Gold,2016-05-19
8698,Laura,Klein,Female,johnjenkins@example.com,+1-708-951-0900x727,Belarus,New York,Silver,2017-12-30
8699,Erica,Mcneil,Other,melissa20@example.org,+91-9720308722,India,Mysore,Platinum,2016-05-11
8700,Christopher,Lam,Female,peterswilliam@example.org,+91-4151492696,India,Vijayawada,Silver,2023-02-24
8701,Jose,Roberts,Female,hernandezchad@example.com,+91-9161613631,India,Bangalore,Silver,2018-09-21
8702,Bailey,Vaughan,Female,ymcfarland@example.net,+91-6287518628,India,Mysore,Bronze,2017-05-09
8703,Ellen,Payne,Female,stephenbrown@example.org,(605)426-8810,Korea,London,Bronze,2018-12-07
8704,Jose,Cook,Male,kara83@example.com,+91-8588248947,India,Bangalore,Silver,2016-09-04
8705,Matthew,Knight,Other,kellylee@example.com,+91-5214194778,India,Madurai,Gold,2017-04-07
8706,James,Nichols,Male,kurt04@example.org,+91-502238403,India,Coimbatore,Bronze,2017-10-27
8707,Victoria,Beck,Female,miranda27@example.net,680.602.3409x1547,El Salvador,Sydney,Silver,2019-01-17
8708,Brian,Reid,Male,stephanie79@example.org,+91-6816839352,India,Bangalore,Silver,2018-08-27
8709,Mark,Ortiz,Female,wendyhall@example.com,+91-4620165854,India,Kochi,Gold,2019-06-15
8710,Julie,Ray,Female,rmoore@example.org,+91-2574662673,India,Chennai,Bronze,2022-03-16
8711,Christina,Bridges,Other,kristinayoung@example.org,+91-4515953028,India,Kochi,Bronze,2024-09-28
8712,Darlene,Hernandez,Male,mramirez@example.net,5467107856,Israel,Paris,Silver,2017-02-06
8713,Julia,Barnett,Other,baileyhannah@example.org,+91-1159586137,India,Kochi,Gold,2019-04-28
8714,Dylan,Lane,Female,treyes@example.org,+91-6062597779,India,Thiruvananthapuram,Silver,2020-02-14
8715,James,Martinez,Male,davisjacob@example.com,001-545-246-5236x034,Comoros,Tokyo,Gold,2021-01-25
8716,Vanessa,Bean,Female,hshannon@example.com,+91-4640293869,India,Chennai,Bronze,2021-12-26
8717,Brenda,Mcpherson,Female,elizabethtucker@example.net,+91-1207608671,India,Mysore,Silver,2019-06-19
8718,Megan,Santos,Female,longmary@example.com,695.578.7837x8686,Cocos (Keeling) Islands,Tokyo,Silver,2018-05-26
8719,Gregory,Smith,Other,clarkekimberly@example.org,+91-2387337456,India,Coimbatore,Silver,2015-10-17
8720,Joshua,Hale,Male,walter13@example.net,+91-6038081762,India,Vijayawada,Bronze,2016-09-28
8721,Jennifer,Smith,Other,cummingsmark@example.net,+91-7531309101,India,Vijayawada,Bronze,2023-03-23
8722,Gregory,Taylor,Female,mark03@example.com,+91-919531219,India,Thiruvananthapuram,Platinum,2022-06-16
8723,Samuel,Chandler,Other,saraholmes@example.org,+91-2805574393,India,Vijayawada,Gold,2020-10-20
8724,Janice,Thomas,Male,mooneyaaron@example.com,5462550271,Saint Martin,Sydney,Silver,2023-07-09
8725,Natalie,Watkins,Other,brenda52@example.org,+91-5770461659,India,Thiruvananthapuram,Bronze,2022-07-15
8726,Maxwell,Hendrix,Female,mpage@example.org,+91-2742164897,India,Coimbatore,Silver,2016-01-17
8727,Olivia,Mercado,Female,cgoodwin@example.org,+91-7439685059,India,Vijayawada,Gold,2017-02-02
8728,Caleb,Davenport,Other,oconnorelizabeth@example.org,+91-6283818652,India,Coimbatore,Silver,2022-04-11
8729,Eric,Chase,Other,joyce93@example.org,+91-2149260533,India,Madurai,Silver,2017-10-27
8730,Nicholas,Meadows,Female,osbornecarolyn@example.org,+91-712877296,India,Madurai,Platinum,2023-06-06
8731,Hannah,Carlson,Other,melissa63@example.com,+91-8871763872,India,Chennai,Gold,2016-03-03
8732,Heather,Moore,Male,jessica94@example.net,+1-253-989-2721x0950,Saint Helena,Tokyo,Bronze,2016-11-14
8733,Debra,Bell,Other,chelsea44@example.org,+91-7634587339,India,Mysore,Bronze,2017-01-29
8734,Steven,Chandler,Other,jeffrey30@example.com,+91-478485494,India,Visakhapatnam,Gold,2017-06-17
8735,Curtis,Young,Female,wnguyen@example.org,+91-8885862260,India,Chennai,Bronze,2017-05-09
8736,Veronica,Ingram,Female,alexanderwilliams@example.com,+91-5144399535,India,Chennai,Silver,2015-08-31
8737,Bradley,Trujillo,Other,rickynguyen@example.org,+91-1664752582,India,Visakhapatnam,Bronze,2018-06-02
8738,Dominic,Kim,Female,lambertjohn@example.net,+91-2215394605,India,Vijayawada,Gold,2022-05-18
8739,Peggy,Conway,Female,lorichan@example.net,+91-3883010969,India,Chennai,Bronze,2019-12-02
8740,John,Hughes,Male,shannonvelez@example.com,+91-9048763023,India,Thiruvananthapuram,Bronze,2022-08-21
8741,Ann,Simmons,Female,april03@example.com,+91-6331704334,India,Visakhapatnam,Silver,2025-04-18
8742,Cindy,Lopez,Female,wagnerjulie@example.com,+91-5655319880,India,Chennai,Bronze,2020-04-23
8743,Edward,Daugherty,Female,stephenstimothy@example.net,+91-9986897136,India,Visakhapatnam,Platinum,2019-06-16
8744,Charles,Bird,Male,michael13@example.net,350.629.8635,Montenegro,Berlin,Bronze,2016-03-10
8745,Selena,Sanchez,Other,proctorjoseph@example.net,+91-4355296416,India,Bangalore,Bronze,2016-11-13
8746,Stacey,Williams,Female,rogerbeard@example.com,+91-541711372,India,Kochi,Gold,2019-10-01
8747,Omar,Gregory,Female,matthew15@example.org,+91-3956151358,India,Hyderabad,Gold,2018-06-12
8748,John,Smith,Male,zchung@example.org,+91-8857455561,India,Visakhapatnam,Bronze,2022-05-20
8749,Jenny,Thompson,Male,juanmeadows@example.com,+91-7086230376,India,Vijayawada,Bronze,2022-06-24
8750,Theodore,Colon,Male,velezcharles@example.net,+91-1329592749,India,Mysore,Bronze,2020-06-19
8751,Christian,Patrick,Other,dana63@example.net,+91-282576486,India,Mysore,Bronze,2022-10-19
8752,James,Weber,Male,joshua12@example.com,+91-4573449072,India,Visakhapatnam,Bronze,2020-12-19
8753,Alan,Garcia,Male,martinezjoseph@example.org,+91-5425123624,India,Kochi,Bronze,2016-03-14
8754,Sara,Swanson,Male,rjones@example.com,+91-2884535859,India,Kochi,Bronze,2024-07-04
8755,George,Ray,Male,sdavis@example.com,+91-6879320487,India,Bangalore,Bronze,2020-04-03
8756,Crystal,Ray,Female,christensenclayton@example.com,+91-3517409935,India,Hyderabad,Silver,2015-09-09
8757,Melissa,Vazquez,Other,melindataylor@example.org,+91-7888120107,India,Thiruvananthapuram,Bronze,2017-08-21
8758,Kathy,Williams,Female,hendersonjeffrey@example.net,800-991-6164x76094,Kiribati,Toronto,Silver,2017-09-13
8759,Maria,Petersen,Other,biancawright@example.net,+91-3203812984,India,Visakhapatnam,Silver,2024-10-29
8760,Ariana,Williams,Female,danielle50@example.net,508.527.8402x117,Afghanistan,London,Bronze,2022-09-05
8761,Jessica,Choi,Female,andrewrodriguez@example.com,+91-3123222357,India,Visakhapatnam,Silver,2021-03-08
8762,Omar,Schwartz,Other,egreen@example.org,+91-1303030834,India,Visakhapatnam,Silver,2024-08-31
8763,Christopher,Brown,Male,scottallen@example.com,+91-2496288625,India,Hyderabad,Silver,2020-06-29
8764,David,Vega,Other,hollyjones@example.com,+91-9438256274,India,Chennai,Silver,2020-01-22
8765,Jennifer,Martinez,Male,cabrerapatricia@example.net,+91-990855373,India,Chennai,Platinum,2023-07-25
8766,Tristan,Maldonado,Female,smithbrian@example.org,221-648-4024x64123,Chile,Tokyo,Gold,2019-07-14
8767,Adriana,Duncan,Other,shawn98@example.net,3158349023,Venezuela,Berlin,Gold,2021-06-08
8768,Isabel,Jackson,Male,charleshale@example.com,747-649-2906x01631,Belarus,Tokyo,Platinum,2022-05-04
8769,Hunter,Walker,Male,anthony24@example.org,+91-3137811723,India,Madurai,Gold,2015-07-28
8770,Gregory,Dixon,Male,ybutler@example.com,+91-7489158729,India,Bangalore,Gold,2023-08-08
8771,Oscar,Frazier,Other,martinezruth@example.com,+91-8512595885,India,Bangalore,Silver,2024-01-18
8772,David,Macias,Female,nicholas84@example.net,408-988-7367x26355,Guatemala,Paris,Platinum,2019-05-05
8773,Jeffrey,Clark,Other,hcochran@example.com,+91-7197538536,India,Coimbatore,Bronze,2019-02-04
8774,Monica,Mcfarland,Male,ballashley@example.com,+91-1284017878,India,Chennai,Bronze,2020-02-10
8775,Jennifer,Morgan,Female,santosadam@example.com,+1-995-651-3616x78275,Jamaica,Los Angeles,Gold,2016-08-16
8776,Robert,Evans,Other,carmen92@example.net,+91-7014322604,India,Hyderabad,Bronze,2022-02-20
8777,James,Brown,Female,jmoore@example.org,+91-1629834038,India,Chennai,Silver,2024-03-10
8778,Michelle,Smith,Other,johnmyers@example.net,001-877-904-5875x22434,Mozambique,Singapore,Bronze,2022-04-13
8779,Cynthia,Dixon,Female,qcampbell@example.com,+91-9402354893,India,Madurai,Bronze,2019-10-28
8780,Sean,Simmons,Female,matthew26@example.org,+91-9756299610,India,Hyderabad,Gold,2022-01-17
8781,Lori,Long,Female,elizabeth58@example.net,+91-7995199278,India,Coimbatore,Bronze,2021-04-30
8782,Olivia,Mahoney,Female,vanessacollins@example.org,+91-6460523458,India,Coimbatore,Silver,2015-10-28
8783,Jennifer,Sanchez,Male,bridgetmartin@example.org,2304093539,Norfolk Island,Toronto,Bronze,2018-05-20
8784,Lindsey,Newton,Male,tking@example.com,+91-8320264907,India,Chennai,Gold,2021-10-28
8785,Allison,Martin,Other,hhogan@example.org,(692)294-9193x64413,Suriname,Paris,Bronze,2023-08-25
8786,Kristina,Dodson,Other,joseph09@example.net,510-854-5025,Sierra Leone,Toronto,Bronze,2025-01-19
8787,Justin,Cook,Female,whill@example.com,+91-2467433375,India,Visakhapatnam,Silver,2019-06-30
8788,Rebecca,Solis,Female,lauren73@example.com,+91-1335410356,India,Visakhapatnam,Silver,2020-06-24
8789,Cheryl,Maldonado,Female,skelley@example.com,+91-7032157602,India,Hyderabad,Gold,2020-02-14
8790,Amy,Young,Male,chelsea92@example.net,+91-3617965048,India,Bangalore,Platinum,2018-04-04
8791,William,White,Male,mckeewilliam@example.org,+91-1717456138,India,Chennai,Silver,2021-03-15
8792,George,Walters,Female,michael08@example.net,001-396-280-3311x700,Pakistan,Singapore,Platinum,2023-01-11
8793,Amanda,Chavez,Female,dixonkenneth@example.com,+91-3066930317,India,Bangalore,Silver,2019-01-30
8794,Brendan,Davis,Female,mcdonaldjoshua@example.net,+91-9567576878,India,Thiruvananthapuram,Gold,2016-05-10
8795,Gina,Walker,Male,bryantjohn@example.net,+91-8097616385,India,Madurai,Silver,2019-03-30
8796,Lindsey,Hunter,Female,crystalscott@example.com,+91-5921839011,India,Thiruvananthapuram,Gold,2024-04-14
8797,Rebecca,Perry,Male,franklinmitchell@example.com,+91-8188487240,India,Coimbatore,Gold,2022-04-20
8798,April,Figueroa,Other,sharonwallace@example.org,+91-1972099059,India,Chennai,Silver,2021-06-07
8799,James,Cook,Other,gregory02@example.com,+91-2188995100,India,Kochi,Gold,2024-01-18
8800,Rebecca,Maldonado,Male,bbowen@example.org,001-391-669-4382x49018,Zimbabwe,Dubai,Platinum,2019-04-06
8801,Raymond,Johnson,Other,jasonchambers@example.org,+91-1823883934,India,Bangalore,Gold,2021-08-17
8802,Kayla,Castillo,Male,bhoffman@example.net,+91-5228894556,India,Chennai,Gold,2023-03-26
8803,Garrett,Simmons,Other,tdonaldson@example.com,+91-2704486777,India,Vijayawada,Bronze,2022-11-17
8804,Benjamin,Johnson,Male,smelendez@example.net,+91-7824654578,India,Thiruvananthapuram,Bronze,2017-07-16
8805,Laura,Mccullough,Male,matthew23@example.org,837-897-5757x9570,New Caledonia,Berlin,Silver,2023-08-02
8806,Adam,Harris,Other,jamesmartin@example.net,443.811.3984,Christmas Island,Sydney,Gold,2022-09-04
8807,Cristina,Mcgee,Male,uanderson@example.net,+91-6252906346,India,Hyderabad,Bronze,2022-08-31
8808,Anthony,Dawson,Male,ahatfield@example.net,+1-617-345-9523x243,Turkmenistan,Sydney,Silver,2018-08-02
8809,Ryan,Edwards,Male,carolinestout@example.org,+91-9120583876,India,Mysore,Gold,2018-01-10
8810,Amber,Hood,Other,fbaker@example.org,+91-1623002096,India,Chennai,Silver,2017-03-20
8811,Tiffany,Blackburn,Female,donaldgaines@example.net,+91-8491331549,India,Chennai,Bronze,2022-06-05
8812,Karen,Smith,Female,charleszachary@example.org,(471)403-4419x8637,Saint Martin,Singapore,Bronze,2024-10-08
8813,Louis,Bryant,Other,colechristine@example.net,+91-9308166894,India,Visakhapatnam,Silver,2018-12-13
8814,Amanda,Barton,Male,jennifer79@example.com,+91-9153494654,India,Mysore,Bronze,2021-05-02
8815,Joshua,Marsh,Male,krista50@example.net,+91-4119296247,India,Mysore,Silver,2018-09-23
8816,Thomas,Jimenez,Other,john64@example.org,(288)928-9712x405,Vietnam,Tokyo,Gold,2015-08-01
8817,Lisa,Harris,Female,gthompson@example.net,779-659-3434x2952,Slovakia (Slovak Republic),Toronto,Silver,2016-09-24
8818,Shannon,Curtis,Female,kristinlopez@example.net,+91-7284007614,India,Chennai,Gold,2023-03-15
8819,Stephanie,Blake,Male,robertsapril@example.net,+91-1055100447,India,Chennai,Platinum,2022-05-21
8820,Roberta,Elliott,Female,stoutterri@example.net,+91-6414510085,India,Hyderabad,Gold,2016-08-02
8821,Chris,Lara,Female,leahbarry@example.org,+91-4602571807,India,Madurai,Bronze,2015-10-16
8822,Morgan,Barrett,Other,craig34@example.net,+91-8746892354,India,Bangalore,Bronze,2020-09-03
8823,Vernon,Hunter,Female,gonzalezjoanna@example.com,+91-3190506570,India,Bangalore,Bronze,2024-06-23
8824,Gregory,Robbins,Male,michael83@example.net,+91-6446338832,India,Thiruvananthapuram,Silver,2023-07-11
8825,Nicholas,Garrett,Male,yhall@example.net,+91-8351626259,India,Kochi,Gold,2019-06-13
8826,Dustin,Livingston,Female,wjohnson@example.org,+91-858218482,India,Mysore,Platinum,2016-02-07
8827,Mark,Black,Other,watsonjennifer@example.org,+91-3383187744,India,Thiruvananthapuram,Gold,2018-07-07
8828,Julia,Kent,Male,nmccormick@example.org,001-400-772-5792x381,Libyan Arab Jamahiriya,New York,Silver,2015-12-03
8829,Andrea,Morrison,Male,lauren05@example.net,+91-6316085259,India,Hyderabad,Bronze,2021-02-09
8830,Krista,Craig,Male,vpierce@example.org,+91-4460159023,India,Madurai,Silver,2025-04-16
8831,Victoria,Roberts,Female,zharvey@example.com,+91-2982988447,India,Thiruvananthapuram,Platinum,2024-05-11
8832,Kathleen,Torres,Other,leeaustin@example.org,+91-5262148873,India,Mysore,Silver,2015-10-11
8833,Zachary,Kane,Male,garymiller@example.net,+91-6931081765,India,Visakhapatnam,Silver,2020-08-31
8834,Thomas,Sanchez,Female,hmartin@example.net,+91-7930898589,India,Coimbatore,Platinum,2020-11-27
8835,Julie,Hunt,Male,carl04@example.org,607.421.8679x0235,United States of America,Los Angeles,Bronze,2017-11-06
8836,Jessica,Schmitt,Female,emilyhiggins@example.com,+91-1695908899,India,Bangalore,Silver,2023-07-01
8837,Brittany,Haynes,Female,garciakrystal@example.net,+91-625597628,India,Bangalore,Bronze,2021-11-03
8838,Tina,Peck,Other,bateskevin@example.com,+91-7765888338,India,Chennai,Silver,2023-05-03
8839,Aaron,Sweeney,Other,rlowe@example.com,+91-9661726823,India,Visakhapatnam,Bronze,2018-11-20
8840,Joel,Hamilton,Female,beardcolleen@example.net,+1-883-779-8918,Greece,New York,Silver,2020-09-21
8841,Danielle,Roberts,Other,ryantyler@example.org,+91-9236792382,India,Madurai,Gold,2023-02-25
8842,Elizabeth,Rivera,Female,amandaadams@example.net,8698501626,Poland,Toronto,Bronze,2023-05-10
8843,Nicholas,Foster,Other,tanyataylor@example.org,+91-8336296490,India,Bangalore,Bronze,2019-05-02
8844,Grace,Jimenez,Male,alexandra13@example.com,+91-6169900502,India,Chennai,Gold,2023-12-02
8845,Thomas,Brooks,Female,sprice@example.net,+91-1205136828,India,Visakhapatnam,Gold,2018-01-09
8846,Nicole,Madden,Female,michael62@example.com,+91-7661281231,India,Thiruvananthapuram,Silver,2018-07-13
8847,Candice,Baldwin,Other,sarah75@example.net,+91-6654123008,India,Bangalore,Silver,2015-05-30
8848,Linda,Perry,Female,whitney01@example.net,+91-23345967,India,Thiruvananthapuram,Bronze,2021-08-09
8849,Kelly,Long,Male,christopher25@example.net,+91-5375512965,India,Vijayawada,Bronze,2024-05-23
8850,Shawn,Lopez,Male,lucerokyle@example.net,+91-9448457720,India,Hyderabad,Bronze,2022-01-19
8851,Amy,Leon,Male,zsexton@example.com,530-277-7055,Japan,Tokyo,Bronze,2021-10-05
8852,Arthur,Pennington,Female,robert76@example.net,+91-9493922016,India,Vijayawada,Bronze,2021-04-01
8853,Erik,Chapman,Female,raymondbenitez@example.com,+91-1418670822,India,Hyderabad,Silver,2016-01-06
8854,Kayla,Turner,Male,amberrobertson@example.com,001-265-443-5290x859,Antarctica (the territory South of 60 deg S),New York,Bronze,2015-07-04
8855,Patrick,Diaz,Female,christopher79@example.net,+91-8193120514,India,Hyderabad,Bronze,2018-12-11
8856,Robert,Weber,Other,lindsey28@example.org,+91-9399271058,India,Mysore,Bronze,2025-03-28
8857,Patrick,Powell,Female,shanestevens@example.org,+91-6929668466,India,Mysore,Gold,2020-04-14
8858,Parker,Chavez,Female,zdennis@example.org,321.486.9401x263,Comoros,Singapore,Platinum,2019-07-30
8859,Scott,Hanson,Other,benjamin86@example.com,+91-3873700587,India,Kochi,Gold,2018-12-04
8860,Kimberly,Spencer,Male,johntorres@example.org,+91-1435237765,India,Visakhapatnam,Gold,2022-07-05
8861,Sarah,Tucker,Female,sarah64@example.org,+91-2781680603,India,Hyderabad,Bronze,2021-02-09
8862,John,Avila,Female,scottdakota@example.org,+91-5228685753,India,Hyderabad,Bronze,2020-09-08
8863,Robert,Gill,Other,patrickthompson@example.org,+91-8610695961,India,Madurai,Gold,2023-01-18
8864,Kimberly,Harvey,Other,crystal86@example.net,+91-478903944,India,Vijayawada,Silver,2022-08-07
8865,Michael,Martin,Male,popeelizabeth@example.com,+1-336-411-0835x868,Monaco,Los Angeles,Bronze,2022-03-18
8866,Adam,Baxter,Male,hcobb@example.org,(966)998-3643x50226,Switzerland,Singapore,Platinum,2023-06-07
8867,Stephanie,Robles,Other,lrodriguez@example.org,+91-8042688033,India,Thiruvananthapuram,Bronze,2020-02-29
8868,Michael,Petersen,Other,alisha82@example.net,+1-675-948-3567x3880,Togo,Tokyo,Gold,2021-10-22
8869,Jennifer,Chavez,Male,smithcody@example.com,+91-3409859966,India,Visakhapatnam,Silver,2024-11-09
8870,Paul,Riley,Male,uharrison@example.com,+91-5346781760,India,Hyderabad,Silver,2023-11-18
8871,Natalie,Robinson,Other,rhodeseric@example.com,+91-6225558671,India,Madurai,Gold,2020-06-09
8872,Victoria,Bennett,Male,timothymartinez@example.org,+91-7674385287,India,Hyderabad,Bronze,2024-06-07
8873,Ross,Carr,Other,natasha39@example.net,+91-8909932430,India,Madurai,Bronze,2020-05-20
8874,Angela,Gonzales,Male,stevensonashley@example.org,+91-4120542964,India,Coimbatore,Gold,2016-01-03
8875,Carla,Robbins,Female,cortezhayden@example.org,+91-8343523509,India,Madurai,Platinum,2017-11-17
8876,Sandra,Watkins,Other,albertwilkerson@example.com,+91-9797996862,India,Kochi,Silver,2024-03-23
8877,Keith,Brooks,Male,imartinez@example.com,+91-9051838425,India,Mysore,Silver,2024-01-04
8878,Joshua,Fox,Male,klynn@example.com,+91-5863876799,India,Bangalore,Bronze,2023-08-09
8879,Monique,Chapman,Other,georgepaul@example.org,499-273-2478x3310,Samoa,New York,Bronze,2016-03-11
8880,Keith,Reeves,Female,berrypatrick@example.net,+91-8063234746,India,Chennai,Bronze,2018-07-16
8881,Pamela,Levy,Female,laura03@example.com,+91-5932345,India,Bangalore,Bronze,2025-03-12
8882,Joseph,Hanson,Other,melissalewis@example.net,+91-6739387553,India,Madurai,Gold,2015-07-29
8883,Ashlee,Ortega,Other,bobby76@example.net,(278)239-7156,Cook Islands,Los Angeles,Gold,2015-06-20
8884,Stephanie,Tyler,Other,uvaldez@example.net,+91-9918667325,India,Kochi,Silver,2020-05-11
8885,Holly,Williams,Female,glorialewis@example.com,(840)741-4498,Ethiopia,Toronto,Platinum,2017-07-30
8886,Amanda,Terrell,Other,traceywilkinson@example.org,+91-6606661390,India,Coimbatore,Platinum,2019-07-08
8887,Derek,Wallace,Other,jeanettelambert@example.org,+91-4764941780,India,Chennai,Bronze,2020-11-10
8888,Taylor,Cochran,Male,jordanvirginia@example.com,+91-3406115211,India,Mysore,Gold,2024-01-26
8889,Lauren,Weaver,Female,hjones@example.com,+91-8782036170,India,Hyderabad,Bronze,2024-01-25
8890,Alexander,Shelton,Male,cody72@example.com,+91-9838849321,India,Madurai,Gold,2021-12-06
8891,Jake,Craig,Other,xperry@example.net,+91-9999352780,India,Coimbatore,Silver,2020-11-23
8892,Christopher,Griffith,Male,michael54@example.com,+91-4463029348,India,Thiruvananthapuram,Bronze,2023-08-20
8893,Gregory,Noble,Other,allisongarrett@example.org,443.774.7207,Dominica,Singapore,Gold,2017-09-22
8894,Dawn,Williams,Female,whitestephen@example.net,+91-1427365140,India,Mysore,Gold,2023-09-06
8895,Rebecca,Kline,Male,peggy70@example.net,+91-8460141256,India,Thiruvananthapuram,Silver,2020-07-09
8896,Timothy,Collins,Female,brandonbrown@example.com,+91-5456586517,India,Madurai,Bronze,2015-11-11
8897,Anne,Petersen,Male,jonathanwalker@example.net,+91-6234408140,India,Madurai,Silver,2017-03-26
8898,Mary,Patrick,Other,davisdon@example.net,+91-1493073084,India,Coimbatore,Bronze,2020-09-27
8899,Geoffrey,Carney,Other,justin05@example.net,+91-5023328413,India,Coimbatore,Platinum,2021-01-21
8900,Mark,Ward,Male,jmartinez@example.net,+91-4129610628,India,Kochi,Bronze,2023-06-10
8901,Paul,Hudson,Other,jamesgarcia@example.com,(600)332-7498x15558,Saint Martin,Dubai,Bronze,2018-11-09
8902,Paul,Haney,Male,spearsdustin@example.com,(704)968-2358x767,Maldives,London,Gold,2024-07-04
8903,Charles,Copeland,Male,angelicabailey@example.org,+91-862210302,India,Vijayawada,Bronze,2022-07-27
8904,Joshua,Nguyen,Female,michael61@example.com,001-378-755-6950,Saint Lucia,Los Angeles,Bronze,2015-09-21
8905,David,Johnson,Male,jacksonmonica@example.com,+91-3530936500,India,Kochi,Bronze,2020-03-20
8906,Crystal,Lawson,Other,katherinepratt@example.com,+91-4207557690,India,Coimbatore,Bronze,2022-03-04
8907,Monique,Cherry,Male,heidimyers@example.net,+1-400-898-4265x96002,Holy See (Vatican City State),London,Gold,2018-02-21
8908,Adrian,Thompson,Female,laurenbrown@example.org,+91-4564266133,India,Visakhapatnam,Bronze,2024-02-17
8909,Adrian,Mann,Male,selena46@example.com,+91-7186154261,India,Bangalore,Bronze,2020-06-22
8910,Marco,Guerrero,Male,kimberlydonaldson@example.net,+91-9659404232,India,Bangalore,Platinum,2022-02-25
8911,Gina,Lewis,Other,ericacarter@example.com,+91-1439832675,India,Mysore,Silver,2024-07-01
8912,Mark,Ramirez,Female,robert14@example.net,+91-28945306,India,Mysore,Silver,2016-03-10
8913,Patricia,Massey,Male,timothyflores@example.net,+91-4485290542,India,Hyderabad,Platinum,2024-10-23
8914,Vanessa,Obrien,Male,jryan@example.net,(952)381-3996x18551,Palau,Los Angeles,Gold,2022-04-30
8915,Phillip,Fitzgerald,Female,taylorjody@example.com,+91-5172377290,India,Coimbatore,Silver,2024-04-30
8916,James,Mcgee,Female,woodzachary@example.com,+91-1675418134,India,Madurai,Bronze,2017-02-12
8917,Jerry,Brennan,Female,darryl64@example.org,+91-3086144995,India,Madurai,Silver,2017-05-19
8918,Anna,Moore,Male,josephfernandez@example.org,+91-7074647297,India,Bangalore,Platinum,2019-10-10
8919,James,Kirk,Male,carrollamber@example.net,+1-931-683-9455x099,Germany,Sydney,Bronze,2024-11-01
8920,Ryan,Barnett,Male,jasmine90@example.org,+91-3834196830,India,Thiruvananthapuram,Platinum,2021-09-16
8921,Briana,Brown,Other,lindseygarcia@example.org,+91-4721622932,India,Chennai,Bronze,2023-08-06
8922,Kelly,Johnson,Other,vflores@example.net,+91-6151600977,India,Hyderabad,Bronze,2025-04-01
8923,David,Daniels,Female,pattoncalvin@example.org,+91-7885825939,India,Visakhapatnam,Bronze,2022-07-11
8924,Beth,York,Female,stanleyford@example.org,+91-6174364248,India,Hyderabad,Silver,2018-02-17
8925,Timothy,Randolph,Male,alexandra54@example.org,+91-3336257766,India,Visakhapatnam,Bronze,2015-12-20
8926,Jeremy,Carroll,Other,coxcristian@example.org,+91-7685688342,India,Coimbatore,Bronze,2022-04-20
8927,April,Brown,Male,adamyoung@example.com,+91-7645249204,India,Chennai,Gold,2016-02-12
8928,Courtney,Nguyen,Other,jonathanhutchinson@example.net,601-640-5261x3652,Pitcairn Islands,Paris,Platinum,2025-03-26
8929,Robert,Lloyd,Other,orrjessica@example.org,001-851-358-3867x99050,Poland,Sydney,Gold,2018-07-03
8930,Laura,Stewart,Female,davenportellen@example.org,+91-9386921472,India,Chennai,Bronze,2018-07-13
8931,Elizabeth,Nguyen,Other,melissabarker@example.org,(333)809-0226x3469,Ecuador,Singapore,Silver,2020-10-25
8932,James,Thomas,Male,andersonbruce@example.net,+91-5629972468,India,Coimbatore,Silver,2017-05-06
8933,Kara,Koch,Other,wholloway@example.net,+91-511915082,India,Thiruvananthapuram,Silver,2023-10-22
8934,Maria,Carter,Male,qlewis@example.com,+91-2511520022,India,Chennai,Bronze,2023-10-26
8935,Danielle,Lowery,Male,annvalencia@example.org,+91-6887134209,India,Vijayawada,Silver,2021-07-20
8936,Kevin,Austin,Other,sarah95@example.org,+91-322206463,India,Vijayawada,Silver,2019-03-16
8937,Gabriel,Davidson,Other,dvillegas@example.com,+91-9933639011,India,Mysore,Gold,2024-10-14
8938,Michael,Hughes,Male,johnnguyen@example.com,+91-3147624444,India,Mysore,Bronze,2017-08-13
8939,Jonathan,Hoffman,Female,alexandra54@example.org,+91-4030622495,India,Bangalore,Bronze,2016-09-15
8940,Brian,Clark,Other,christine47@example.net,625.784.8681x026,Tunisia,Los Angeles,Silver,2022-07-26
8941,Kaitlyn,Clark,Male,nmonroe@example.net,+91-6736484159,India,Chennai,Bronze,2021-07-31
8942,Lauren,Manning,Female,derrickvillarreal@example.org,+91-8596997116,India,Vijayawada,Silver,2024-02-19
8943,Elizabeth,Smith,Other,ewingcynthia@example.org,+91-8634516946,India,Hyderabad,Bronze,2019-07-01
8944,Evan,Tucker,Female,nealpaula@example.net,+91-9045009844,India,Vijayawada,Gold,2016-05-03
8945,Robert,Sampson,Male,tracymosley@example.com,+91-2985160356,India,Chennai,Gold,2016-01-13
8946,Sophia,Williamson,Female,david06@example.org,+91-6455755115,India,Madurai,Bronze,2015-10-28
8947,Kevin,Watson,Male,garciamarie@example.org,+91-9061214984,India,Chennai,Silver,2016-08-14
8948,Raymond,Zhang,Other,cjones@example.net,+91-7846663709,India,Madurai,Gold,2023-01-16
8949,Mary,Rangel,Other,kelsey67@example.com,(399)740-9784x304,Ethiopia,London,Silver,2015-09-30
8950,Jennifer,Mccormick,Other,djefferson@example.com,+91-3340156557,India,Hyderabad,Silver,2016-10-24
8951,Katherine,Steele,Other,carla72@example.net,775-517-1145,Kenya,Singapore,Platinum,2021-07-05
8952,Dylan,Hayes,Female,huntersamantha@example.net,+91-1771558704,India,Visakhapatnam,Bronze,2017-09-01
8953,Jenna,Sherman,Other,michael13@example.net,+91-4878717079,India,Bangalore,Silver,2024-03-19
8954,Jennifer,Flores,Female,fnewton@example.org,+91-5244250066,India,Mysore,Silver,2024-05-17
8955,Herbert,George,Male,cody15@example.net,+91-6462957813,India,Visakhapatnam,Gold,2024-10-03
8956,Kelly,Clements,Other,paynedouglas@example.org,+91-5441725622,India,Hyderabad,Bronze,2022-09-05
8957,Heather,Velasquez,Female,nguyenkevin@example.org,+91-7172298715,India,Vijayawada,Bronze,2017-12-05
8958,Daniel,Little,Male,marcussmith@example.net,+91-2866869293,India,Bangalore,Silver,2016-01-18
8959,Sabrina,Flynn,Female,ssmith@example.org,+91-3370796559,India,Vijayawada,Silver,2021-08-05
8960,Heidi,Tran,Female,hwood@example.net,+91-9033636944,India,Bangalore,Gold,2024-05-01
8961,Seth,Garcia,Other,sarahgriffith@example.org,+91-3415585886,India,Thiruvananthapuram,Platinum,2020-01-18
8962,Kevin,Jackson,Male,hickskiara@example.com,+91-233971026,India,Bangalore,Bronze,2024-04-29
8963,Wendy,Kennedy,Female,jefferyhammond@example.net,+1-449-921-6175x5598,Vietnam,Dubai,Silver,2019-12-09
8964,Kimberly,Thomas,Other,amy83@example.org,+91-6421330401,India,Coimbatore,Bronze,2023-04-20
8965,Tammy,Sutton,Male,ricardo04@example.org,(230)210-6386x01210,Fiji,Berlin,Gold,2015-05-28
8966,Carla,Oconnell,Male,matthew52@example.org,+91-6949569968,India,Bangalore,Gold,2022-09-22
8967,Tiffany,Carter,Female,brianaadams@example.com,+91-1876259347,India,Visakhapatnam,Bronze,2021-02-23
8968,Scott,Henry,Other,zacharybennett@example.net,+91-2241976227,India,Coimbatore,Silver,2021-10-26
8969,Luis,Harrell,Male,sanderswillie@example.org,+91-3553016746,India,Coimbatore,Gold,2018-09-07
8970,Gerald,Wallace,Female,alibenjamin@example.com,+91-277676766,India,Hyderabad,Gold,2016-09-10
8971,Joan,Mason,Male,romeroeric@example.org,(645)988-4744x93072,Slovakia (Slovak Republic),Toronto,Bronze,2019-12-03
8972,Matthew,Villanueva,Female,michael39@example.com,+91-1319152227,India,Visakhapatnam,Bronze,2022-07-20
8973,Matthew,Rose,Female,martinezjuan@example.com,+91-8384571321,India,Bangalore,Bronze,2023-07-04
8974,Amanda,Williams,Other,kerriwilliams@example.net,+91-1288649554,India,Madurai,Platinum,2021-09-22
8975,Alex,Dickerson,Other,raymondsanders@example.org,+91-4927380098,India,Bangalore,Gold,2021-04-13
8976,Joyce,Galvan,Other,mclaughlinbrandon@example.com,+91-9589913793,India,Kochi,Silver,2020-12-07
8977,Craig,Mccall,Other,karen41@example.com,(491)657-1268x14051,Guyana,Toronto,Platinum,2025-01-23
8978,Daniel,Smith,Female,pbradshaw@example.org,+91-9578133818,India,Bangalore,Silver,2021-02-16
8979,Caitlin,Stephenson,Male,eugene53@example.net,+91-9180944189,India,Coimbatore,Gold,2020-04-17
8980,Gerald,Lambert,Other,sandramccarthy@example.net,+91-8587272484,India,Chennai,Gold,2016-02-21
8981,Patricia,Perkins,Male,ocalhoun@example.net,+91-6170757492,India,Visakhapatnam,Bronze,2021-12-09
8982,Cory,Coleman,Female,randyacevedo@example.com,+91-2943471122,India,Mysore,Bronze,2020-06-14
8983,Ashley,Phillips,Male,tdunn@example.net,+91-1665048527,India,Thiruvananthapuram,Bronze,2021-04-30
8984,Robert,Jackson,Male,darius71@example.net,+1-356-408-6365,Jersey,Los Angeles,Bronze,2022-11-22
8985,Tanner,Sanchez,Other,nchen@example.com,+91-7133425603,India,Chennai,Bronze,2020-01-05
8986,Kyle,Lee,Female,mcclainmaria@example.com,+91-3766614556,India,Chennai,Gold,2018-05-17
8987,Louis,Jacobs,Female,john89@example.org,+91-5288664659,India,Mysore,Silver,2016-07-11
8988,Larry,Fisher,Other,jacobturner@example.com,+91-999086856,India,Thiruvananthapuram,Platinum,2020-03-05
8989,Tanner,Gonzales,Other,adeleon@example.net,+91-9965786041,India,Thiruvananthapuram,Silver,2020-01-04
8990,Donald,Foster,Other,kelleralejandro@example.org,+91-1153155256,India,Chennai,Silver,2018-11-03
8991,Justin,Salas,Male,bentonkirsten@example.com,001-231-326-4073x4891,South Africa,Dubai,Bronze,2018-09-11
8992,Jennifer,Francis,Female,scott64@example.net,+91-2908618293,India,Visakhapatnam,Bronze,2021-08-20
8993,Christopher,Koch,Other,fhayes@example.net,+91-9096959642,India,Madurai,Silver,2019-12-28
8994,Rachel,Herrera,Female,hannahhaynes@example.com,+91-7190893982,India,Kochi,Bronze,2022-11-01
8995,Christopher,Reeves,Female,kristinjones@example.org,+91-8423929097,India,Kochi,Silver,2022-08-09
8996,Henry,Cervantes,Other,munozmichele@example.org,+91-9140266503,India,Kochi,Platinum,2016-01-31
8997,Kevin,Eaton,Female,jasonruiz@example.com,+91-4110427093,India,Vijayawada,Gold,2016-08-24
8998,Tammy,Vaughn,Other,ktownsend@example.net,(445)521-9371x664,Swaziland,Paris,Silver,2018-09-30
8999,Jennifer,Garcia,Other,emilymullins@example.com,(423)683-3162x6568,Anguilla,Sydney,Silver,2018-07-23
9000,Stephanie,Pennington,Male,walshgregory@example.com,+91-7663683256,India,Thiruvananthapuram,Gold,2023-02-04
9001,Vanessa,Jones,Female,michaelgiles@example.net,+91-4083757215,India,Coimbatore,Silver,2017-12-11
9002,William,Moore,Female,ivanlittle@example.org,+91-3706042559,India,Coimbatore,Bronze,2021-05-08
9003,Amanda,Webster,Female,luke39@example.net,+91-9645557283,India,Visakhapatnam,Silver,2020-03-31
9004,Heidi,Walter,Female,cookcynthia@example.net,+91-3051051662,India,Vijayawada,Silver,2022-05-18
9005,Lisa,Ramos,Female,amy74@example.com,+91-3024889200,India,Coimbatore,Bronze,2017-06-09
9006,Marisa,Chapman,Other,patrickcole@example.org,+91-9089079109,India,Mysore,Platinum,2023-08-28
9007,Nicholas,Brown,Female,colson@example.net,+91-1159237271,India,Bangalore,Bronze,2020-07-23
9008,Thomas,King,Male,jasonflores@example.net,+91-4046909569,India,Visakhapatnam,Bronze,2021-05-19
9009,Alan,Graham,Male,bsnow@example.org,+91-5898506407,India,Madurai,Silver,2018-04-02
9010,Jessica,Norman,Other,donna60@example.net,628-768-6918x573,Guinea-Bissau,New York,Bronze,2019-02-03
9011,Christopher,Malone,Female,deborah29@example.com,+91-7749627860,India,Madurai,Bronze,2023-10-26
9012,Victoria,Marquez,Other,ewilson@example.org,+91-6999808642,India,Visakhapatnam,Bronze,2017-04-14
9013,William,Gray,Female,logan28@example.net,+91-1818679749,India,Kochi,Silver,2024-03-04
9014,Kimberly,Lopez,Male,agarcia@example.net,824.610.0121,Rwanda,London,Gold,2020-11-11
9015,Jeffrey,Winters,Female,lsmith@example.org,(540)734-8071,Solomon Islands,New York,Gold,2021-12-30
9016,Deanna,Walton,Other,parkerpaul@example.org,+91-8686424815,India,Visakhapatnam,Silver,2017-07-20
9017,John,Jarvis,Other,ftaylor@example.org,+91-3472124426,India,Madurai,Silver,2018-04-14
9018,Clifford,Ward,Male,burnsmichelle@example.net,+91-8670889369,India,Kochi,Bronze,2023-01-04
9019,Zachary,Gonzalez,Male,imccullough@example.com,+91-5559984607,India,Visakhapatnam,Bronze,2016-03-27
9020,Suzanne,Thomas,Female,schapman@example.org,3039992458,Netherlands,New York,Bronze,2023-04-17
9021,Matthew,Holmes,Male,millershannon@example.org,+91-849094882,India,Coimbatore,Gold,2019-03-30
9022,Hayden,Dominguez,Female,andrew18@example.org,+91-1638353033,India,Madurai,Platinum,2016-02-14
9023,Aaron,Jones,Other,bguzman@example.org,(867)722-3383,United Kingdom,Toronto,Gold,2016-02-04
9024,Rebecca,Mccann,Female,jacob97@example.org,+1-735-479-6071x19037,Antarctica (the territory South of 60 deg S),New York,Bronze,2016-03-02
9025,Ronald,Nguyen,Other,guerrerozachary@example.net,843-410-5925,Ghana,Sydney,Bronze,2019-08-15
9026,Eric,Hanson,Male,nicole33@example.com,6265047970,Saint Martin,London,Bronze,2016-10-22
9027,Eric,Johnson,Male,bobbychen@example.org,+91-4217326134,India,Bangalore,Gold,2015-11-03
9028,William,Stewart,Male,brownbrianna@example.net,001-805-985-2535x1428,Rwanda,Berlin,Bronze,2020-11-04
9029,Diane,Brown,Female,jstevens@example.net,+91-390388836,India,Mysore,Bronze,2023-03-20
9030,Christopher,Franklin,Female,warderic@example.com,+91-409170839,India,Coimbatore,Silver,2020-06-17
9031,Jill,Khan,Male,rachelpowell@example.org,+91-1724857169,India,Bangalore,Platinum,2024-09-15
9032,Ashley,Kennedy,Male,iking@example.net,+91-6782027332,India,Chennai,Bronze,2018-12-24
9033,Derrick,Wilson,Other,hollowaywilliam@example.net,+91-3854503918,India,Chennai,Platinum,2017-10-23
9034,Wendy,Barnes,Male,angelica37@example.org,+91-4488590625,India,Hyderabad,Bronze,2016-06-12
9035,Peter,Reed,Male,tracygonzales@example.net,+91-4995417319,India,Vijayawada,Bronze,2015-11-26
9036,Craig,Mahoney,Other,nicole02@example.org,+91-6203411152,India,Bangalore,Platinum,2024-08-04
9037,Rachel,Wood,Male,april61@example.com,+91-4573387271,India,Mysore,Platinum,2025-01-15
9038,Jill,Morgan,Other,shellyrichardson@example.com,+91-3559815094,India,Thiruvananthapuram,Bronze,2018-07-25
9039,Brendan,Perry,Female,kathleen95@example.org,+91-1591068759,India,Kochi,Silver,2023-08-20
9040,Lauren,Nunez,Male,davidcooper@example.org,001-250-834-2730x187,Guinea-Bissau,Tokyo,Bronze,2017-11-13
9041,Linda,Yu,Other,pamela96@example.com,+91-2849586672,India,Chennai,Gold,2022-08-11
9042,Jack,Chen,Male,jenniferdunn@example.net,+91-4981787674,India,Bangalore,Silver,2018-10-08
9043,Jeffrey,Davis,Female,lauren26@example.com,+91-4554421799,India,Mysore,Silver,2020-04-09
9044,Connor,May,Female,alexandramack@example.com,+91-178175186,India,Mysore,Bronze,2020-02-06
9045,Susan,Baldwin,Female,scott98@example.org,+91-973413477,India,Vijayawada,Silver,2017-07-17
9046,Johnny,Lucas,Male,beckamanda@example.org,+91-7806691320,India,Mysore,Platinum,2022-12-02
9047,Tina,Curtis,Other,johnsonmichael@example.org,+91-2520239616,India,Coimbatore,Gold,2021-03-21
9048,Scott,Shepherd,Female,sherylbriggs@example.org,+91-4790465064,India,Chennai,Silver,2023-11-28
9049,Sharon,Fischer,Male,brittneyrichardson@example.com,+91-5285208630,India,Visakhapatnam,Gold,2019-08-24
9050,Christopher,Clark,Female,bryantalisha@example.com,+91-9310043049,India,Madurai,Bronze,2024-12-06
9051,Mary,Sanchez,Male,omaldonado@example.net,+91-5455394235,India,Madurai,Gold,2024-08-18
9052,John,Berg,Other,spencerdixon@example.net,908-854-7161x657,Isle of Man,Sydney,Silver,2024-06-05
9053,Linda,Mitchell,Male,jeffreyfisher@example.org,+91-1564949991,India,Coimbatore,Platinum,2018-03-04
9054,Brian,Alvarez,Other,jessica64@example.org,+91-725974147,India,Coimbatore,Platinum,2023-05-10
9055,Jean,Rice,Male,alyssa03@example.com,+91-107675263,India,Madurai,Gold,2022-12-06
9056,Denise,Moreno,Other,aaron15@example.net,+91-3256868436,India,Thiruvananthapuram,Bronze,2023-05-09
9057,Jacqueline,Vazquez,Male,heatherreese@example.org,+91-4309523601,India,Coimbatore,Silver,2020-03-21
9058,Kelsey,Norton,Female,lucasdavid@example.org,+91-1467410719,India,Hyderabad,Bronze,2015-07-15
9059,Morgan,Barnett,Other,jenniferstewart@example.com,+91-9492980847,India,Visakhapatnam,Bronze,2024-07-08
9060,Samuel,Smith,Male,scottmargaret@example.net,392.894.5574x9299,Sao Tome and Principe,Berlin,Silver,2018-03-06
9061,Crystal,Andrews,Male,mitchellfrancis@example.net,+91-5648235617,India,Coimbatore,Silver,2024-12-07
9062,Jessica,Hart,Other,jill32@example.org,+91-5291151125,India,Coimbatore,Bronze,2016-09-09
9063,Eric,Sanders,Female,rthompson@example.com,911-335-0837x88303,Taiwan,Toronto,Bronze,2024-10-22
9064,Kyle,Martinez,Female,christopher79@example.net,+91-2510067297,India,Coimbatore,Gold,2016-07-06
9065,Ronald,Walsh,Other,ajennings@example.com,+91-2313642444,India,Coimbatore,Bronze,2023-09-18
9066,Robert,Wilkinson,Female,khunter@example.net,874-278-8417x8928,Vietnam,Singapore,Bronze,2019-10-31
9067,Jason,Gutierrez,Other,rayjason@example.com,+91-4204195863,India,Vijayawada,Gold,2018-12-12
9068,Heather,Leonard,Female,peterwallace@example.com,+91-7657719056,India,Visakhapatnam,Platinum,2024-03-04
9069,Jamie,Wilson,Female,gonzalezjoel@example.net,+91-3283932652,India,Madurai,Gold,2019-06-14
9070,Michael,Roberts,Male,yhernandez@example.org,(543)913-6121x8863,Antarctica (the territory South of 60 deg S),Toronto,Platinum,2018-01-09
9071,Haley,Burns,Other,knightmatthew@example.net,+91-3526158359,India,Hyderabad,Silver,2021-04-12
9072,Tara,Leblanc,Male,pattonjustin@example.com,(805)734-0568x2323,Turks and Caicos Islands,Los Angeles,Silver,2022-11-11
9073,Tracie,Robertson,Other,youngkristopher@example.net,+91-4368316833,India,Visakhapatnam,Bronze,2020-11-15
9074,Sarah,Reyes,Female,barkerdavid@example.com,+91-739326200,India,Coimbatore,Gold,2018-04-17
9075,Timothy,Howard,Female,npugh@example.com,+91-9483255543,India,Kochi,Silver,2022-06-28
9076,Mary,Hawkins,Female,ghill@example.com,+91-1887313726,India,Mysore,Gold,2022-01-03
9077,Amber,Huffman,Other,osimon@example.net,+91-5912836543,India,Madurai,Silver,2016-06-29
9078,Richard,Webb,Male,jaime38@example.net,+91-3620945692,India,Mysore,Bronze,2019-01-01
9079,Victor,Bradley,Male,ogay@example.net,+91-9310849615,India,Kochi,Bronze,2024-11-30
9080,Ashley,Banks,Other,qgonzalez@example.org,+91-1722655695,India,Kochi,Gold,2020-08-23
9081,Jason,Weber,Male,johnsondonald@example.com,+91-5867186630,India,Mysore,Bronze,2020-08-18
9082,Carl,Edwards,Male,kimberlyleonard@example.net,2063484906,Qatar,Berlin,Bronze,2023-06-21
9083,Gregory,King,Female,casey42@example.com,+91-916390820,India,Madurai,Bronze,2024-06-30
9084,William,Fields,Other,sanderstyler@example.net,+91-2577745002,India,Mysore,Bronze,2019-11-20
9085,Alexis,Rhodes,Other,harperandrew@example.net,+91-6953697784,India,Thiruvananthapuram,Bronze,2016-06-08
9086,Jennifer,Foster,Female,scott55@example.org,(811)288-0644x73019,Benin,Tokyo,Bronze,2023-08-24
9087,Nancy,Cook,Male,terri79@example.com,+91-6856289037,India,Mysore,Bronze,2018-03-06
9088,Hunter,Griffin,Female,timothy34@example.org,+91-3160661425,India,Thiruvananthapuram,Platinum,2020-03-06
9089,Larry,Morse,Male,poncekevin@example.com,+91-8594831720,India,Thiruvananthapuram,Bronze,2023-05-27
9090,Kelly,Turner,Male,amandarodriguez@example.com,+91-9137591960,India,Kochi,Bronze,2024-10-22
9091,Melissa,Riley,Female,jordan55@example.org,+91-9056357564,India,Vijayawada,Silver,2024-11-23
9092,Megan,English,Male,nmaxwell@example.org,+91-1722723750,India,Bangalore,Platinum,2021-08-13
9093,Cindy,Hernandez,Male,nicolejones@example.com,+91-8560874720,India,Hyderabad,Bronze,2024-07-24
9094,Kelly,Vasquez,Male,zhamilton@example.org,+91-10733613,India,Madurai,Bronze,2017-07-19
9095,Brandon,Wright,Male,floresjonathan@example.org,+91-1008264695,India,Bangalore,Bronze,2025-04-10
9096,Robert,Black,Other,steven66@example.org,+91-9479705888,India,Madurai,Bronze,2021-07-16
9097,Jenny,Myers,Male,crobertson@example.com,856.718.0358x73762,Bahrain,Toronto,Gold,2018-09-05
9098,Linda,Lynch,Female,christina03@example.org,+91-8910375310,India,Vijayawada,Silver,2023-12-19
9099,Janice,Brooks,Male,gina66@example.net,+91-385235353,India,Coimbatore,Platinum,2019-06-02
9100,Natalie,Owens,Other,wesley03@example.com,(710)946-4310,United States Virgin Islands,New York,Silver,2017-07-31
9101,James,Kaiser,Female,priscilla06@example.org,+91-2818601832,India,Vijayawada,Bronze,2017-05-13
9102,Edward,Lozano,Other,fharris@example.com,+91-8061711706,India,Chennai,Bronze,2025-02-04
9103,Erin,Riddle,Female,thomas32@example.org,+91-2734677488,India,Visakhapatnam,Gold,2023-08-08
9104,Jenna,Ramirez,Female,amandaphillips@example.net,+91-7900595802,India,Coimbatore,Bronze,2023-12-13
9105,Travis,Schwartz,Female,sara05@example.org,+91-9198143926,India,Chennai,Gold,2021-01-08
9106,David,Rice,Female,jenningsdavid@example.net,+91-2306224657,India,Madurai,Gold,2021-09-02
9107,Mark,Reed,Female,ppratt@example.net,2962858292,Marshall Islands,Los Angeles,Silver,2024-11-23
9108,Kevin,Hoffman,Male,kgraham@example.com,+1-896-589-5162x1398,Netherlands Antilles,Berlin,Platinum,2024-02-14
9109,Travis,Sanchez,Male,richarddaniel@example.net,+91-1043325108,India,Mysore,Platinum,2024-11-14
9110,George,Fisher,Female,cwilliams@example.net,965.480.6441x625,Tanzania,London,Platinum,2017-04-10
9111,Bailey,Phillips,Female,christopher21@example.net,+91-2287140016,India,Kochi,Silver,2017-03-03
9112,Jon,Trujillo,Male,petersonerica@example.org,+91-5722262467,India,Chennai,Gold,2024-03-02
9113,Mary,Koch,Other,butlercynthia@example.com,816.708.3665x4930,Netherlands Antilles,Tokyo,Gold,2019-02-28
9114,Vanessa,Harris,Female,rose00@example.net,+1-324-691-1112,Djibouti,Tokyo,Gold,2020-06-20
9115,Jonathan,Powell,Other,rdavis@example.org,+91-3711803160,India,Coimbatore,Silver,2018-07-19
9116,Ashley,Hull,Male,valerie25@example.org,+91-7179735853,India,Coimbatore,Bronze,2017-06-10
9117,Melissa,Schmidt,Other,scott44@example.com,+91-6902879562,India,Kochi,Bronze,2024-10-25
9118,Shannon,Mitchell,Other,moodyrandy@example.com,+91-2781743603,India,Thiruvananthapuram,Silver,2023-02-17
9119,Kayla,Walker,Male,robinhuff@example.com,+91-4931020860,India,Chennai,Silver,2016-09-24
9120,Theresa,Prince,Other,tracy11@example.net,+91-139118409,India,Visakhapatnam,Silver,2018-05-12
9121,Aaron,Hayden,Other,zjones@example.net,+91-9319342836,India,Visakhapatnam,Platinum,2024-10-21
9122,Sandy,Montgomery,Male,crystalstewart@example.com,+91-119412811,India,Coimbatore,Gold,2016-08-18
9123,Heather,Arnold,Female,lauriejones@example.com,(750)494-7037x1266,Lithuania,Toronto,Bronze,2021-10-29
9124,Richard,Bowers,Male,jocelyntaylor@example.net,682-799-0552x92793,Puerto Rico,New York,Bronze,2024-07-18
9125,Matthew,Cox,Female,rmurray@example.net,+91-2629754161,India,Kochi,Bronze,2020-05-19
9126,William,Craig,Male,ysmith@example.org,+91-3862345438,India,Thiruvananthapuram,Bronze,2021-12-19
9127,Paul,Lopez,Other,crystal72@example.com,+91-3257607942,India,Hyderabad,Silver,2017-09-08
9128,David,Lee,Female,bradley77@example.com,+91-5906753768,India,Chennai,Bronze,2019-10-08
9129,Dan,Williams,Other,ggibson@example.net,+91-3748303738,India,Visakhapatnam,Silver,2016-08-27
9130,Brittany,Taylor,Female,olee@example.com,+91-9869671762,India,Coimbatore,Bronze,2020-12-12
9131,Michael,Lee,Male,wphillips@example.com,+91-4503704903,India,Mysore,Bronze,2022-08-01
9132,Johnny,Brady,Male,yryan@example.org,+1-725-729-1886x061,Latvia,Singapore,Gold,2020-11-15
9133,Glenda,Howard,Other,kellybryant@example.org,+91-6079559535,India,Visakhapatnam,Platinum,2020-09-13
9134,Vanessa,Johnson,Other,shannoncollins@example.net,+91-7533642708,India,Coimbatore,Silver,2023-05-29
9135,Sheila,Lopez,Female,jensenjulie@example.org,+91-2162038137,India,Bangalore,Silver,2017-02-16
9136,Mindy,Tran,Other,amandacoleman@example.net,+91-9163715166,India,Thiruvananthapuram,Silver,2016-12-02
9137,Thomas,Larson,Male,edwinmathews@example.net,+91-3276099871,India,Thiruvananthapuram,Bronze,2025-03-02
9138,David,Thompson,Male,pgarcia@example.com,+91-839437695,India,Mysore,Silver,2015-12-02
9139,Jonathan,Mitchell,Female,tmorris@example.com,8935666297,France,Sydney,Bronze,2019-02-18
9140,Bryan,Dillon,Male,scott85@example.com,+91-3770471912,India,Vijayawada,Platinum,2020-08-10
9141,Emily,Brown,Female,jonmartinez@example.com,+91-1834921006,India,Kochi,Silver,2024-04-22
9142,Amy,Short,Other,thomas11@example.org,+91-5654018692,India,Visakhapatnam,Silver,2017-06-29
9143,Nicholas,Hernandez,Other,madeline40@example.com,+91-2625916591,India,Kochi,Silver,2023-09-19
9144,Dominique,Wheeler,Female,donaldsondesiree@example.net,+91-2569652048,India,Hyderabad,Platinum,2023-07-13
9145,Monica,Suarez,Male,fthompson@example.org,+91-5016212757,India,Visakhapatnam,Silver,2021-12-26
9146,Jeremy,Hensley,Other,fostersierra@example.org,907.656.3395,Senegal,Sydney,Silver,2015-12-18
9147,Allison,Ford,Male,jeremiah66@example.net,+91-3251140252,India,Hyderabad,Bronze,2019-04-08
9148,Margaret,Wade,Male,vgentry@example.org,+91-8261551979,India,Visakhapatnam,Gold,2021-06-16
9149,Mark,Bell,Male,whenry@example.org,+91-97462285,India,Bangalore,Silver,2019-07-06
9150,William,Goodman,Male,johnsilva@example.org,+91-6065930890,India,Mysore,Bronze,2017-02-23
9151,Carlos,Thornton,Male,douglas87@example.net,001-921-906-6690,Mexico,Dubai,Silver,2022-03-15
9152,Jasmine,Townsend,Male,phillipskaren@example.com,(785)902-9440x1033,Cambodia,Los Angeles,Gold,2022-01-19
9153,Alfred,Ramirez,Other,florespatrick@example.com,+91-9495211474,India,Mysore,Gold,2024-06-20
9154,David,Mcpherson,Male,ugutierrez@example.org,+91-8868342024,India,Mysore,Gold,2021-02-06
9155,Hannah,Fitzgerald,Female,joannahull@example.net,+91-7046979713,India,Visakhapatnam,Bronze,2016-04-21
9156,Stephanie,Hernandez,Other,jennifer65@example.net,756.846.6160x34117,Saint Martin,Dubai,Gold,2018-08-23
9157,Crystal,Simpson,Female,egriffin@example.com,+91-8000446921,India,Chennai,Gold,2016-03-27
9158,Dylan,Adams,Female,thomas43@example.com,5097777623,Bahamas,Sydney,Bronze,2015-05-31
9159,Tyler,Cook,Male,jennifersoto@example.com,+91-386470315,India,Visakhapatnam,Silver,2020-05-28
9160,Natalie,Martinez,Other,michael09@example.org,+91-4349041159,India,Kochi,Silver,2017-11-25
9161,Joshua,Francis,Male,michelle75@example.com,001-805-737-9983x161,Congo,Paris,Gold,2024-03-25
9162,Timothy,Brooks,Other,christopher93@example.org,414.265.6146,French Southern Territories,Singapore,Gold,2019-03-11
9163,Cameron,Smith,Male,higginseric@example.org,+1-639-887-7586x46242,Malaysia,London,Platinum,2022-06-15
9164,Jessica,Williams,Other,deborahyates@example.com,+91-8452951030,India,Madurai,Silver,2025-01-26
9165,Jason,Scott,Male,jonathanalexander@example.net,+91-5691321541,India,Madurai,Bronze,2019-06-23
9166,William,Patterson,Other,autumn39@example.com,+91-8746683631,India,Coimbatore,Bronze,2023-09-29
9167,Cindy,Soto,Female,mcleanhaley@example.net,+91-714129698,India,Mysore,Platinum,2019-11-09
9168,Paul,Wright,Female,walkerjeffrey@example.net,737-841-8783x675,Guinea,Paris,Platinum,2023-11-21
9169,James,Dixon,Female,wedwards@example.com,+91-5216925288,India,Chennai,Bronze,2022-09-26
9170,Jason,Cooper,Female,pmiranda@example.org,441-761-9466x17951,Jersey,Toronto,Bronze,2023-11-21
9171,Seth,Moreno,Female,jonathonprice@example.net,+91-9464808653,India,Visakhapatnam,Silver,2024-02-04
9172,Theodore,Gonzalez,Female,meganfuentes@example.org,+91-5026279815,India,Chennai,Bronze,2019-10-12
9173,Cesar,Lee,Male,ethanzimmerman@example.com,+91-5792182433,India,Coimbatore,Bronze,2021-09-11
9174,Laura,Cannon,Other,michelle99@example.com,+91-6693631451,India,Visakhapatnam,Bronze,2024-08-03
9175,Donald,Ross,Female,larrysmith@example.com,275-879-3876,Iran,London,Bronze,2015-09-07
9176,Sean,Miller,Other,sherrypage@example.org,+91-1661082611,India,Chennai,Gold,2020-03-03
9177,John,Moore,Other,kristajohnson@example.com,+91-7608050634,India,Hyderabad,Bronze,2019-05-23
9178,Christine,Gray,Male,justincordova@example.net,+91-7313987066,India,Bangalore,Silver,2024-09-30
9179,Meredith,Arroyo,Female,yfisher@example.org,(550)892-5229x3190,Botswana,Toronto,Bronze,2018-01-06
9180,Erica,Gregory,Other,robert80@example.org,+91-1354478187,India,Hyderabad,Bronze,2020-10-23
9181,Debra,Miranda,Female,kgonzalez@example.com,+91-5773747486,India,Coimbatore,Silver,2022-11-03
9182,David,Hayes,Female,xward@example.com,676.624.6546,Ireland,Dubai,Bronze,2022-06-17
9183,David,English,Female,amandaphillips@example.org,+91-8786202175,India,Bangalore,Gold,2023-04-26
9184,Justin,Mcguire,Male,littleterry@example.org,+91-301428268,India,Kochi,Silver,2020-12-01
9185,Maureen,Fields,Female,lcameron@example.com,001-975-547-5267x5988,Thailand,Toronto,Gold,2016-07-01
9186,Jeffrey,Lee,Male,aford@example.net,+91-3246060806,India,Kochi,Bronze,2017-02-15
9187,Julie,Graham,Male,robert12@example.com,+91-7886765783,India,Kochi,Silver,2016-01-20
9188,Daniel,Lopez,Male,susangonzalez@example.com,+91-4022097238,India,Vijayawada,Bronze,2023-08-01
9189,Donna,Webb,Other,tlong@example.org,+91-9912361094,India,Kochi,Bronze,2017-08-29
9190,Christina,Fowler,Other,smithtimothy@example.org,+91-8388701253,India,Mysore,Bronze,2020-02-07
9191,Heather,Weaver,Other,ajohnson@example.org,+91-8593244621,India,Chennai,Silver,2017-12-05
9192,Adam,Richardson,Other,donnajuarez@example.com,(935)846-2973x3119,Vietnam,New York,Platinum,2015-10-28
9193,Jason,Hunter,Other,austin96@example.com,8759787138,Kyrgyz Republic,London,Silver,2021-10-20
9194,Gabriel,Frost,Male,gailwalker@example.com,+91-3352232545,India,Thiruvananthapuram,Silver,2024-08-01
9195,Lindsey,Brewer,Female,kendragarcia@example.com,+91-2702391931,India,Vijayawada,Gold,2017-01-13
9196,Ryan,Deleon,Male,amiles@example.net,+91-9566913802,India,Hyderabad,Bronze,2018-02-26
9197,Benjamin,Barnes,Female,lori01@example.com,+91-2119096827,India,Visakhapatnam,Bronze,2022-04-09
9198,Daniel,Newton,Other,jonesjessica@example.net,(367)976-8607x1985,Andorra,Dubai,Bronze,2015-09-30
9199,Mark,Thompson,Female,dwayne66@example.org,+1-647-623-3303,Zambia,Paris,Bronze,2021-10-29
9200,Mark,Franklin,Male,alexanderlisa@example.net,+91-5839146432,India,Thiruvananthapuram,Bronze,2019-11-29
9201,Allen,Miles,Female,benjamin05@example.com,+91-3543216294,India,Bangalore,Gold,2019-07-29
9202,Laura,Drake,Male,mike10@example.net,001-252-885-9586x53348,Sao Tome and Principe,Paris,Silver,2020-02-18
9203,Andrew,Mitchell,Male,michelelee@example.org,881-645-7676x06001,Djibouti,New York,Silver,2016-07-20
9204,Sarah,Stone,Male,sromero@example.com,+91-604678560,India,Madurai,Silver,2015-09-05
9205,Anna,Davis,Male,bliu@example.net,+91-5902587984,India,Kochi,Platinum,2019-10-11
9206,Angela,Reed,Other,darylboyd@example.com,+91-4739664142,India,Coimbatore,Silver,2025-03-25
9207,Jessica,Watkins,Female,virginiaarmstrong@example.net,+91-6005655509,India,Mysore,Bronze,2019-02-02
9208,Matthew,Bell,Other,alexanderwalker@example.org,+91-4604043750,India,Hyderabad,Silver,2018-10-05
9209,Allen,Perez,Female,sshepherd@example.net,+91-2795019014,India,Madurai,Bronze,2018-09-26
9210,Blake,Parsons,Other,ehardin@example.com,+91-8988680744,India,Madurai,Platinum,2016-06-27
9211,Brenda,Phelps,Female,jessicastewart@example.org,+91-5676724683,India,Visakhapatnam,Silver,2016-09-27
9212,Laurie,Beltran,Other,djenkins@example.org,+91-4251555359,India,Kochi,Gold,2017-02-26
9213,Chad,Allen,Female,asmith@example.org,+91-6220324181,India,Thiruvananthapuram,Bronze,2024-01-28
9214,Tamara,Perry,Female,chanjames@example.org,+91-8450947524,India,Chennai,Gold,2023-06-26
9215,James,Moore,Male,jonathon17@example.org,+91-6843107859,India,Vijayawada,Bronze,2018-03-27
9216,Lisa,Gallagher,Female,stephanie32@example.org,+1-956-908-7566x601,Hungary,Singapore,Silver,2017-09-29
9217,Todd,Kennedy,Male,sotomelissa@example.com,+91-20913324,India,Kochi,Silver,2019-08-20
9218,Charles,Contreras,Other,fbrennan@example.org,+91-1799164738,India,Thiruvananthapuram,Platinum,2022-04-02
9219,Deborah,White,Other,barbarabrown@example.org,+91-6685007312,India,Bangalore,Bronze,2023-01-08
9220,Valerie,Flores,Other,qwalker@example.net,+91-6780256566,India,Visakhapatnam,Silver,2018-02-03
9221,Christina,Rosales,Male,kimberly27@example.net,+91-2496521644,India,Bangalore,Bronze,2024-02-16
9222,Jeff,Miller,Female,chelseaklein@example.org,+91-9237740321,India,Coimbatore,Bronze,2025-02-01
9223,Michelle,Mullins,Other,calvinharrell@example.org,+91-8528351829,India,Vijayawada,Gold,2018-10-22
9224,Phillip,White,Other,amandapena@example.org,+91-4043581104,India,Coimbatore,Silver,2022-12-13
9225,William,Wilson,Male,toddford@example.com,001-255-227-6487,Tunisia,Paris,Gold,2021-01-14
9226,Christine,Hughes,Other,robertgomez@example.net,+91-4938611262,India,Bangalore,Bronze,2024-10-31
9227,Cory,Vasquez,Male,mooreelizabeth@example.com,+91-980029815,India,Mysore,Bronze,2017-09-11
9228,Rita,Perkins,Male,dawn68@example.org,402.430.0234,Nepal,Toronto,Bronze,2017-04-16
9229,Veronica,Patel,Female,mooneyashley@example.net,+91-9899532455,India,Coimbatore,Gold,2017-11-03
9230,Richard,Garcia,Other,collieralfred@example.org,+91-5315259005,India,Visakhapatnam,Bronze,2022-06-29
9231,Erin,Patrick,Male,stephanie85@example.com,+91-440089475,India,Coimbatore,Silver,2022-02-04
9232,Robert,Cooper,Male,jamesbrown@example.org,+91-6924515484,India,Vijayawada,Bronze,2015-06-21
9233,Rodney,Parsons,Female,yjohnson@example.org,001-760-926-7698x9911,Syrian Arab Republic,London,Bronze,2021-09-16
9234,Sean,Nicholson,Male,abutler@example.org,+91-6121018908,India,Kochi,Gold,2021-05-15
9235,John,Manning,Male,stacie57@example.com,+91-8080687217,India,Visakhapatnam,Bronze,2024-08-03
9236,Toni,Flores,Female,james29@example.org,+91-8916270902,India,Chennai,Silver,2017-01-23
9237,Jamie,Kirk,Male,christine93@example.org,+91-612465562,India,Thiruvananthapuram,Gold,2017-09-23
9238,Elizabeth,Warner,Female,andrew03@example.org,+91-1041474354,India,Kochi,Silver,2023-10-26
9239,Valerie,Montgomery,Other,jessica97@example.net,+91-5221401673,India,Chennai,Bronze,2015-08-12
9240,Kimberly,Miles,Other,charlesrivers@example.net,001-691-513-1290x8807,Cayman Islands,New York,Gold,2020-06-03
9241,Amanda,Collins,Other,moonkara@example.net,+91-2488492342,India,Bangalore,Bronze,2020-08-10
9242,Amy,Rodriguez,Female,samantha95@example.net,+91-2206498155,India,Hyderabad,Silver,2016-06-20
9243,Alan,Williams,Male,ldougherty@example.com,+91-1695802381,India,Coimbatore,Bronze,2023-12-28
9244,Tammy,James,Male,cassidymalone@example.net,+91-8104327839,India,Hyderabad,Silver,2025-03-16
9245,Jennifer,Cunningham,Female,acostajames@example.com,+91-8981442962,India,Vijayawada,Bronze,2016-03-04
9246,Victoria,Walker,Female,heidiwilliams@example.org,+91-1265836447,India,Kochi,Silver,2024-10-15
9247,Gabrielle,Perry,Other,theresacontreras@example.com,+91-1219589816,India,Madurai,Gold,2024-10-19
9248,Aaron,Frank,Female,nwilson@example.org,+91-6755494377,India,Visakhapatnam,Silver,2023-12-31
9249,Jennifer,Webb,Male,wleon@example.net,+91-8790164405,India,Kochi,Bronze,2024-04-20
9250,John,Poole,Other,zgraham@example.com,+91-8034964564,India,Visakhapatnam,Gold,2018-12-09
9251,Matthew,Moran,Male,lvalentine@example.org,+91-9370563825,India,Chennai,Platinum,2018-05-16
9252,Rodney,Sandoval,Male,welchmark@example.com,+91-6210187138,India,Visakhapatnam,Bronze,2022-09-13
9253,Kurt,Moore,Female,grimesgary@example.com,+91-8691811170,India,Visakhapatnam,Bronze,2023-05-08
9254,Steven,Maddox,Other,walkermelissa@example.org,+91-9544764925,India,Mysore,Gold,2016-02-15
9255,Caroline,Sparks,Female,dvasquez@example.org,+91-1876929190,India,Kochi,Silver,2018-01-27
9256,Jennifer,Wang,Other,vroy@example.com,+91-2353124316,India,Visakhapatnam,Bronze,2018-01-27
9257,Joshua,Simmons,Female,robin19@example.net,+1-709-204-5089x76981,Bolivia,London,Bronze,2017-01-17
9258,Matthew,Hobbs,Female,xhardy@example.net,+91-2898871895,India,Vijayawada,Gold,2020-06-24
9259,Jon,Roberts,Male,briannabray@example.net,+91-1977161920,India,Vijayawada,Bronze,2016-12-01
9260,Patrick,Wilson,Female,hunterjuan@example.org,+91-7342069749,India,Hyderabad,Bronze,2018-09-18
9261,Daniel,Figueroa,Male,alexis27@example.net,267-914-5942x674,Tunisia,Los Angeles,Gold,2017-06-05
9262,Julia,Smith,Male,adam39@example.com,581.665.5383x488,Svalbard & Jan Mayen Islands,Dubai,Gold,2024-03-29
9263,Eric,Miller,Male,rjohnson@example.org,+91-5443302640,India,Mysore,Silver,2015-11-05
9264,Amanda,Castro,Male,sharpwendy@example.com,+91-7052644784,India,Vijayawada,Bronze,2019-12-30
9265,Sarah,Fisher,Other,melissathompson@example.net,+91-231277845,India,Hyderabad,Bronze,2016-02-24
9266,Michael,Davis,Male,drew00@example.net,+91-5157115574,India,Kochi,Gold,2022-03-30
9267,John,Shah,Male,lauradunn@example.org,+91-4207503317,India,Hyderabad,Bronze,2021-07-05
9268,Erica,Scott,Male,alexanderjonathan@example.net,+91-5325240479,India,Bangalore,Gold,2025-02-11
9269,Trevor,Glenn,Female,elizabeth65@example.net,+91-5045939663,India,Madurai,Platinum,2017-02-21
9270,Kenneth,Reynolds,Other,hartmanrobert@example.org,5619401511,Korea,Singapore,Bronze,2019-12-14
9271,James,Harper,Female,james28@example.com,+91-7426373948,India,Visakhapatnam,Bronze,2015-11-24
9272,Jamie,Dunn,Other,taylorwalters@example.net,+91-2975971558,India,Mysore,Platinum,2016-08-05
9273,Danny,Randolph,Male,ravery@example.org,881-301-5529,Isle of Man,Berlin,Bronze,2015-07-22
9274,Brenda,Miranda,Male,joseph50@example.com,(630)581-9492x080,Martinique,London,Bronze,2018-08-03
9275,Derek,Guzman,Male,melissawilliams@example.net,+91-6411993085,India,Vijayawada,Platinum,2015-10-18
9276,James,Hopkins,Male,cody45@example.com,+91-1739907002,India,Visakhapatnam,Bronze,2023-09-19
9277,Henry,Santos,Other,blakemcdonald@example.org,+91-6219201219,India,Thiruvananthapuram,Gold,2015-07-12
9278,John,Johnson,Other,fisherbilly@example.net,+91-5722003972,India,Kochi,Silver,2020-10-21
9279,Chelsea,Zhang,Female,lmiller@example.org,+91-7561840137,India,Kochi,Gold,2024-06-09
9280,David,Barrett,Female,smoore@example.org,+91-68773197,India,Madurai,Platinum,2019-02-13
9281,Andrea,Aguilar,Male,ramirezspencer@example.com,+91-9379607222,India,Vijayawada,Bronze,2018-10-20
9282,Bradley,Castillo,Female,ralph21@example.net,+91-8877540684,India,Kochi,Silver,2019-01-20
9283,Monica,Sanders,Other,christopher56@example.net,+91-8932232868,India,Kochi,Silver,2020-05-19
9284,Robert,Carter,Other,fwarner@example.com,+91-8708883415,India,Visakhapatnam,Silver,2018-12-07
9285,Nicholas,Santiago,Female,ericlawson@example.com,+91-5808513721,India,Madurai,Bronze,2021-03-25
9286,Kristy,Acosta,Male,nicolesmith@example.net,+91-2575333992,India,Madurai,Gold,2019-05-08
9287,Karen,Waters,Male,christiefigueroa@example.net,+91-7896953678,India,Mysore,Gold,2020-10-22
9288,Jennifer,Wong,Other,qgoodwin@example.org,+91-768869893,India,Thiruvananthapuram,Gold,2023-07-01
9289,Christopher,Kirby,Other,sarah05@example.org,+91-3055216776,India,Chennai,Bronze,2022-09-01
9290,Brian,Martin,Male,ramirezdavid@example.com,001-899-947-1916x061,Slovenia,Paris,Gold,2016-03-05
9291,Richard,Marshall,Other,smithbecky@example.org,+91-4608937114,India,Thiruvananthapuram,Bronze,2019-11-07
9292,Thomas,Brown,Other,mcleanallison@example.com,+91-4398542690,India,Hyderabad,Bronze,2021-01-09
9293,Patricia,Green,Female,rebecca96@example.net,938.486.7763x79897,Comoros,London,Bronze,2019-05-23
9294,Jenna,Bennett,Other,lisa07@example.net,+91-547844114,India,Visakhapatnam,Silver,2020-03-29
9295,Austin,Beard,Female,roger22@example.org,+91-2583162708,India,Hyderabad,Silver,2018-08-25
9296,Crystal,Harris,Female,qsampson@example.com,+91-6278466268,India,Thiruvananthapuram,Bronze,2017-06-21
9297,Jeffrey,Mccoy,Other,kbarnes@example.org,+91-2756790178,India,Kochi,Bronze,2016-10-17
9298,William,Green,Other,kgarcia@example.org,+91-8926218221,India,Mysore,Bronze,2016-09-02
9299,Larry,Warren,Female,jrivera@example.com,+91-9998905964,India,Coimbatore,Gold,2022-02-15
9300,David,Olson,Male,contreraschristopher@example.com,+91-1863126703,India,Hyderabad,Gold,2021-12-09
9301,Carlos,Gonzalez,Male,taylorcurtis@example.net,+91-9096609450,India,Mysore,Silver,2019-09-21
9302,Joshua,Wilson,Other,thopkins@example.com,+91-2940917069,India,Visakhapatnam,Platinum,2022-09-10
9303,Christopher,Olson,Other,michael94@example.com,+91-4719873514,India,Kochi,Gold,2023-06-28
9304,Jerry,Cortez,Male,chanmary@example.com,+1-745-461-1217,Indonesia,Singapore,Bronze,2024-07-20
9305,Jeremiah,Johnson,Female,daltonchristopher@example.net,+91-6521266608,India,Coimbatore,Bronze,2016-01-03
9306,Nicholas,Clark,Male,olopez@example.net,+91-3493363317,India,Vijayawada,Platinum,2016-04-02
9307,Kimberly,Smith,Female,dwaller@example.net,+91-919555598,India,Chennai,Platinum,2018-12-05
9308,Jessica,Riley,Female,diazemily@example.org,+91-381112408,India,Chennai,Silver,2021-10-14
9309,Danielle,Norman,Male,millercorey@example.com,+91-1738299527,India,Vijayawada,Bronze,2019-09-27
9310,Kelly,Klein,Female,fbryant@example.net,312-383-6326,Italy,Toronto,Gold,2018-05-24
9311,Susan,Cameron,Female,ymurillo@example.org,+91-5124060407,India,Chennai,Bronze,2020-07-16
9312,Cynthia,Fernandez,Other,gardnerjames@example.org,949-247-1983x335,Saudi Arabia,Toronto,Gold,2018-01-02
9313,Amy,Howard,Male,ruizjason@example.net,+91-106326582,India,Chennai,Silver,2025-01-15
9314,Margaret,Harris,Other,jamesnicholas@example.com,(823)258-7031x81822,Sudan,New York,Gold,2020-05-06
9315,Ernest,Andrade,Male,michael40@example.net,621.706.5171,Oman,Tokyo,Silver,2015-08-14
9316,Brian,Warren,Male,jonathan11@example.net,+91-3040368402,India,Hyderabad,Bronze,2022-08-06
9317,Stephanie,Mccarty,Female,ghamilton@example.net,+91-3884670517,India,Coimbatore,Bronze,2016-03-18
9318,Patricia,Fields,Male,edwardsmith@example.org,+91-2971700299,India,Coimbatore,Silver,2023-05-28
9319,Jessica,Matthews,Other,barkernicole@example.com,+91-660637927,India,Mysore,Platinum,2024-11-25
9320,Brian,Mendoza,Male,ghicks@example.org,+91-404406495,India,Bangalore,Gold,2018-07-05
9321,Kevin,Freeman,Female,hpope@example.com,486.595.8807,Saint Pierre and Miquelon,Berlin,Bronze,2021-05-23
9322,Theresa,Hill,Male,kim04@example.net,854-236-9013,Guernsey,Los Angeles,Platinum,2017-11-28
9323,William,Nichols,Male,anthonydean@example.org,+91-773317308,India,Hyderabad,Gold,2020-11-23
9324,Ruben,Burton,Other,jessicaturner@example.com,+91-9742029451,India,Kochi,Platinum,2016-11-08
9325,Elizabeth,Herrera,Female,valerie28@example.net,+91-6731066631,India,Hyderabad,Bronze,2019-10-12
9326,Stephanie,Eaton,Female,pprice@example.net,(611)520-0222x6117,Mozambique,Los Angeles,Silver,2018-10-31
9327,Zachary,Davis,Male,usimmons@example.org,+91-8526102732,India,Vijayawada,Gold,2024-04-22
9328,Nicole,Jones,Female,caitlinboyd@example.org,+91-7398703815,India,Madurai,Silver,2016-06-30
9329,Susan,Brooks,Other,dennis08@example.org,762-413-9522,Tanzania,Berlin,Silver,2017-09-01
9330,Brian,Reid,Other,rebecca42@example.net,+91-6312656751,India,Hyderabad,Platinum,2016-06-29
9331,Richard,Ward,Other,kevin45@example.com,+91-652045754,India,Madurai,Silver,2019-05-28
9332,Scott,Henson,Female,lvang@example.net,+91-2006418112,India,Visakhapatnam,Bronze,2021-03-05
9333,Tina,Malone,Other,greeneleonard@example.net,+91-2395147907,India,Kochi,Silver,2015-06-04
9334,Richard,Woodard,Female,amandagonzalez@example.net,+91-1441962722,India,Thiruvananthapuram,Silver,2021-06-28
9335,Alexis,Baxter,Male,julie60@example.com,+91-3624211742,India,Bangalore,Bronze,2024-11-11
9336,Amanda,Kim,Male,mcarpenter@example.net,+1-896-496-9174x663,Croatia,Los Angeles,Silver,2018-08-12
9337,Joan,Hunter,Female,tatenicholas@example.com,+91-593225326,India,Mysore,Silver,2022-06-25
9338,Kelly,Jones,Female,fcampbell@example.org,+91-1955604128,India,Chennai,Bronze,2015-09-19
9339,Timothy,Luna,Female,david83@example.com,+91-4276787397,India,Bangalore,Gold,2020-05-29
9340,Michael,Villa,Male,jose28@example.com,+91-7322611442,India,Bangalore,Gold,2022-03-09
9341,Luke,Sanders,Male,fullerstefanie@example.net,+91-1151486570,India,Kochi,Gold,2016-04-01
9342,Joshua,Turner,Female,holmeserin@example.com,+91-3556380345,India,Madurai,Silver,2016-03-22
9343,Alexandra,Smith,Male,jimmy55@example.com,+91-1833799298,India,Hyderabad,Bronze,2021-07-23
9344,Christina,Wolf,Other,annettecamacho@example.org,+91-5043521506,India,Thiruvananthapuram,Silver,2024-12-31
9345,Connie,Wilson,Other,granttammy@example.net,+91-9324358710,India,Madurai,Silver,2017-01-05
9346,Lindsey,Ruiz,Male,mford@example.com,+91-5986696172,India,Visakhapatnam,Gold,2017-10-26
9347,Noah,Mckenzie,Other,vanganita@example.org,+91-8694269296,India,Coimbatore,Silver,2017-08-01
9348,Jeremy,Ellis,Female,jenniferlee@example.net,641-332-2903,Denmark,London,Bronze,2019-04-21
9349,Martin,Gray,Other,ashley89@example.com,+91-877666601,India,Thiruvananthapuram,Silver,2019-01-22
9350,Amanda,Brown,Female,johnsoncharles@example.net,+91-2006748859,India,Mysore,Platinum,2017-10-08
9351,Jessica,Ryan,Other,thomasaustin@example.org,+91-9919638652,India,Visakhapatnam,Bronze,2020-09-15
9352,Brandi,Higgins,Male,james43@example.org,+91-7767309962,India,Hyderabad,Gold,2020-01-01
9353,Mario,Carpenter,Other,wburton@example.org,+91-2429089454,India,Bangalore,Silver,2016-04-29
9354,Natasha,Conley,Other,milesstephen@example.net,+91-4241391752,India,Visakhapatnam,Gold,2025-02-20
9355,Jacob,Jones,Female,johnsonvincent@example.org,+91-7752374895,India,Bangalore,Gold,2015-07-18
9356,Lori,Collins,Male,russell02@example.org,+91-8223530373,India,Bangalore,Bronze,2018-01-25
9357,Priscilla,Rodriguez,Female,xmiller@example.com,+91-8142872983,India,Thiruvananthapuram,Platinum,2021-09-25
9358,Robert,Johnson,Other,cisnerosalex@example.com,+91-8568391731,India,Mysore,Bronze,2022-12-03
9359,Christine,Meyer,Other,gbrown@example.org,617.599.5404x746,Holy See (Vatican City State),Dubai,Bronze,2018-03-08
9360,Pam,Foster,Female,deanchristine@example.com,+91-2882454089,India,Madurai,Gold,2016-02-06
9361,Deborah,Johnson,Other,leonangela@example.com,+91-4759755007,India,Mysore,Bronze,2016-09-27
9362,Sean,Lester,Female,mckenzie68@example.net,+91-5232802252,India,Chennai,Silver,2021-06-02
9363,Raymond,Hansen,Male,anthonyparker@example.net,+91-3336608814,India,Hyderabad,Silver,2019-04-18
9364,Edward,Fischer,Female,pricediane@example.org,+91-8423523513,India,Bangalore,Gold,2016-06-14
9365,Brian,Castro,Other,davistracy@example.org,+91-7368498732,India,Coimbatore,Bronze,2024-04-01
9366,Christopher,Summers,Female,michael97@example.org,683.508.2998x93533,Liechtenstein,Toronto,Bronze,2020-12-28
9367,Jennifer,White,Male,derek99@example.net,+91-9469302786,India,Bangalore,Silver,2018-06-04
9368,Phillip,Ellis,Female,scottduncan@example.net,+91-6850274650,India,Hyderabad,Silver,2021-01-06
9369,Marcus,Davis,Male,suzannebenson@example.com,678.572.7055x83161,Philippines,Toronto,Platinum,2015-05-14
9370,Kathleen,Fitzgerald,Female,lgonzalez@example.com,+91-6519833709,India,Kochi,Silver,2024-01-23
9371,Michael,Massey,Other,blackamanda@example.com,001-318-249-0224x269,Tokelau,Berlin,Silver,2018-10-03
9372,Richard,Harrison,Male,michaelwalker@example.com,+1-502-311-4480x2595,Djibouti,Dubai,Platinum,2015-11-11
9373,Carl,Mccoy,Female,shawn05@example.net,526-567-8883x261,Antigua and Barbuda,Sydney,Silver,2017-02-25
9374,Andrew,Bernard,Other,devon29@example.org,+91-3791082191,India,Vijayawada,Platinum,2017-02-18
9375,Thomas,Smith,Female,lisahill@example.org,(262)407-0545x59259,Sierra Leone,Singapore,Bronze,2022-05-31
9376,Joshua,Williams,Male,andersonsydney@example.net,+91-1006144383,India,Chennai,Silver,2018-05-13
9377,Laura,Miller,Other,rosariolaura@example.com,+91-4767572486,India,Madurai,Gold,2023-01-30
9378,Robert,Alvarado,Male,audreyrodriguez@example.net,+91-6117888617,India,Kochi,Bronze,2016-01-03
9379,Christina,Holmes,Male,jennifersummers@example.org,+91-2509941837,India,Coimbatore,Gold,2016-10-05
9380,Madison,Garcia,Female,michaelbanks@example.com,+91-2473587123,India,Thiruvananthapuram,Gold,2016-10-08
9381,Andrew,Zimmerman,Other,kho@example.net,+91-1310731187,India,Hyderabad,Bronze,2018-11-06
9382,Danielle,Smith,Other,vdelgado@example.org,+91-7898328128,India,Visakhapatnam,Silver,2020-11-05
9383,Kelly,Butler,Female,yjones@example.com,772-996-4158,Jordan,New York,Bronze,2015-05-19
9384,Jennifer,Smith,Other,kennedyjasmine@example.com,(268)774-4056x2188,Grenada,Singapore,Bronze,2019-08-20
9385,Patricia,Torres,Male,markwalker@example.com,+91-69563,India,Bangalore,Bronze,2023-05-02
9386,Ashley,Pittman,Other,johnreese@example.org,569-870-2416,Georgia,Toronto,Bronze,2019-05-23
9387,James,Estrada,Other,michaelbentley@example.net,+91-3124576979,India,Visakhapatnam,Bronze,2024-06-12
9388,Amanda,Fisher,Female,moorejoseph@example.org,+91-6227952484,India,Coimbatore,Bronze,2024-05-03
9389,April,Zuniga,Male,mnguyen@example.org,+91-648234524,India,Coimbatore,Silver,2021-03-23
9390,Tina,Smith,Male,johnthompson@example.com,+91-5899724845,India,Visakhapatnam,Platinum,2017-04-13
9391,Matthew,Klein,Male,david23@example.com,+91-897696292,India,Bangalore,Silver,2017-11-01
9392,Kathleen,Dougherty,Other,brownamy@example.net,+91-8459085201,India,Mysore,Bronze,2022-12-16
9393,James,Jones,Female,richardsonchristina@example.net,+91-2165810125,India,Vijayawada,Silver,2024-06-25
9394,Tiffany,Hopkins,Female,vasquezdanielle@example.org,+91-4374116783,India,Hyderabad,Bronze,2022-05-30
9395,Phyllis,Thomas,Other,njohnson@example.org,+91-6009889673,India,Mysore,Silver,2021-10-11
9396,Cody,Khan,Male,amy87@example.org,+91-1509595532,India,Chennai,Platinum,2023-06-22
9397,Annette,Guzman,Female,ebridges@example.com,+91-5864464173,India,Madurai,Bronze,2018-11-20
9398,Brenda,Alexander,Male,herreraangela@example.com,243-762-0127,United States of America,Singapore,Silver,2022-04-19
9399,Jodi,Gilmore,Female,audrey33@example.net,+91-8283825742,India,Bangalore,Bronze,2024-11-02
9400,Michelle,Williams,Other,longsamantha@example.com,+91-5003062908,India,Bangalore,Bronze,2015-10-02
9401,Thomas,Flores,Other,williamsaustin@example.com,+91-2191305979,India,Coimbatore,Gold,2018-09-13
9402,Tracy,Gaines,Male,sandra46@example.com,+91-4607630161,India,Coimbatore,Platinum,2016-07-07
9403,Shelly,Harris,Male,cthompson@example.com,+1-956-823-8163,Burkina Faso,Singapore,Bronze,2022-05-09
9404,Christina,Ray,Female,jessica10@example.com,+91-955715382,India,Kochi,Gold,2022-06-27
9405,Jeremy,Francis,Female,hoffmankatherine@example.org,001-526-486-7659x903,American Samoa,Berlin,Platinum,2022-07-13
9406,Joshua,Burton,Other,cherylthompson@example.com,835-576-0316,Nepal,Los Angeles,Gold,2018-03-14
9407,Angela,Blevins,Other,cindy12@example.com,+91-7069772739,India,Kochi,Silver,2022-12-13
9408,Todd,Wolfe,Female,john89@example.org,+91-2304344188,India,Thiruvananthapuram,Gold,2018-02-12
9409,Joshua,Bennett,Female,melissa30@example.org,+91-8705251594,India,Vijayawada,Silver,2024-08-30
9410,Jose,Le,Male,santoslogan@example.org,+91-2598234826,India,Visakhapatnam,Bronze,2021-07-17
9411,Kelli,Poole,Other,janet77@example.org,+91-1847462208,India,Madurai,Platinum,2018-12-10
9412,Phillip,Price,Male,garciamichelle@example.org,001-728-903-8668x932,Suriname,New York,Bronze,2015-07-16
9413,Bryan,Benitez,Male,georgeclarke@example.org,+91-513616474,India,Bangalore,Gold,2022-07-09
9414,Hannah,Hansen,Other,calhoungregory@example.org,+91-173163420,India,Bangalore,Gold,2017-11-02
9415,Elizabeth,Parks,Female,patriciacook@example.org,526-643-8359x11643,Syrian Arab Republic,Toronto,Gold,2024-07-26
9416,John,Rodriguez,Female,danielsbrendan@example.net,872.954.9135x876,Brazil,Sydney,Bronze,2021-09-07
9417,Stacy,Smith,Male,dhill@example.net,+91-3883306965,India,Thiruvananthapuram,Bronze,2019-02-06
9418,Renee,Henry,Other,nashkevin@example.org,+91-5440947898,India,Madurai,Gold,2020-01-13
9419,Natalie,Singh,Female,ryan53@example.com,+91-7776057437,India,Kochi,Bronze,2023-05-11
9420,Gabriel,Flores,Male,garrett17@example.org,+91-5216064444,India,Madurai,Silver,2024-01-26
9421,Jose,Benton,Female,ftran@example.com,+91-7313050630,India,Madurai,Bronze,2024-02-16
9422,John,Maxwell,Other,williamsjeffrey@example.com,+91-2790796824,India,Bangalore,Bronze,2018-04-18
9423,Aaron,Mckinney,Female,jennifer91@example.net,+91-2883473259,India,Coimbatore,Silver,2018-02-22
9424,Pamela,Soto,Other,michaeltorres@example.com,+91-8966165471,India,Kochi,Silver,2022-01-26
9425,Christopher,White,Female,bsmith@example.com,+91-2822627147,India,Vijayawada,Bronze,2015-11-09
9426,Jennifer,Jones,Male,sparkspeter@example.org,+91-7948387751,India,Thiruvananthapuram,Platinum,2017-03-29
9427,Brian,Smith,Other,theresa73@example.com,+91-3839819830,India,Bangalore,Bronze,2020-01-29
9428,Christopher,Olson,Other,joshuaryan@example.net,+91-3925303125,India,Hyderabad,Silver,2021-02-18
9429,Randy,Miller,Male,robinsonwilliam@example.org,(473)346-8943x9010,Saint Helena,Los Angeles,Bronze,2021-03-11
9430,Lucas,Hicks,Male,bradygabrielle@example.net,+91-9493592229,India,Bangalore,Bronze,2016-02-14
9431,Lisa,Johnson,Male,sarahwong@example.com,+91-3373225630,India,Hyderabad,Silver,2024-11-06
9432,Thomas,Aguilar,Female,brian65@example.com,+1-706-477-5033x87583,Dominican Republic,Dubai,Gold,2016-02-08
9433,Evelyn,Marshall,Female,kevinwillis@example.org,+91-6205818405,India,Visakhapatnam,Bronze,2021-04-25
9434,Jill,White,Female,wendybowers@example.org,+1-322-456-1040x716,Chile,Tokyo,Bronze,2022-05-16
9435,Sara,Singleton,Other,christopher68@example.org,+91-2257952918,India,Coimbatore,Bronze,2016-03-09
9436,Brendan,Clark,Male,butlercrystal@example.com,+91-9400815712,India,Chennai,Silver,2023-05-21
9437,Stephanie,Howard,Other,petershaw@example.com,985-519-6555,United Arab Emirates,Tokyo,Bronze,2016-04-24
9438,Monica,Gregory,Female,angelameyer@example.org,+91-3937731555,India,Coimbatore,Gold,2025-02-21
9439,William,Walker,Male,gary14@example.net,+91-6516243384,India,Hyderabad,Gold,2021-03-12
9440,Darrell,Riley,Female,samantha02@example.net,+91-7409344994,India,Madurai,Bronze,2017-05-26
9441,Darrell,Hill,Other,kellywhite@example.net,+91-562316275,India,Bangalore,Gold,2019-01-18
9442,Alisha,Bailey,Other,nfranklin@example.com,+91-5347173192,India,Coimbatore,Silver,2015-12-19
9443,Scott,Mathis,Female,ygarza@example.org,857-884-6100x546,Moldova,Los Angeles,Bronze,2024-02-05
9444,Carrie,Mejia,Other,lori54@example.net,(547)310-9008x054,Tuvalu,Singapore,Bronze,2022-02-03
9445,Henry,Aguirre,Female,mccannchristy@example.org,656-396-3814,Paraguay,Tokyo,Bronze,2019-05-27
9446,Jonathan,Smith,Female,margaretmyers@example.net,+91-9751659529,India,Chennai,Silver,2021-10-11
9447,Andrew,Johnson,Female,lewissandra@example.net,+91-5990087176,India,Hyderabad,Platinum,2025-03-03
9448,Gregory,Sellers,Other,yvette65@example.net,+91-3238512976,India,Hyderabad,Silver,2022-10-21
9449,Alan,Lee,Other,villegasmichael@example.net,+1-665-831-0067x258,Cocos (Keeling) Islands,Sydney,Silver,2020-04-19
9450,Christopher,Delacruz,Female,jonesfrances@example.com,+91-2645898258,India,Madurai,Silver,2023-04-08
9451,Jose,White,Other,jillaguilar@example.org,+91-7889511126,India,Thiruvananthapuram,Bronze,2024-10-13
9452,Heather,Freeman,Male,javierwood@example.org,+91-2698285235,India,Vijayawada,Bronze,2019-04-06
9453,Dana,Carroll,Male,iortiz@example.org,+91-5058499848,India,Hyderabad,Platinum,2025-02-24
9454,Keith,Ali,Female,rhondahughes@example.net,+91-5817451358,India,Vijayawada,Silver,2024-02-17
9455,Michael,Scott,Female,vincentfrederick@example.net,439-962-1639,Dominican Republic,New York,Bronze,2019-06-23
9456,Martin,Medina,Male,alanschneider@example.org,+91-6408633649,India,Vijayawada,Gold,2019-08-30
9457,Angela,Christensen,Male,riggsdavid@example.org,+91-1236174277,India,Chennai,Bronze,2020-05-30
9458,Alan,Powell,Male,brianna77@example.com,+91-4153932215,India,Vijayawada,Bronze,2016-06-26
9459,Timothy,Potter,Other,cboone@example.com,+91-8254631574,India,Hyderabad,Gold,2021-06-22
9460,Gerald,Carter,Male,bruce40@example.org,+91-1936872212,India,Madurai,Bronze,2019-12-05
9461,Amanda,Knapp,Female,brandonhenderson@example.org,+91-8220210976,India,Bangalore,Silver,2019-01-03
9462,Carrie,Alexander,Male,cranedavid@example.com,+91-4882474717,India,Coimbatore,Silver,2025-01-17
9463,Melinda,Avila,Male,jacksonheidi@example.com,+91-2186764109,India,Hyderabad,Silver,2018-12-19
9464,James,Santana,Male,megan43@example.org,(889)389-0715,Rwanda,Singapore,Bronze,2018-03-24
9465,Sharon,Owens,Female,randy61@example.org,+91-1898468192,India,Vijayawada,Silver,2017-12-19
9466,Tara,Jordan,Male,jennifermiller@example.com,+91-7721807056,India,Hyderabad,Gold,2016-11-19
9467,Tyler,Ramirez,Female,bjackson@example.com,+91-8979001521,India,Thiruvananthapuram,Bronze,2019-11-18
9468,Lydia,Navarro,Female,rtorres@example.com,(248)989-6854x8493,Oman,Dubai,Bronze,2019-02-06
9469,Marc,Lawrence,Female,gibbsjoshua@example.com,+91-6638646814,India,Chennai,Silver,2021-09-08
9470,Michele,Cooper,Male,ethan72@example.org,+91-3818277906,India,Madurai,Bronze,2016-12-02
9471,Paul,Long,Female,timothygarner@example.org,001-292-540-8664x838,Sweden,Sydney,Bronze,2024-03-03
9472,Scott,Rubio,Male,david28@example.com,+91-7827784658,India,Kochi,Bronze,2023-03-08
9473,Angela,Beck,Other,gonzalezdennis@example.com,+91-290135442,India,Vijayawada,Bronze,2020-10-24
9474,Mark,Banks,Other,oscar61@example.org,+91-1536427859,India,Madurai,Platinum,2023-10-12
9475,David,Ryan,Other,tmoreno@example.com,+91-7267104279,India,Hyderabad,Bronze,2018-07-01
9476,Richard,Mathis,Other,ckane@example.org,+91-7559012700,India,Vijayawada,Silver,2022-03-29
9477,John,Lynch,Male,berickson@example.com,+91-1406040751,India,Vijayawada,Bronze,2024-04-09
9478,Robert,Owens,Male,melissa49@example.net,+91-2418008929,India,Madurai,Gold,2024-11-07
9479,Alexandra,Perkins,Male,ryanlewis@example.org,(742)505-5731,Guinea-Bissau,Los Angeles,Gold,2020-04-30
9480,Angela,Lang,Female,williamserin@example.org,+91-6074218437,India,Thiruvananthapuram,Silver,2022-11-12
9481,Antonio,Scott,Other,ashley13@example.com,+91-636017002,India,Hyderabad,Silver,2020-09-26
9482,Noah,Hawkins,Other,bortega@example.org,+91-6334391390,India,Kochi,Silver,2022-10-20
9483,Justin,Gray,Other,jonesmichael@example.net,+91-567434497,India,Madurai,Gold,2019-09-20
9484,Timothy,Burns,Female,wwilliams@example.com,+91-5422479621,India,Coimbatore,Bronze,2018-12-09
9485,Grant,Nelson,Male,gabriellagonzalez@example.net,+1-887-994-4650x9256,Bahrain,Toronto,Bronze,2019-05-11
9486,Stephen,Gallagher,Male,charles62@example.net,+91-4996837374,India,Chennai,Silver,2019-07-30
9487,Ronald,Simmons,Male,trujillogreg@example.org,+91-5280373931,India,Visakhapatnam,Bronze,2017-02-18
9488,Melinda,Lawson,Male,barkerjesus@example.org,+91-6067559757,India,Visakhapatnam,Gold,2022-03-15
9489,Mary,West,Other,justinevans@example.org,+91-4263296608,India,Visakhapatnam,Silver,2022-12-27
9490,Robert,Mendoza,Other,wperez@example.com,+91-8849399246,India,Mysore,Bronze,2018-05-10
9491,Paula,Alvarado,Female,linda31@example.com,+91-3529757097,India,Bangalore,Silver,2025-01-03
9492,Tara,Ramirez,Other,marcus00@example.org,906.728.6543,Peru,New York,Silver,2018-06-28
9493,Andrea,Johnson,Female,alicecochran@example.com,+91-3081276302,India,Mysore,Gold,2020-03-03
9494,Andrea,Alvarez,Female,youngjoshua@example.com,+91-483436887,India,Madurai,Bronze,2019-06-02
9495,Matthew,Schmidt,Other,joseph46@example.com,+91-3971994748,India,Visakhapatnam,Bronze,2023-06-08
9496,Jillian,Moore,Other,rogersjames@example.com,+91-3370440514,India,Chennai,Silver,2024-04-08
9497,Douglas,Gonzalez,Male,starkarthur@example.com,+91-7715679429,India,Bangalore,Gold,2016-04-05
9498,Alexis,Stevenson,Other,frymichael@example.com,+91-1508851400,India,Coimbatore,Gold,2024-03-16
9499,Matthew,Miranda,Other,cunninghamchristine@example.net,+91-2373413960,India,Bangalore,Bronze,2017-04-17
9500,Shannon,Higgins,Other,ewiggins@example.net,+91-7299615741,India,Thiruvananthapuram,Platinum,2025-02-01
9501,Wesley,Stone,Other,adamescobar@example.org,+1-348-910-6508x7396,Palau,Dubai,Bronze,2022-05-22
9502,Ashley,Lowe,Male,kaitlyn43@example.com,+91-3769968671,India,Kochi,Bronze,2023-12-07
9503,Adrienne,Hunter,Other,amorrison@example.com,+91-5826589095,India,Madurai,Bronze,2025-01-24
9504,Denise,Johnson,Male,jasminewilliams@example.com,+91-5281211822,India,Mysore,Gold,2020-03-08
9505,Corey,Steele,Male,patriciarobinson@example.org,+91-745431060,India,Chennai,Bronze,2019-08-11
9506,Justin,Stevenson,Female,kmaxwell@example.org,+91-5176714788,India,Chennai,Gold,2023-07-20
9507,Joseph,Ewing,Other,daviesdaniel@example.net,+91-9216965203,India,Thiruvananthapuram,Platinum,2015-10-02
9508,Gregory,Hayes,Male,ibriggs@example.com,+91-6009244545,India,Mysore,Silver,2017-09-29
9509,Abigail,Edwards,Other,wsnyder@example.com,+91-3139907265,India,Coimbatore,Gold,2020-10-13
9510,Shelly,Hayes,Other,patriciamiles@example.org,+91-192902720,India,Vijayawada,Bronze,2021-05-24
9511,Eric,Powell,Other,martinezelizabeth@example.net,+91-1531879570,India,Kochi,Silver,2016-04-06
9512,Alexandra,Franklin,Female,gibsontimothy@example.com,+91-4349167795,India,Bangalore,Gold,2019-07-30
9513,Phillip,Larsen,Other,juliesanders@example.com,+91-1683725174,India,Hyderabad,Gold,2019-12-22
9514,Daniel,Turner,Female,nlane@example.net,(610)204-3815x010,Gibraltar,Berlin,Bronze,2022-07-30
9515,Jennifer,Stuart,Male,sophiaparks@example.com,001-416-446-9409x258,Jersey,Toronto,Silver,2023-05-11
9516,Brianna,Woods,Female,uwalker@example.org,+91-2702926303,India,Kochi,Bronze,2022-01-16
9517,Ricky,Kim,Other,hsmith@example.org,+91-4120523271,India,Mysore,Silver,2024-01-30
9518,Cassandra,Robertson,Female,ugill@example.net,+91-6282826568,India,Coimbatore,Silver,2017-06-28
9519,Mark,Hardin,Other,owhitney@example.com,+91-2893064732,India,Mysore,Bronze,2019-06-10
9520,Keith,Johnson,Female,caitlin67@example.com,7732714783,French Polynesia,Toronto,Silver,2015-10-30
9521,Joshua,Leblanc,Female,harold93@example.org,+91-4659801233,India,Visakhapatnam,Bronze,2018-03-03
9522,Emily,Phillips,Female,graysteven@example.com,001-649-291-8028,Nicaragua,Los Angeles,Silver,2020-04-10
9523,Kenneth,Baker,Other,reidnancy@example.net,+91-1580052971,India,Kochi,Bronze,2022-08-03
9524,Cynthia,Anderson,Other,christophercampos@example.org,+91-4958489018,India,Thiruvananthapuram,Silver,2017-04-18
9525,Kathleen,Ortiz,Female,craigmartinez@example.org,+91-5446330751,India,Coimbatore,Platinum,2019-06-14
9526,William,Shepherd,Male,scruz@example.com,+91-8153686,India,Thiruvananthapuram,Platinum,2016-03-23
9527,Michael,Vasquez,Other,aaron22@example.net,+91-6236656233,India,Madurai,Bronze,2024-12-25
9528,Amy,Campbell,Female,imorgan@example.com,+91-7681867684,India,Visakhapatnam,Gold,2022-08-14
9529,Jade,Colon,Male,dsalinas@example.net,+91-4705996612,India,Madurai,Bronze,2020-01-13
9530,Tammy,Jones,Other,alejandra36@example.com,+91-5905807877,India,Mysore,Gold,2021-10-01
9531,Troy,Holland,Other,gbaker@example.com,+1-206-877-5689x4315,Uganda,Toronto,Silver,2015-11-11
9532,Michael,Jimenez,Male,cooperpatricia@example.org,+91-1900199141,India,Visakhapatnam,Bronze,2016-08-25
9533,Austin,Cole,Male,moorebrandon@example.com,+91-8677882745,India,Chennai,Silver,2020-03-08
9534,Thomas,Norman,Other,ronaldpetty@example.org,951.492.7675x5645,Cyprus,Los Angeles,Bronze,2020-07-04
9535,Kiara,Cross,Female,kaylarodgers@example.org,+91-7092474583,India,Coimbatore,Platinum,2018-07-24
9536,Donna,Todd,Male,scottdaniel@example.org,+91-3984493011,India,Kochi,Platinum,2020-05-06
9537,Jessica,Harper,Female,hardinstephanie@example.net,+91-5797055748,India,Thiruvananthapuram,Bronze,2016-10-11
9538,Larry,Brown,Male,mdavenport@example.org,+91-1046469121,India,Mysore,Silver,2022-08-08
9539,John,Kaufman,Other,thomasalyssa@example.com,+91-4283833780,India,Kochi,Gold,2020-01-09
9540,Micheal,Schroeder,Other,michaelthomas@example.com,+91-2960755480,India,Hyderabad,Bronze,2024-09-23
9541,Darren,Brown,Other,eric64@example.com,626-699-1312x1416,Vietnam,Berlin,Silver,2021-03-15
9542,Sandra,Richardson,Male,hillscott@example.org,+91-7931902431,India,Bangalore,Silver,2024-01-02
9543,Jane,Anderson,Male,dana76@example.org,+91-2566674851,India,Chennai,Silver,2024-07-23
9544,Carmen,Horton,Other,heathersmith@example.com,+91-2204025907,India,Hyderabad,Bronze,2023-03-28
9545,Cassandra,Knox,Male,cynthia37@example.org,+91-2908486348,India,Chennai,Bronze,2019-11-05
9546,Brent,Baker,Other,djohnson@example.org,+91-1174353070,India,Madurai,Bronze,2023-08-13
9547,Richard,Andrews,Female,qsmith@example.org,+91-5203530077,India,Hyderabad,Gold,2019-01-25
9548,Shari,Vazquez,Other,asellers@example.com,9459706188,Honduras,Los Angeles,Gold,2023-08-23
9549,Stefanie,Smith,Other,acooper@example.org,+91-2066764808,India,Vijayawada,Gold,2016-11-16
9550,Jonathan,Williams,Male,waynebates@example.com,+91-7369260231,India,Thiruvananthapuram,Silver,2016-05-02
9551,Jeanette,Arias,Male,joann85@example.com,+91-7011202117,India,Madurai,Bronze,2020-01-24
9552,Priscilla,Parker,Other,morganlucas@example.com,+91-1236348831,India,Coimbatore,Gold,2022-08-27
9553,Elizabeth,Wu,Male,pooleangela@example.org,+91-4459465490,India,Mysore,Bronze,2015-08-31
9554,Evan,Munoz,Female,sheila76@example.org,+91-6947072398,India,Chennai,Bronze,2023-12-31
9555,Reginald,Perez,Other,garciaxavier@example.net,+91-5386787173,India,Mysore,Bronze,2019-11-14
9556,Catherine,Dean,Male,msmith@example.org,+91-591104360,India,Vijayawada,Silver,2018-08-20
9557,Elizabeth,Porter,Other,hollycoffey@example.net,+91-4611340191,India,Kochi,Bronze,2022-12-08
9558,Miranda,Long,Female,qsmith@example.com,+1-848-478-8904,Nigeria,Dubai,Platinum,2024-09-05
9559,Eric,Olsen,Other,marmstrong@example.com,+91-9516832056,India,Bangalore,Silver,2017-10-23
9560,Christopher,Martin,Female,zachary96@example.org,+91-6581567948,India,Visakhapatnam,Bronze,2023-10-23
9561,Holly,Gibbs,Other,julie04@example.net,+91-897754274,India,Mysore,Gold,2020-01-05
9562,Nicholas,Mcintyre,Female,qwells@example.com,+91-3596549435,India,Kochi,Platinum,2016-06-04
9563,Cynthia,Nelson,Male,terryfields@example.com,+91-2469986924,India,Vijayawada,Bronze,2019-02-07
9564,Tracy,Bryant,Male,darren44@example.net,+91-8389755788,India,Coimbatore,Silver,2016-06-14
9565,Marvin,Shields,Female,stephenolson@example.org,+91-8422033386,India,Vijayawada,Bronze,2018-08-10
9566,Ernest,Evans,Other,nmontoya@example.com,+91-2829558908,India,Coimbatore,Silver,2016-02-25
9567,Miguel,Miranda,Other,robertsshane@example.com,+91-2844981966,India,Kochi,Silver,2022-11-30
9568,Steven,Miller,Other,nelsonrichard@example.com,+91-9397174058,India,Vijayawada,Silver,2024-04-19
9569,Edward,Moore,Female,carl25@example.net,+91-414151611,India,Madurai,Gold,2020-01-24
9570,Luke,Sanchez,Other,hblake@example.org,(245)959-7293x352,Pitcairn Islands,Tokyo,Silver,2017-11-26
9571,Kelly,Barker,Male,snyderstephen@example.com,+91-6200064769,India,Thiruvananthapuram,Bronze,2019-03-19
9572,Nicholas,Rogers,Female,jesse44@example.org,+91-9616238546,India,Vijayawada,Silver,2024-11-23
9573,Kara,Rodriguez,Female,martintammy@example.net,+91-6593770778,India,Kochi,Gold,2016-06-20
9574,Abigail,Gilbert,Other,vchung@example.net,+91-3187997068,India,Chennai,Gold,2017-01-21
9575,Carly,Pierce,Other,aluna@example.net,+91-7374062849,India,Madurai,Platinum,2023-03-19
9576,Laura,Sanchez,Other,qthomas@example.org,+91-5414792261,India,Visakhapatnam,Silver,2023-06-20
9577,Rachael,Gonzales,Other,josephtate@example.com,+91-9493540300,India,Madurai,Silver,2015-10-22
9578,Debbie,Cook,Female,mcphersonrichard@example.com,+91-1639269662,India,Mysore,Silver,2021-02-24
9579,Rose,Jenkins,Female,tkelley@example.org,+91-9166535588,India,Mysore,Gold,2021-03-17
9580,Rodney,Smith,Female,amy15@example.net,+91-3338195145,India,Mysore,Bronze,2016-12-25
9581,Cody,Melton,Other,selenalarsen@example.com,832.270.3368,Bangladesh,Paris,Platinum,2021-06-24
9582,Brandon,Goodwin,Female,anitaelliott@example.net,+91-3972477873,India,Mysore,Gold,2025-02-26
9583,Mark,Mckenzie,Male,teresagilmore@example.net,+91-5697823728,India,Thiruvananthapuram,Bronze,2018-04-19
9584,John,Smith,Female,orhodes@example.net,+91-9675215246,India,Mysore,Platinum,2017-06-28
9585,James,Davis,Female,ericwaters@example.org,+91-9117797534,India,Coimbatore,Gold,2021-09-22
9586,Christopher,Kelly,Female,shawn85@example.com,+91-882952918,India,Madurai,Silver,2021-03-05
9587,Andrew,Reynolds,Female,douglaskellie@example.com,604-360-4457,Azerbaijan,Toronto,Silver,2018-08-14
9588,David,Smith,Other,abigail91@example.org,(537)789-8216x8511,France,Sydney,Bronze,2016-01-17
9589,Joseph,Marshall,Male,thomassmith@example.org,+91-7299729192,India,Vijayawada,Silver,2022-11-17
9590,Corey,Contreras,Other,bcooper@example.org,+91-5721156544,India,Chennai,Silver,2021-09-24
9591,Samantha,Harris,Male,jennifer86@example.net,+91-67549291,India,Mysore,Silver,2019-07-22
9592,William,Warren,Other,melendezcaroline@example.com,+91-7506594376,India,Thiruvananthapuram,Bronze,2016-09-18
9593,Alexis,Hall,Male,samanthakelly@example.com,+91-7353437177,India,Hyderabad,Gold,2022-07-21
9594,Nicole,Thomas,Female,fmiller@example.net,+91-5952616244,India,Bangalore,Gold,2024-09-23
9595,Dennis,Patel,Female,andrewrollins@example.net,+91-9914136611,India,Chennai,Gold,2016-02-23
9596,Mark,Curtis,Male,khill@example.com,+91-2466044767,India,Mysore,Silver,2022-02-08
9597,William,Fowler,Male,barbara57@example.org,+91-7473275252,India,Mysore,Silver,2023-06-11
9598,Christopher,Nelson,Other,charlesmathis@example.net,512.612.3491,British Indian Ocean Territory (Chagos Archipelago),Los Angeles,Bronze,2015-04-28
9599,Jessica,Thompson,Male,twilson@example.net,(679)853-9731,Tunisia,Dubai,Silver,2022-05-27
9600,Samantha,Mckinney,Other,sandra88@example.org,+91-9630279589,India,Coimbatore,Platinum,2021-01-29
9601,Caleb,Smith,Female,richardsnyder@example.org,+91-693903185,India,Chennai,Bronze,2018-06-24
9602,Timothy,David,Other,hollysampson@example.com,+91-3974260632,India,Hyderabad,Bronze,2021-01-25
9603,Sarah,Miles,Male,monroejason@example.org,+91-4215815070,India,Hyderabad,Platinum,2016-02-04
9604,Patricia,Weaver,Female,zdavis@example.net,+91-4160494308,India,Thiruvananthapuram,Gold,2019-10-20
9605,Marvin,Webb,Other,ndavis@example.com,(902)984-9667,Macao,London,Silver,2016-10-08
9606,Shawn,Gardner,Female,jsullivan@example.com,685.996.6085x74919,Dominican Republic,Paris,Bronze,2017-02-09
9607,Angela,Mendoza,Other,sonyapatterson@example.net,+91-658227458,India,Bangalore,Bronze,2021-07-02
9608,Jonathan,Thompson,Male,mestrada@example.com,+91-5454180028,India,Kochi,Bronze,2020-06-02
9609,Kim,Glass,Female,jesus02@example.net,+91-5420998244,India,Coimbatore,Platinum,2019-11-04
9610,Jose,Jones,Other,sarah43@example.net,+91-5908003249,India,Coimbatore,Silver,2024-06-06
9611,Paul,Gamble,Other,fthompson@example.net,+91-2370283027,India,Kochi,Bronze,2023-08-04
9612,Jeffrey,Mathis,Other,melissafreeman@example.com,+91-7947118880,India,Vijayawada,Platinum,2018-02-20
9613,Kimberly,Nguyen,Female,robyn42@example.com,+91-2472422257,India,Vijayawada,Bronze,2023-04-04
9614,Jennifer,Hall,Male,mbrennan@example.net,001-542-882-3260x8990,Lao People's Democratic Republic,Sydney,Bronze,2025-03-23
9615,Ricardo,Pineda,Female,rachelsmith@example.com,+91-1963349181,India,Madurai,Bronze,2024-06-07
9616,Brittney,Summers,Other,xkelley@example.com,+91-7926839302,India,Chennai,Bronze,2019-04-23
9617,Erika,Arias,Male,sanderssharon@example.org,+91-1858371006,India,Visakhapatnam,Platinum,2019-01-06
9618,Malik,Alexander,Male,vasquezian@example.com,+91-8134481539,India,Thiruvananthapuram,Silver,2024-06-28
9619,Melanie,May,Female,jessicathomas@example.net,+91-9898046643,India,Chennai,Bronze,2024-07-05
9620,Maria,Ochoa,Male,reynoldsdaniel@example.com,+91-9125840985,India,Vijayawada,Gold,2020-06-28
9621,Connie,Nguyen,Female,vchase@example.org,+91-1825387194,India,Mysore,Platinum,2023-04-28
9622,Michael,Harmon,Male,tschaefer@example.org,+91-5250486907,India,Vijayawada,Bronze,2016-05-18
9623,Karla,Miller,Female,bryantmary@example.net,501-954-9880,Anguilla,London,Bronze,2017-03-03
9624,Lisa,Allen,Female,fhansen@example.com,+91-7091618774,India,Kochi,Silver,2024-12-22
9625,Mark,Byrd,Other,uconway@example.com,+91-5438002748,India,Hyderabad,Bronze,2021-01-09
9626,Meghan,Reese,Other,turnervictor@example.com,+91-6921925954,India,Mysore,Bronze,2020-01-27
9627,Patricia,Scott,Other,simpsonmatthew@example.com,+91-3389176484,India,Visakhapatnam,Silver,2018-09-02
9628,Tara,Lee,Male,helen15@example.net,+91-2333208769,India,Kochi,Silver,2018-11-06
9629,James,Moon,Female,sean87@example.com,+91-2896152627,India,Chennai,Bronze,2024-11-19
9630,James,Lewis,Female,tracy20@example.com,+91-5598163259,India,Chennai,Silver,2020-04-23
9631,Stacey,Hill,Male,danielwatts@example.net,+91-2565073904,India,Thiruvananthapuram,Silver,2023-05-23
9632,Maria,Murillo,Male,penamary@example.org,+91-1352432756,India,Madurai,Bronze,2021-03-21
9633,Ashley,Williams,Female,adamgrant@example.com,+1-238-299-7070,Saint Lucia,Tokyo,Gold,2018-09-22
9634,Kaylee,Allen,Male,rmaddox@example.com,+91-1396621002,India,Coimbatore,Silver,2022-06-02
9635,Jessica,Gentry,Female,daniel32@example.net,+91-8537911053,India,Visakhapatnam,Bronze,2021-05-09
9636,Paul,Zhang,Male,kaitlyn16@example.org,+1-400-636-7712x34270,Bulgaria,Singapore,Platinum,2019-05-05
9637,Pamela,Brooks,Female,ravenfarmer@example.org,+91-8071640276,India,Mysore,Bronze,2025-01-08
9638,Tammy,Perry,Female,umcdonald@example.net,+91-9232475731,India,Hyderabad,Bronze,2024-01-31
9639,Angela,Garcia,Female,leeregina@example.org,(392)874-8807,Mayotte,Dubai,Bronze,2016-09-03
9640,David,Berger,Other,ericromero@example.net,+91-6001804088,India,Coimbatore,Bronze,2021-05-25
9641,Michelle,Watson,Other,martinezruth@example.net,+91-2281730477,India,Mysore,Silver,2021-02-25
9642,Stacy,Lambert,Other,kingwanda@example.org,+1-283-288-91,Sudan,London,Gold,2022-03-14
9643,Rebecca,Rodriguez,Female,baldwinkenneth@example.net,(978)821-8710x1649,Bahamas,Sydney,Bronze,2016-11-17
9644,Virginia,Mccarthy,Female,xellison@example.org,7019521829,Czech Republic,London,Bronze,2024-06-15
9645,Michelle,Alexander,Male,awhite@example.org,986.681.4310,Lesotho,Los Angeles,Gold,2016-09-10
9646,Stephanie,Miller,Male,joseph56@example.org,(936)319-1228,Suriname,Los Angeles,Silver,2021-10-20
9647,Alicia,Solis,Female,heather21@example.net,+91-110079422,India,Chennai,Silver,2023-09-03
9648,Annette,Smith,Female,btodd@example.com,+91-6150043599,India,Visakhapatnam,Bronze,2022-07-13
9649,Christina,Young,Female,cookandrew@example.org,+91-1664045561,India,Chennai,Bronze,2023-09-29
9650,Mark,Freeman,Female,jonestracy@example.org,+91-3364613824,India,Visakhapatnam,Bronze,2020-07-23
9651,Katherine,Jackson,Female,sherylhester@example.net,+91-7370787617,India,Bangalore,Bronze,2021-04-30
9652,Jennifer,Brown,Other,otucker@example.org,+91-8410924159,India,Coimbatore,Silver,2020-03-26
9653,Anthony,Madden,Female,monica46@example.net,+91-9432774338,India,Visakhapatnam,Silver,2018-03-12
9654,Bonnie,Little,Male,nichole28@example.com,(510)484-4763,Tokelau,Paris,Gold,2016-05-06
9655,Christian,Rodriguez,Other,kathryn39@example.net,+91-6601523055,India,Mysore,Silver,2022-07-18
9656,Herbert,Middleton,Female,scottandrew@example.net,+91-298694659,India,Kochi,Silver,2015-11-08
9657,Daniel,Mitchell,Male,monicaflores@example.com,+91-8809329627,India,Visakhapatnam,Bronze,2016-06-15
9658,Kathryn,Acosta,Female,xaviernixon@example.org,+91-8723501210,India,Bangalore,Silver,2024-09-16
9659,Megan,Williams,Male,alexander02@example.org,+91-641872281,India,Kochi,Bronze,2024-02-07
9660,Jessica,Sherman,Male,tony47@example.com,+91-4665653337,India,Chennai,Bronze,2023-02-09
9661,Nicholas,Miller,Female,carpenterjessica@example.org,+91-6694754505,India,Madurai,Bronze,2017-12-13
9662,Vanessa,Johnson,Other,roytaylor@example.net,+91-1701482207,India,Chennai,Gold,2016-04-08
9663,Jasmine,Lee,Male,mjackson@example.com,+91-3185158576,India,Vijayawada,Gold,2015-09-16
9664,Jeremy,Brown,Other,stevensonphilip@example.com,354-696-2244x30827,Central African Republic,Berlin,Bronze,2017-03-01
9665,Jean,Thompson,Male,fgreen@example.com,+91-2979277488,India,Vijayawada,Gold,2019-10-23
9666,Nicholas,Martin,Male,richard21@example.com,+91-3455328111,India,Hyderabad,Bronze,2020-07-27
9667,Andrea,Braun,Male,kevin73@example.net,+91-1413066116,India,Hyderabad,Platinum,2019-04-23
9668,Mason,Perez,Other,efreeman@example.net,(378)890-0203,Moldova,Singapore,Gold,2024-07-19
9669,Sally,Smith,Male,denisetucker@example.org,+91-2888124769,India,Vijayawada,Bronze,2017-03-20
9670,Michael,Crawford,Other,shannon11@example.org,+91-9620628591,India,Chennai,Platinum,2022-05-20
9671,Brian,Wilson,Female,uvasquez@example.com,+91-9289334861,India,Mysore,Silver,2023-04-23
9672,Elizabeth,Velez,Male,edward53@example.com,+91-1438342926,India,Kochi,Bronze,2021-08-01
9673,Donald,Orozco,Male,maxalvarado@example.net,+91-2166759301,India,Kochi,Bronze,2022-07-07
9674,Andrew,Henry,Other,cunninghammary@example.org,+91-8904825581,India,Coimbatore,Silver,2019-03-10
9675,Jodi,Sanford,Other,davismary@example.org,339-200-6608,Montserrat,London,Silver,2023-04-12
9676,Victor,Long,Male,stephanie79@example.com,412-354-8101x62613,Saint Vincent and the Grenadines,Los Angeles,Bronze,2021-04-20
9677,Adam,Zamora,Female,ystewart@example.net,+91-5913337860,India,Vijayawada,Bronze,2024-12-24
9678,Dana,Mccann,Other,ifreeman@example.com,+91-4159779260,India,Vijayawada,Bronze,2015-09-24
9679,Michelle,Salas,Female,jacksontroy@example.org,+91-8696764200,India,Chennai,Platinum,2016-10-29
9680,David,Hernandez,Female,sanchezmelanie@example.com,+91-9108480576,India,Visakhapatnam,Bronze,2022-08-16
9681,Rhonda,Miller,Other,christopher13@example.com,+91-8673178920,India,Mysore,Platinum,2020-12-30
9682,Thomas,Frazier,Other,hansensabrina@example.net,+91-5925194000,India,Kochi,Silver,2022-01-01
9683,Janet,Martinez,Other,hartmaria@example.org,+91-7929036931,India,Kochi,Bronze,2019-07-22
9684,Benjamin,Bryant,Female,pkim@example.com,+91-6499498531,India,Visakhapatnam,Gold,2021-08-05
9685,Jennifer,Wilkins,Other,rherring@example.org,+91-234059210,India,Kochi,Bronze,2016-10-26
9686,Laura,Williams,Male,wilsontonya@example.org,220.339.6213,Tuvalu,Berlin,Silver,2021-06-23
9687,John,Lewis,Male,amy02@example.org,+91-5064452526,India,Thiruvananthapuram,Silver,2016-03-01
9688,Blake,Perez,Female,steven06@example.org,+91-4029297757,India,Hyderabad,Bronze,2020-09-14
9689,Carol,Cole,Male,melaniejones@example.net,+91-349222332,India,Vijayawada,Bronze,2016-02-15
9690,Brendan,Thomas,Female,gdavis@example.com,4944858217,Liechtenstein,Singapore,Silver,2022-06-24
9691,Stephanie,Kerr,Male,nsims@example.org,(356)846-5505,Nicaragua,London,Bronze,2023-08-28
9692,Andrew,Tucker,Female,zbutler@example.org,+91-5750031349,India,Visakhapatnam,Bronze,2016-01-30
9693,Nicole,Taylor,Other,kathyjohnson@example.net,+91-6101891571,India,Vijayawada,Gold,2019-07-11
9694,Heather,Lowe,Other,stephanierodriguez@example.org,+91-1297541520,India,Thiruvananthapuram,Bronze,2022-10-23
9695,Robert,Johnson,Other,franciscofoster@example.net,+91-9726539100,India,Bangalore,Bronze,2021-02-02
9696,Heather,Martinez,Male,tonicarter@example.com,+91-3955129015,India,Mysore,Silver,2018-12-08
9697,Jason,Palmer,Male,taylortoni@example.com,+91-4319112520,India,Mysore,Silver,2017-03-10
9698,Michelle,Chang,Female,mgreer@example.org,423-559-2461x1442,Tuvalu,New York,Bronze,2020-03-13
9699,Jack,Martinez,Female,wilsonelizabeth@example.org,+91-3211987789,India,Kochi,Bronze,2019-10-30
9700,Gina,Wilson,Other,lcalderon@example.net,+91-2906859194,India,Madurai,Bronze,2020-07-06
9701,Kathleen,Evans,Other,englishsean@example.net,600-737-5907x636,Bosnia and Herzegovina,Sydney,Gold,2024-08-10
9702,Anne,Everett,Other,christine80@example.net,+91-5711364006,India,Coimbatore,Bronze,2021-09-21
9703,Jocelyn,Bates,Other,buckleydaniel@example.com,+91-551102715,India,Coimbatore,Bronze,2017-02-05
9704,Kimberly,Bond,Male,sarah17@example.com,(646)366-4126x77509,Denmark,Singapore,Bronze,2025-01-09
9705,Jason,Collins,Other,pmontgomery@example.org,+91-62954592,India,Visakhapatnam,Platinum,2020-09-13
9706,Adam,Bass,Female,uwilson@example.org,+91-4305325074,India,Coimbatore,Bronze,2023-05-27
9707,Joseph,Ellis,Female,barnettbrooke@example.org,+91-2945789377,India,Vijayawada,Gold,2024-05-11
9708,Mark,Perry,Male,michellehoffman@example.net,+91-2690136134,India,Hyderabad,Gold,2023-01-16
9709,Laura,Butler,Other,obenjamin@example.org,+91-9913154870,India,Coimbatore,Platinum,2016-07-24
9710,Vanessa,Whitehead,Other,christophermartin@example.net,+91-7531217439,India,Mysore,Bronze,2015-11-16
9711,John,Torres,Female,markjimenez@example.com,+91-7382670790,India,Thiruvananthapuram,Silver,2021-08-17
9712,Tammy,Davis,Female,timothylevy@example.com,+91-3202430970,India,Bangalore,Platinum,2025-03-31
9713,Summer,Cohen,Male,eric29@example.com,+91-7701393025,India,Thiruvananthapuram,Silver,2015-08-06
9714,Shawn,Villarreal,Male,wbennett@example.net,676-806-6398,Egypt,New York,Silver,2019-01-08
9715,Richard,Everett,Male,gavin65@example.org,+91-9421528897,India,Chennai,Bronze,2018-11-21
9716,Kenneth,Williams,Other,samanthamoon@example.org,+91-742929147,India,Thiruvananthapuram,Platinum,2024-05-31
9717,Tiffany,Mitchell,Male,crandall@example.com,+91-1564014104,India,Mysore,Bronze,2016-12-27
9718,Carmen,Moore,Male,luke13@example.org,+91-2482691836,India,Vijayawada,Silver,2023-06-18
9719,William,Carter,Female,anna36@example.net,+91-6436313165,India,Madurai,Platinum,2019-08-04
9720,William,Rogers,Female,christopherrogers@example.com,+91-901646306,India,Vijayawada,Silver,2019-03-17
9721,Laurie,Bradford,Male,triciaschwartz@example.net,+91-8931183403,India,Chennai,Bronze,2021-09-25
9722,Robert,Russell,Female,singhbryan@example.org,+91-7312010368,India,Visakhapatnam,Bronze,2020-10-19
9723,Stacy,Spears,Male,lynchkristine@example.org,+91-636200159,India,Kochi,Bronze,2024-04-05
9724,Barbara,Miller,Female,hnewman@example.com,+91-453143536,India,Coimbatore,Bronze,2021-07-16
9725,Amy,Mcdonald,Other,vray@example.org,+91-8044345863,India,Bangalore,Silver,2016-04-07
9726,Nicholas,Weiss,Male,juansmith@example.com,+91-5195654445,India,Visakhapatnam,Bronze,2019-11-24
9727,Benjamin,Flowers,Female,hsloan@example.net,+91-6236059193,India,Madurai,Bronze,2023-07-23
9728,Vincent,Aguilar,Other,jerry61@example.com,287.864.8392x2865,Albania,Dubai,Gold,2022-07-08
9729,Patricia,Murray,Female,pmartin@example.net,+91-4273118408,India,Bangalore,Gold,2019-12-18
9730,Joshua,Gonzales,Male,fcaldwell@example.org,+91-1512999046,India,Bangalore,Bronze,2023-12-15
9731,Andrea,Kim,Other,bandersen@example.com,+91-9971236562,India,Thiruvananthapuram,Bronze,2016-07-16
9732,Jared,Smith,Male,fowlererica@example.org,+91-297921931,India,Visakhapatnam,Bronze,2022-05-17
9733,Daniel,Fields,Female,antonio28@example.org,+91-8936330011,India,Kochi,Bronze,2017-02-07
9734,Mary,Lane,Other,asellers@example.org,+91-9372186295,India,Hyderabad,Platinum,2018-05-13
9735,Kimberly,Schmidt,Other,kylesmith@example.com,+91-6743047347,India,Thiruvananthapuram,Bronze,2021-01-04
9736,Kim,Anderson,Other,linda83@example.net,9702416847,Belgium,Sydney,Bronze,2023-10-17
9737,Troy,Patrick,Other,michael47@example.org,+91-8790346640,India,Kochi,Silver,2019-10-13
9738,Ian,Johnson,Male,johnburgess@example.com,427.396.7730x55348,Moldova,Singapore,Silver,2016-01-01
9739,Michael,Nash,Female,nolanrichard@example.net,+91-9224735501,India,Vijayawada,Bronze,2016-08-28
9740,Thomas,Landry,Male,zcarney@example.com,+91-7653450212,India,Bangalore,Bronze,2017-04-04
9741,Travis,Baker,Other,eosborne@example.net,+91-8192642106,India,Hyderabad,Silver,2023-03-20
9742,Thomas,Hall,Male,anne78@example.com,+91-6885708512,India,Coimbatore,Bronze,2021-03-28
9743,Jessica,Bryant,Male,smithrobert@example.net,+91-2466332213,India,Mysore,Bronze,2018-11-01
9744,Geoffrey,Johnson,Female,olsonshawn@example.net,001-201-818-0537x435,Lebanon,Toronto,Bronze,2021-09-22
9745,William,Moore,Male,glong@example.org,+91-2260552421,India,Bangalore,Gold,2017-08-24
9746,Judy,Mercado,Male,timothycrosby@example.org,+91-1495293935,India,Visakhapatnam,Gold,2018-09-29
9747,Mitchell,Walker,Other,sharon88@example.com,+91-6172996829,India,Thiruvananthapuram,Silver,2023-10-22
9748,Allison,Wells,Male,esparzaemma@example.org,+91-6806830596,India,Kochi,Bronze,2015-05-16
9749,Chad,Blake,Female,smolina@example.com,+91-6187177539,India,Thiruvananthapuram,Bronze,2017-07-25
9750,Jonathan,Hernandez,Female,dianakirby@example.com,+91-9262168979,India,Hyderabad,Gold,2020-04-20
9751,Andrew,Torres,Other,brentthompson@example.org,7768641328,Nepal,Sydney,Bronze,2015-06-24
9752,Matthew,Barrera,Male,dominique83@example.com,+91-3570598850,India,Thiruvananthapuram,Bronze,2015-05-27
9753,Robert,Williams,Female,zchurch@example.org,+91-8140186707,India,Kochi,Silver,2023-12-02
9754,Garrett,Middleton,Female,joshuadavis@example.net,+91-6831332478,India,Chennai,Silver,2022-04-20
9755,Melanie,Johnson,Male,teresa06@example.org,(666)866-3401x9965,Slovenia,Paris,Silver,2017-07-30
9756,Tanner,Maldonado,Other,gpatel@example.net,+91-1081056048,India,Visakhapatnam,Bronze,2025-04-11
9757,Joseph,Blackwell,Female,qcampos@example.com,+91-8628233518,India,Thiruvananthapuram,Silver,2017-04-12
9758,Shawn,Ferguson,Other,levi75@example.org,+91-9623862368,India,Kochi,Silver,2022-10-15
9759,Jonathan,Riley,Male,calhounjason@example.net,(211)451-6819x5987,Switzerland,Paris,Gold,2022-09-27
9760,Amy,Kirk,Other,shirleygraham@example.org,+91-7091863962,India,Coimbatore,Silver,2022-02-27
9761,Kimberly,Kennedy,Female,melissaharris@example.com,+91-9970979215,India,Bangalore,Silver,2018-05-01
9762,Melissa,Gordon,Other,emilymorales@example.org,+91-1104594943,India,Visakhapatnam,Bronze,2018-11-20
9763,Angela,Brooks,Female,nwagner@example.org,+91-5073650722,India,Hyderabad,Gold,2024-01-24
9764,Renee,Sims,Other,robert79@example.net,+91-8942688320,India,Visakhapatnam,Bronze,2017-12-16
9765,Misty,Mclaughlin,Other,jchen@example.com,+91-6242115076,India,Mysore,Silver,2024-12-22
9766,Anthony,Russell,Other,peterhurley@example.com,+91-7569539800,India,Bangalore,Bronze,2018-06-28
9767,Sean,Evans,Male,kylesanders@example.com,001-435-297-4429x66658,Switzerland,London,Silver,2020-12-25
9768,Kimberly,Mcdonald,Male,imiddleton@example.org,+91-8329458806,India,Kochi,Silver,2018-12-23
9769,Thomas,Watson,Other,kennethjones@example.net,+91-5035855174,India,Coimbatore,Gold,2021-10-21
9770,Denise,Preston,Other,omendoza@example.net,+91-5834821473,India,Thiruvananthapuram,Silver,2015-10-09
9771,Andrew,Thompson,Female,iadams@example.net,+91-3858124230,India,Kochi,Silver,2020-11-22
9772,Mary,Davis,Male,michellealvarez@example.com,+91-6400395720,India,Madurai,Gold,2024-07-06
9773,Todd,Fleming,Other,kimberlycox@example.com,527-564-2253x61222,Brazil,New York,Silver,2023-04-17
9774,Robin,Chavez,Female,hcook@example.com,+91-8694682330,India,Madurai,Silver,2024-06-06
9775,Kimberly,Jones,Male,smithrobert@example.com,+91-4005145247,India,Mysore,Silver,2020-09-15
9776,Lauren,Sanchez,Other,sheena99@example.org,+91-1674773715,India,Vijayawada,Silver,2020-06-20
9777,Julie,Thompson,Male,davidsmith@example.org,536.642.3262x93145,Timor-Leste,Tokyo,Gold,2016-08-20
9778,Craig,Chandler,Other,greermichael@example.org,+91-5954305627,India,Mysore,Bronze,2016-09-30
9779,Sarah,Robinson,Female,woodardmichael@example.org,+91-3890375591,India,Vijayawada,Bronze,2024-03-15
9780,Amanda,Day,Male,jcooper@example.net,+91-7175534297,India,Vijayawada,Platinum,2015-08-07
9781,Miranda,Gibson,Female,zstanley@example.org,+91-2136586275,India,Visakhapatnam,Platinum,2015-07-14
9782,Vincent,Buckley,Female,normaramsey@example.net,+91-6120651638,India,Coimbatore,Silver,2024-10-30
9783,Victoria,Duncan,Male,potterchristopher@example.net,+91-7438729982,India,Vijayawada,Bronze,2024-10-08
9784,Brandon,Wood,Other,alexandralin@example.net,+91-9738652970,India,Kochi,Silver,2025-01-15
9785,Alyssa,Davis,Male,torresamanda@example.org,+91-2687651413,India,Coimbatore,Bronze,2022-02-10
9786,Troy,Harris,Male,dennismiller@example.com,+91-3091547118,India,Visakhapatnam,Bronze,2024-07-19
9787,Michael,Davis,Female,chicks@example.net,+91-5553944150,India,Chennai,Bronze,2022-03-07
9788,Katie,Mullen,Male,christophermartin@example.net,797-744-6250x435,Jordan,Paris,Platinum,2025-02-25
9789,Thomas,Rowland,Other,cheryl42@example.org,+91-2842987742,India,Hyderabad,Platinum,2022-02-15
9790,Andrew,Larson,Male,ericmartinez@example.org,252-401-8290x157,Antarctica (the territory South of 60 deg S),Dubai,Gold,2018-01-03
9791,Kristina,Skinner,Female,brownchristopher@example.org,(674)940-2034x255,American Samoa,Los Angeles,Silver,2017-01-18
9792,George,Charles,Male,fitzgeraldfelicia@example.org,+91-37497970,India,Vijayawada,Silver,2020-10-13
9793,Tracy,Garcia,Other,cturner@example.net,+91-9853611061,India,Hyderabad,Platinum,2022-01-22
9794,Jack,Price,Female,nathanandrews@example.com,+91-919796877,India,Madurai,Silver,2018-02-20
9795,Amanda,Moore,Other,bryantkimberly@example.net,+91-2604369685,India,Hyderabad,Gold,2015-09-02
9796,Keith,Hanson,Other,rogerscatherine@example.com,+91-6167596209,India,Madurai,Silver,2024-10-06
9797,Scott,Carr,Other,peterbell@example.org,820.721.8355x112,Brazil,Berlin,Silver,2020-05-22
9798,Brent,Thomas,Male,jacob67@example.org,+91-9921082381,India,Hyderabad,Bronze,2015-10-18
9799,Katherine,Stewart,Male,fcox@example.com,(720)909-9509x5285,Brunei Darussalam,London,Platinum,2018-03-31
9800,Trevor,Hardy,Male,awhite@example.com,+91-8374123684,India,Thiruvananthapuram,Silver,2025-02-04
9801,Michele,Brown,Male,benjamin51@example.net,(836)292-0187x86721,Georgia,London,Silver,2022-08-28
9802,Barry,Hamilton,Male,harmonsamantha@example.com,+91-9648459278,India,Thiruvananthapuram,Silver,2016-08-21
9803,Megan,Jones,Other,ortizkelly@example.net,355.523.0088x3899,Anguilla,New York,Silver,2022-09-15
9804,Timothy,Bradford,Other,pkeller@example.net,+91-383316144,India,Chennai,Silver,2015-06-25
9805,Alison,Mccarty,Female,hectorramirez@example.org,+91-7745225359,India,Thiruvananthapuram,Platinum,2023-02-01
9806,John,Jackson,Other,alyssa59@example.com,+91-7723213747,India,Hyderabad,Bronze,2021-05-24
9807,Stephanie,Boyer,Male,courtney37@example.net,+91-6412969308,India,Bangalore,Bronze,2021-01-24
9808,Todd,Jensen,Female,johnnygarcia@example.com,+1-474-506-9196,United Kingdom,Berlin,Silver,2022-12-10
9809,Timothy,Patel,Other,ohancock@example.org,+91-6922800020,India,Vijayawada,Gold,2020-07-14
9810,Paul,Dougherty,Female,tcarter@example.com,704.432.5234x32805,Bulgaria,London,Gold,2016-12-19
9811,Patrick,Smith,Other,jamie36@example.com,+91-1703456319,India,Madurai,Silver,2017-06-20
9812,Rachel,Conner,Male,pwest@example.com,+91-5590252989,India,Vijayawada,Platinum,2023-09-05
9813,Phillip,Robinson,Other,taylorsean@example.com,+91-7733830087,India,Bangalore,Bronze,2015-05-16
9814,James,Cummings,Male,hawkinsbrittany@example.org,+91-7801992601,India,Bangalore,Bronze,2020-03-20
9815,Matthew,Mendez,Female,karenbrooks@example.org,+91-6328393688,India,Thiruvananthapuram,Bronze,2024-08-30
9816,Corey,Krause,Female,daniel70@example.com,+91-7353489399,India,Vijayawada,Bronze,2022-07-28
9817,Manuel,Brown,Other,ksantos@example.org,+91-3323318613,India,Hyderabad,Bronze,2022-04-02
9818,Steven,Johnson,Other,fletcherluke@example.org,+91-2147418595,India,Madurai,Bronze,2023-02-23
9819,Melissa,Orozco,Male,patricia38@example.net,(967)433-2090,Falkland Islands (Malvinas),Berlin,Silver,2019-09-11
9820,Austin,Kelly,Male,pfitzpatrick@example.com,+91-2524708681,India,Bangalore,Bronze,2019-04-24
9821,Yvonne,Frank,Female,ppayne@example.net,+91-5431544348,India,Madurai,Bronze,2024-07-17
9822,Edgar,Hernandez,Male,jeremypope@example.net,+91-85318007,India,Vijayawada,Platinum,2024-11-12
9823,Lucas,Johnson,Other,kristophercunningham@example.org,+91-2276780037,India,Visakhapatnam,Bronze,2018-10-31
9824,Lisa,Good,Male,kkelly@example.com,+91-7712571976,India,Madurai,Gold,2022-11-24
9825,Meghan,Flores,Other,petersonlauren@example.com,+91-6252301016,India,Thiruvananthapuram,Gold,2020-05-12
9826,Paul,Cummings,Female,knoxariel@example.net,+91-9842334123,India,Kochi,Gold,2019-11-19
9827,Linda,Pena,Male,boneal@example.com,+91-9321645916,India,Madurai,Bronze,2023-01-26
9828,Alan,Lee,Female,bryan15@example.net,+91-6825010457,India,Chennai,Gold,2015-09-16
9829,Danielle,Bolton,Male,krystalboyd@example.net,+91-9525323348,India,Kochi,Gold,2019-04-02
9830,Amy,Jones,Other,carol58@example.org,+91-4491938798,India,Coimbatore,Silver,2022-02-02
9831,Mark,Fox,Female,uwhite@example.org,+91-7467350524,India,Bangalore,Platinum,2020-09-02
9832,Kimberly,Shepherd,Male,courtney44@example.org,+91-4247452859,India,Kochi,Bronze,2025-04-14
9833,Timothy,Lowery,Other,portershelby@example.com,+91-3368303843,India,Madurai,Bronze,2018-11-12
9834,Edward,Morris,Male,smartin@example.net,+91-5402330729,India,Madurai,Bronze,2018-05-06
9835,Brianna,Lopez,Male,fsmith@example.org,+91-8970120994,India,Bangalore,Bronze,2024-03-22
9836,Patricia,Carroll,Other,dana60@example.net,+91-9849750439,India,Madurai,Bronze,2024-10-18
9837,Timothy,Edwards,Other,acostavictor@example.org,+91-6691319374,India,Thiruvananthapuram,Silver,2020-11-15
9838,Leah,Johnson,Female,kaitlin45@example.net,+91-3378951165,India,Bangalore,Silver,2020-02-20
9839,Mary,Nichols,Other,michael01@example.com,+91-9895383279,India,Vijayawada,Silver,2024-11-24
9840,Megan,Pham,Other,ramirezeric@example.org,+91-3671356193,India,Mysore,Gold,2021-09-12
9841,Sean,Jones,Other,allisongarcia@example.org,+91-1150630846,India,Mysore,Silver,2018-06-12
9842,Jacob,Bullock,Male,johngonzalez@example.net,+91-3784072961,India,Hyderabad,Bronze,2020-12-08
9843,Jason,Castillo,Male,ustevens@example.org,+91-4263726638,India,Vijayawada,Platinum,2024-09-10
9844,Michael,Parker,Other,pricejoseph@example.net,(727)526-8703x738,Albania,Singapore,Bronze,2015-05-31
9845,Jacob,Martin,Male,laurenleon@example.com,+91-6777584063,India,Mysore,Silver,2015-12-11
9846,Vincent,Sloan,Other,kenneth74@example.com,+91-8895489034,India,Coimbatore,Silver,2020-08-14
9847,Rhonda,Silva,Male,robersonlori@example.com,(863)406-4138x970,United States Virgin Islands,Paris,Silver,2018-12-08
9848,Laura,Owens,Male,dillonbrett@example.org,+91-2686708602,India,Thiruvananthapuram,Silver,2020-09-05
9849,Ruth,Mullen,Other,brian70@example.net,+91-3878801084,India,Mysore,Silver,2021-01-15
9850,George,Atkinson,Other,ajensen@example.com,978-722-4583x96016,Andorra,London,Bronze,2018-07-27
9851,Ian,Green,Male,jgomez@example.org,+91-3588009328,India,Chennai,Silver,2020-05-07
9852,Gregory,Long,Other,david18@example.org,+91-4597058832,India,Chennai,Bronze,2020-12-16
9853,Matthew,Perez,Male,nancy02@example.net,+91-3552387061,India,Hyderabad,Gold,2021-09-27
9854,Joseph,Lyons,Female,johnsonbethany@example.net,+91-6723806040,India,Hyderabad,Silver,2015-12-17
9855,Lori,Murray,Other,obradley@example.org,+91-4489861633,India,Thiruvananthapuram,Platinum,2015-11-18
9856,Mary,Dyer,Female,brandon18@example.com,+91-679301718,India,Visakhapatnam,Gold,2018-09-08
9857,Erin,Harrison,Male,padillasabrina@example.com,+1-524-876-6382x98886,Dominica,Los Angeles,Bronze,2016-04-16
9858,Gary,Jones,Other,connorjones@example.com,+91-2918679152,India,Madurai,Silver,2019-03-17
9859,Shelby,Williams,Other,bateserica@example.org,+91-8344809245,India,Visakhapatnam,Silver,2021-04-27
9860,Suzanne,Castro,Female,gouldshelley@example.com,+91-4557180962,India,Vijayawada,Gold,2015-07-28
9861,Richard,Bruce,Other,lauraadams@example.org,+91-505452065,India,Kochi,Bronze,2016-07-15
9862,Larry,Jones,Other,bray@example.com,+91-9561493294,India,Vijayawada,Bronze,2016-01-24
9863,Anthony,Villa,Female,robertjohnson@example.com,+91-2072756818,India,Mysore,Platinum,2025-04-07
9864,Henry,Moss,Female,georgepacheco@example.net,001-662-720-9643x942,Montserrat,London,Silver,2024-04-03
9865,Christina,Fletcher,Female,jonathon72@example.net,+91-3917634033,India,Vijayawada,Gold,2023-08-27
9866,Christopher,Porter,Other,timothy70@example.com,(443)790-0793x72171,British Virgin Islands,Berlin,Silver,2024-07-16
9867,Joseph,Myers,Female,oliverkelli@example.org,+91-7831927279,India,Mysore,Gold,2015-11-27
9868,Emily,Williamson,Other,adamswhitney@example.org,+91-6895997085,India,Visakhapatnam,Bronze,2017-10-27
9869,Sara,Rios,Male,michael25@example.com,+91-6375774766,India,Hyderabad,Bronze,2020-02-06
9870,Christina,Hernandez,Other,jhardy@example.com,+91-5333532113,India,Chennai,Silver,2017-07-26
9871,Laura,Contreras,Female,simmonsmark@example.org,+91-1306381660,India,Madurai,Bronze,2020-08-12
9872,Donna,Rodriguez,Female,monique38@example.com,+91-8036783027,India,Mysore,Bronze,2024-05-10
9873,Michael,Mccarty,Female,paul28@example.org,+91-7517195589,India,Thiruvananthapuram,Silver,2018-05-11
9874,Michael,King,Male,destinyallen@example.org,+91-6988231169,India,Bangalore,Platinum,2017-10-20
9875,Bethany,Meyer,Other,mbowen@example.com,+91-4048432223,India,Visakhapatnam,Bronze,2020-08-12
9876,Kelly,Strickland,Other,theresaheath@example.com,+91-2116586624,India,Hyderabad,Gold,2015-05-16
9877,Michelle,Werner,Male,melanie75@example.net,+1-858-586-9181x5292,Aruba,London,Bronze,2017-07-26
9878,Chelsea,Yates,Other,wnorman@example.org,+91-900212714,India,Visakhapatnam,Bronze,2015-09-04
9879,Elizabeth,White,Other,bhansen@example.com,001-618-413-7210x695,Bulgaria,Berlin,Platinum,2016-02-21
9880,Angela,Castillo,Male,melissa01@example.com,+91-9744501821,India,Coimbatore,Silver,2024-09-24
9881,Rachel,Ramos,Female,ahernandez@example.net,+91-9354349117,India,Kochi,Gold,2024-01-20
9882,Amber,Barron,Female,gsnow@example.net,001-432-755-2894x4656,Greenland,Paris,Silver,2024-12-09
9883,Derek,Jacobs,Female,whitney88@example.net,+1-912-810-2136,Burkina Faso,New York,Silver,2022-01-23
9884,Danielle,Pittman,Female,smithjennifer@example.com,+91-6264975650,India,Kochi,Gold,2016-08-12
9885,Juan,Lawson,Other,sonyajohnson@example.org,+91-2721098834,India,Visakhapatnam,Bronze,2025-04-21
9886,Corey,Morris,Male,bethburns@example.org,+91-7255399168,India,Kochi,Silver,2018-06-05
9887,Brian,Brown,Male,michaelmaldonado@example.net,001-217-635-5653x05588,Heard Island and McDonald Islands,Singapore,Bronze,2021-10-15
9888,Daniel,Jackson,Other,kevin85@example.com,+91-2719672517,India,Kochi,Bronze,2019-03-26
9889,Javier,Fernandez,Female,michael26@example.net,+91-3259675440,India,Visakhapatnam,Bronze,2019-05-14
9890,Richard,Hall,Other,nathan41@example.org,+91-1509890748,India,Hyderabad,Bronze,2017-05-24
9891,Mary,Wood,Other,theresaholmes@example.com,+91-1532574355,India,Coimbatore,Bronze,2022-03-21
9892,Richard,Clark,Male,sdavis@example.com,+91-5404282927,India,Hyderabad,Bronze,2019-05-01
9893,Nicholas,Day,Male,martinronnie@example.net,+91-5089754955,India,Madurai,Silver,2024-11-15
9894,Brian,Williams,Male,sanchezmargaret@example.org,+91-3972185194,India,Vijayawada,Silver,2019-03-18
9895,Jennifer,Taylor,Female,cschmidt@example.org,+91-1148330409,India,Bangalore,Bronze,2016-03-31
9896,Larry,Jones,Male,sarahwilson@example.net,+91-963093700,India,Visakhapatnam,Silver,2024-07-23
9897,Regina,Barajas,Male,fjohnson@example.net,+91-2128374517,India,Chennai,Silver,2018-03-21
9898,Anthony,Johnson,Male,lorozco@example.org,+1-984-441-3791x508,Denmark,Tokyo,Silver,2016-05-16
9899,Meredith,Burgess,Male,stanleychristine@example.org,+91-7059023175,India,Chennai,Bronze,2018-06-13
9900,Chad,Odonnell,Male,michaelfernandez@example.net,+91-8792201104,India,Vijayawada,Gold,2018-11-10
9901,Thomas,Woods,Other,maxmills@example.net,+91-5514269677,India,Vijayawada,Platinum,2016-04-11
9902,Cheryl,Ramirez,Female,yreynolds@example.org,+91-6573784004,India,Visakhapatnam,Bronze,2021-05-08
9903,Melissa,Anderson,Male,plawrence@example.org,+91-7205405253,India,Hyderabad,Gold,2024-12-11
9904,Jennifer,Madden,Female,cooperwendy@example.net,+91-1216360208,India,Visakhapatnam,Gold,2024-01-23
9905,Danielle,Vance,Male,joshua90@example.com,+91-7350634346,India,Visakhapatnam,Bronze,2016-12-07
9906,Troy,Powell,Male,munozjonathan@example.com,929.991.0385x5805,Kenya,Paris,Bronze,2023-10-30
9907,Eugene,Nichols,Other,daviesdanielle@example.net,+91-8342567816,India,Bangalore,Gold,2017-03-22
9908,John,Murphy,Other,morganhale@example.com,001-559-808-8353x9228,Libyan Arab Jamahiriya,New York,Silver,2018-08-30
9909,Sheila,Williams,Male,stephanie20@example.org,+91-2564304987,India,Mysore,Bronze,2020-10-13
9910,Karen,Palmer,Male,andreshawkins@example.org,+91-4363562088,India,Hyderabad,Bronze,2020-09-04
9911,Bonnie,Clarke,Male,bestjeffrey@example.net,419-959-8434x263,Belarus,Toronto,Bronze,2018-05-02
9912,Albert,Holder,Other,ssteele@example.com,+91-1054971670,India,Chennai,Silver,2020-07-04
9913,Virginia,Huerta,Male,sharon11@example.org,+91-2331773119,India,Mysore,Bronze,2025-01-09
9914,Carrie,Singleton,Other,harristimothy@example.com,+91-3999045213,India,Mysore,Platinum,2022-05-18
9915,Brandon,Wilkerson,Female,snorman@example.org,+91-366735280,India,Mysore,Silver,2019-05-18
9916,Kimberly,Decker,Male,larryhall@example.net,+91-3914988241,India,Madurai,Bronze,2018-05-11
9917,Ashley,Ramirez,Female,yoneal@example.com,630-782-8315x3257,Macao,Sydney,Platinum,2017-11-01
9918,Matthew,Ayala,Other,stonejames@example.com,+91-2861754702,India,Hyderabad,Bronze,2019-11-29
9919,Jessica,Cummings,Female,wendy39@example.net,894.201.8636x51768,Morocco,Toronto,Silver,2022-08-27
9920,Wendy,Andersen,Other,chavezbrenda@example.org,+91-5288229697,India,Coimbatore,Bronze,2020-11-27
9921,Eric,Davis,Male,wbradley@example.org,+91-4642033397,India,Coimbatore,Gold,2017-07-02
9922,Ryan,Galvan,Male,gordonmariah@example.net,834-429-0635,Palestinian Territory,Tokyo,Platinum,2017-05-23
9923,Mario,Davis,Male,kingdaryl@example.org,001-490-526-8884,Uganda,Singapore,Gold,2022-08-13
9924,Beth,Brown,Female,robert86@example.com,+91-8228077623,India,Vijayawada,Platinum,2019-06-09
9925,Taylor,Miller,Female,wcarpenter@example.org,+91-9487822544,India,Mysore,Gold,2015-10-22
9926,Morgan,Gonzalez,Male,jonathan87@example.com,+91-1832303866,India,Bangalore,Bronze,2017-12-19
9927,Patricia,Berry,Male,cynthia76@example.org,+91-9191367419,India,Vijayawada,Gold,2015-07-11
9928,Rachel,Miranda,Other,steven10@example.net,+91-2601118543,India,Madurai,Bronze,2024-02-10
9929,Michael,Armstrong,Other,kathryn67@example.com,001-685-736-9092x1782,Guinea-Bissau,Sydney,Bronze,2021-12-03
9930,Scott,Roberts,Other,mcdanielmaurice@example.org,+91-5505974237,India,Coimbatore,Bronze,2019-12-31
9931,Michelle,Montgomery,Male,scottvictor@example.com,9052837358,Singapore,Singapore,Gold,2022-12-18
9932,Chad,James,Male,davisjoseph@example.org,001-512-972-6027x8699,Romania,London,Bronze,2022-02-06
9933,David,Massey,Male,rhart@example.net,+91-2565518112,India,Bangalore,Silver,2024-05-07
9934,Rebecca,Cruz,Other,carneydavid@example.org,+91-1822504800,India,Bangalore,Gold,2024-06-11
9935,Jeanette,Lindsey,Other,rebecca87@example.com,+91-1101801164,India,Kochi,Gold,2021-10-04
9936,Ruben,Thomas,Female,mckeematthew@example.net,+91-710816163,India,Madurai,Silver,2019-11-21
9937,Brandy,Velasquez,Male,salazarchristopher@example.org,528-311-9242x249,Qatar,London,Gold,2022-02-05
9938,Melanie,Ramirez,Other,joshuadavidson@example.com,001-720-658-4104x6978,Eritrea,New York,Gold,2020-05-04
9939,Kelly,Harris,Male,atkinsonkyle@example.com,7876940917,France,Tokyo,Gold,2017-12-22
9940,Thomas,Riley,Female,john11@example.com,+91-2259976197,India,Madurai,Silver,2015-06-06
9941,Jeremy,Clark,Other,stricklandstephen@example.com,+91-5852283768,India,Mysore,Gold,2016-11-11
9942,Robert,Estrada,Male,christineorr@example.org,+91-5696555573,India,Visakhapatnam,Silver,2023-09-09
9943,Stephen,Randall,Female,rachel03@example.com,+91-1351652393,India,Madurai,Silver,2020-06-13
9944,Alexander,Thomas,Other,vfoster@example.com,+91-2113335606,India,Coimbatore,Silver,2020-03-16
9945,Stephen,Burton,Female,matthew10@example.com,+91-5843087559,India,Madurai,Silver,2019-03-16
9946,Alan,Pearson,Female,hkaufman@example.net,+91-7702090019,India,Hyderabad,Platinum,2020-04-29
9947,David,Martin,Male,georgejames@example.com,+91-4771054776,India,Visakhapatnam,Bronze,2018-02-22
9948,Jeffrey,Watson,Male,shanemorrison@example.org,+91-7119739874,India,Vijayawada,Bronze,2023-09-14
9949,Aaron,Hudson,Male,kmunoz@example.net,4415048514,British Virgin Islands,Dubai,Gold,2020-09-11
9950,Angela,Velez,Other,danielle80@example.net,+91-3680070784,India,Madurai,Silver,2018-11-25
9951,Joseph,Morris,Female,ypena@example.com,+91-7574494678,India,Thiruvananthapuram,Bronze,2020-01-13
9952,Rickey,Heath,Female,karen84@example.org,+91-201230635,India,Mysore,Silver,2021-05-21
9953,Heather,Carroll,Male,staceymarquez@example.net,+91-3119460426,India,Thiruvananthapuram,Platinum,2021-04-25
9954,Melanie,Vargas,Other,alexandracrawford@example.org,309-779-6570x1755,Seychelles,Singapore,Silver,2018-01-16
9955,Victor,Benjamin,Male,qreed@example.net,598.974.7394,Bhutan,Tokyo,Silver,2019-07-04
9956,Cody,Buckley,Other,danielsrhonda@example.org,+91-5904885842,India,Chennai,Silver,2019-11-06
9957,Tracy,Freeman,Male,ohanna@example.org,+91-4978142770,India,Visakhapatnam,Bronze,2022-03-19
9958,Joshua,Keller,Other,jamiefoster@example.com,+91-9119023409,India,Chennai,Silver,2019-08-27
9959,Keith,Miranda,Female,gillespiealison@example.com,+91-990388169,India,Mysore,Bronze,2017-11-09
9960,Cody,Vasquez,Male,rwalton@example.com,+91-8529470528,India,Chennai,Bronze,2016-12-05
9961,John,Phillips,Male,kaylamorgan@example.org,+91-2863116710,India,Visakhapatnam,Gold,2016-01-30
9962,James,Smith,Other,nicholas52@example.com,+91-8522675090,India,Mysore,Bronze,2018-02-01
9963,Tamara,Gonzales,Male,karamiles@example.net,+91-4761745408,India,Kochi,Silver,2022-04-30
9964,Steve,Martin,Male,pamelaanderson@example.com,+91-5361764661,India,Mysore,Gold,2024-12-26
9965,Angela,Davis,Female,marybrooks@example.net,+91-8288134299,India,Hyderabad,Bronze,2023-09-14
9966,Johnny,Robinson,Female,cynthia28@example.org,+91-9334595596,India,Visakhapatnam,Bronze,2020-06-30
9967,Dalton,Cruz,Male,apruitt@example.org,(603)468-5689x654,Greece,Dubai,Silver,2017-10-14
9968,Robert,Hubbard,Male,wesleysampson@example.org,991.612.1510,El Salvador,Singapore,Gold,2024-02-17
9969,Gina,Howell,Male,nicholsstephen@example.org,678-883-4513,Saint Kitts and Nevis,Paris,Silver,2021-01-10
9970,Laura,Barry,Other,lisa88@example.org,+91-261850169,India,Madurai,Bronze,2015-06-11
9971,Sarah,Young,Male,scotthudson@example.org,+91-6405826708,India,Vijayawada,Silver,2021-12-28
9972,Donna,Sanchez,Male,nicoleolson@example.org,810.200.0975,South Africa,Singapore,Gold,2023-04-14
9973,Adam,Hatfield,Female,brian74@example.com,+91-4801549438,India,Bangalore,Gold,2018-11-30
9974,Julie,Hall,Female,gadams@example.com,+91-9296996868,India,Thiruvananthapuram,Silver,2016-10-24
9975,Michelle,Berg,Other,johnsonjennifer@example.net,+1-337-364-9126x45100,Australia,New York,Gold,2016-10-08
9976,Brandon,Gomez,Female,amanda01@example.com,+91-4555040729,India,Coimbatore,Silver,2015-07-29
9977,Sean,Smith,Male,jenniferprice@example.com,+91-6565423410,India,Coimbatore,Gold,2022-01-07
9978,David,Smith,Male,hallstacey@example.com,+1-904-976-3507x45603,Tuvalu,New York,Gold,2021-03-26
9979,Pamela,Vaughn,Other,joneskathryn@example.com,+91-4892067135,India,Madurai,Silver,2019-04-03
9980,Michael,Oneill,Other,uprince@example.com,+91-6678592205,India,Visakhapatnam,Silver,2024-05-01
9981,David,Miller,Other,shawnsummers@example.org,+91-5588211821,India,Coimbatore,Bronze,2015-08-14
9982,Deanna,Hudson,Other,jeremy94@example.com,+91-8045361132,India,Mysore,Gold,2021-11-07
9983,Emily,Baldwin,Male,carrolltony@example.org,+91-4429262748,India,Vijayawada,Gold,2016-01-16
9984,Cameron,Chambers,Male,william21@example.org,+91-4852934701,India,Thiruvananthapuram,Silver,2018-07-16
9985,Derek,Scott,Other,adamspaul@example.net,+91-8466754444,India,Mysore,Silver,2023-01-30
9986,Sherry,Underwood,Other,jacksonmartin@example.org,+91-2345257788,India,Kochi,Gold,2020-06-26
9987,Steven,Smith,Female,gilbertdanielle@example.com,+91-9332204301,India,Thiruvananthapuram,Silver,2024-02-12
9988,Tracie,Randall,Female,stevenpierce@example.net,+91-8811084393,India,Vijayawada,Bronze,2020-04-07
9989,Rebecca,Hoover,Female,goodveronica@example.net,+91-4407392706,India,Vijayawada,Gold,2017-03-21
9990,Monica,Morrison,Female,davisdeanna@example.org,+91-307600293,India,Bangalore,Bronze,2016-02-13
9991,Travis,Jones,Other,elizabethhamilton@example.net,+91-1131320890,India,Thiruvananthapuram,Platinum,2019-04-16
9992,John,Myers,Other,johnhernandez@example.org,+91-9262890546,India,Madurai,Gold,2017-02-22
9993,Scott,Payne,Female,andrew20@example.com,+91-6913426686,India,Vijayawada,Gold,2017-01-02
9994,Christopher,Saunders,Male,aliciashort@example.com,770.578.6560x9848,Guyana,Tokyo,Silver,2024-12-05
9995,Tina,Taylor,Female,ashley26@example.org,+91-796365451,India,Thiruvananthapuram,Bronze,2019-05-22
9996,Angelica,Barr,Female,allison31@example.org,+91-9882021692,India,Coimbatore,Silver,2018-09-22
9997,Bryan,Stewart,Other,erin20@example.org,+91-2726207077,India,Thiruvananthapuram,Gold,2024-12-29
9998,Donald,Williams,Other,nicole03@example.net,+91-3964152069,India,Coimbatore,Bronze,2018-06-27
9999,Greg,Rodriguez,Female,monicajohnson@example.org,+91-2871573518,India,Mysore,Platinum,2023-08-27
10000,Joseph,Harrison,Male,sean45@example.net,+91-360249618,India,Bangalore,Gold,2021-02-07
